V1,V2,V3
140,20,-4835
140.06711409396,20,-4730
140.134228187919,20,-4403
140.201342281879,20,-4191
140.268456375839,20,-4397
140.335570469799,20,-4667
140.402684563758,20,-4765
140.469798657718,20,-4784
140.536912751678,20,-4833
140.604026845638,20,-4805
140.671140939597,20,-4726
140.738255033557,20,-4641
140.805369127517,20,-4616
140.872483221477,20,-4673
140.939597315436,20,-4675
141.006711409396,20,-4644
141.073825503356,20,-4625
141.140939597315,20,-4633
141.208053691275,20,-4533
141.275167785235,20,-4570
141.342281879195,20,-4629
141.409395973154,20,-4516
141.476510067114,20,-4458
141.543624161074,20,-4419
141.610738255034,20,-4390
141.677852348993,20,-4381
141.744966442953,20,-4288
141.812080536913,20,-4277
141.879194630872,20,-4186
141.946308724832,20,-4118
142.013422818792,20,-4067
142.080536912752,20,-3974
142.147651006711,20,-3579
142.214765100671,20,-3602
142.281879194631,20,-3566
142.348993288591,20,-3506
142.41610738255,20,-3332
142.48322147651,20,-3154
142.55033557047,20,-2891
142.61744966443,20,-2574
142.684563758389,20,-2271
142.751677852349,20,-1950
142.818791946309,20,-1820
142.885906040268,20,-1838
142.953020134228,20,-2347
143.020134228188,20,-2976
143.087248322148,20,-3355
143.154362416107,20,-3575
143.221476510067,20,-3697
143.288590604027,20,-3709
143.355704697987,20,-3851
143.422818791946,20,-4170
143.489932885906,20,-4111
143.557046979866,20,-3802
143.624161073825,20,-3880
143.691275167785,20,-3691
143.758389261745,20,-3423
143.825503355705,20,-3444
143.892617449664,20,-3835
143.959731543624,20,-4703
144.026845637584,20,-5025
144.093959731544,20,-4783
144.161073825503,20,-4217
144.228187919463,20,-4444
144.295302013423,20,-4317
144.362416107383,20,-3779
144.429530201342,20,-3955
144.496644295302,20,-3813
144.563758389262,20,-3629
144.630872483221,20,-3629
144.697986577181,20,-3619
144.765100671141,20,-3537
144.832214765101,20,-3464
144.89932885906,20,-3363
144.96644295302,20,-3136
145.03355704698,20,-2804
145.10067114094,20,-2286
145.167785234899,20,-1668
145.234899328859,20,-1566
145.302013422819,20,-1932
145.369127516779,20,-2281
145.436241610738,20,-2289
145.503355704698,20,-2241
145.570469798658,20,-2165
145.637583892617,20,-2178
145.704697986577,20,-2235
145.771812080537,20,-2342
145.838926174497,20,-2512
145.906040268456,20,-2809
145.973154362416,20,-3128
146.040268456376,20,-3374
146.107382550336,20,-3182
146.174496644295,20,-3113
146.241610738255,20,-3366
146.308724832215,20,-3532
146.375838926175,20,-3526
146.442953020134,20,-3391
146.510067114094,20,-2539
146.577181208054,20,-2277
146.644295302013,20,-2898
146.711409395973,20,-3755
146.778523489933,20,-3530
146.845637583893,20,-3470
146.912751677852,20,-3548
146.979865771812,20,-3615
147.046979865772,20,-3758
147.114093959732,20,-3732
147.181208053691,20,-4317
147.248322147651,20,-5407
147.315436241611,20,-6773
147.38255033557,20,-7038
147.44966442953,20,-6479
147.51677852349,20,-5387
147.58389261745,20,-4690
147.651006711409,20,-5116
147.718120805369,20,-5511
147.785234899329,20,-5555
147.852348993289,20,-5409
147.919463087248,20,-5391
147.986577181208,20,-5394
148.053691275168,20,-5382
148.120805369128,20,-5435
148.187919463087,20,-5305
148.255033557047,20,-4903
148.322147651007,20,-4703
148.389261744966,20,-4852
148.456375838926,20,-4756
148.523489932886,20,-4257
148.590604026846,20,-3916
148.657718120805,20,-3944
148.724832214765,20,-3598
148.791946308725,20,-2937
148.859060402685,20,-2178
148.926174496644,20,-1935
148.993288590604,20,-2037
149.060402684564,20,-2336
149.127516778523,20,-2671
149.194630872483,20,-3102
149.261744966443,20,-3694
149.328859060403,20,-4362
149.395973154362,20,-4576
149.463087248322,20,-4858
149.530201342282,20,-5081
149.597315436242,20,-5209
149.664429530201,20,-5230
149.731543624161,20,-4684
149.798657718121,20,-4436
149.865771812081,20,-4364
149.93288590604,20,-3520
150,20,-2817
140,19.9328859060403,-4822
140.06711409396,19.9328859060403,-4644
140.134228187919,19.9328859060403,-4465
140.201342281879,19.9328859060403,-4373
140.268456375839,19.9328859060403,-4527
140.335570469799,19.9328859060403,-4693
140.402684563758,19.9328859060403,-4739
140.469798657718,19.9328859060403,-4738
140.536912751678,19.9328859060403,-4801
140.604026845638,19.9328859060403,-4878
140.671140939597,19.9328859060403,-4857
140.738255033557,19.9328859060403,-4693
140.805369127517,19.9328859060403,-4611
140.872483221477,19.9328859060403,-4670
140.939597315436,19.9328859060403,-4695
141.006711409396,19.9328859060403,-4688
141.073825503356,19.9328859060403,-4650
141.140939597315,19.9328859060403,-4657
141.208053691275,19.9328859060403,-4571
141.275167785235,19.9328859060403,-4554
141.342281879195,19.9328859060403,-4599
141.409395973154,19.9328859060403,-4480
141.476510067114,19.9328859060403,-4508
141.543624161074,19.9328859060403,-4489
141.610738255034,19.9328859060403,-4407
141.677852348993,19.9328859060403,-4368
141.744966442953,19.9328859060403,-4337
141.812080536913,19.9328859060403,-4312
141.879194630872,19.9328859060403,-4229
141.946308724832,19.9328859060403,-4157
142.013422818792,19.9328859060403,-4066
142.080536912752,19.9328859060403,-3972
142.147651006711,19.9328859060403,-3816
142.214765100671,19.9328859060403,-3714
142.281879194631,19.9328859060403,-3676
142.348993288591,19.9328859060403,-3581
142.41610738255,19.9328859060403,-3386
142.48322147651,19.9328859060403,-3218
142.55033557047,19.9328859060403,-2946
142.61744966443,19.9328859060403,-2698
142.684563758389,19.9328859060403,-2410
142.751677852349,19.9328859060403,-2131
142.818791946309,19.9328859060403,-1800
142.885906040268,19.9328859060403,-1907
142.953020134228,19.9328859060403,-2290
143.020134228188,19.9328859060403,-3080
143.087248322148,19.9328859060403,-3345
143.154362416107,19.9328859060403,-3706
143.221476510067,19.9328859060403,-3850
143.288590604027,19.9328859060403,-3769
143.355704697987,19.9328859060403,-3667
143.422818791946,19.9328859060403,-3839
143.489932885906,19.9328859060403,-3853
143.557046979866,19.9328859060403,-4017
143.624161073825,19.9328859060403,-4182
143.691275167785,19.9328859060403,-4021
143.758389261745,19.9328859060403,-3583
143.825503355705,19.9328859060403,-3229
143.892617449664,19.9328859060403,-3566
143.959731543624,19.9328859060403,-4191
144.026845637584,19.9328859060403,-4464
144.093959731544,19.9328859060403,-4454
144.161073825503,19.9328859060403,-4446
144.228187919463,19.9328859060403,-4437
144.295302013423,19.9328859060403,-4474
144.362416107383,19.9328859060403,-4183
144.429530201342,19.9328859060403,-3869
144.496644295302,19.9328859060403,-3907
144.563758389262,19.9328859060403,-3593
144.630872483221,19.9328859060403,-3558
144.697986577181,19.9328859060403,-3623
144.765100671141,19.9328859060403,-3555
144.832214765101,19.9328859060403,-3450
144.89932885906,19.9328859060403,-3374
144.96644295302,19.9328859060403,-3202
145.03355704698,19.9328859060403,-2903
145.10067114094,19.9328859060403,-2627
145.167785234899,19.9328859060403,-2485
145.234899328859,19.9328859060403,-2537
145.302013422819,19.9328859060403,-2460
145.369127516779,19.9328859060403,-2530
145.436241610738,19.9328859060403,-2500
145.503355704698,19.9328859060403,-2464
145.570469798658,19.9328859060403,-2332
145.637583892617,19.9328859060403,-2177
145.704697986577,19.9328859060403,-2182
145.771812080537,19.9328859060403,-2260
145.838926174497,19.9328859060403,-2421
145.906040268456,19.9328859060403,-2841
145.973154362416,19.9328859060403,-3198
146.040268456376,19.9328859060403,-3247
146.107382550336,19.9328859060403,-3181
146.174496644295,19.9328859060403,-3331
146.241610738255,19.9328859060403,-3536
146.308724832215,19.9328859060403,-3642
146.375838926175,19.9328859060403,-3667
146.442953020134,19.9328859060403,-3419
146.510067114094,19.9328859060403,-2699
146.577181208054,19.9328859060403,-2524
146.644295302013,19.9328859060403,-2991
146.711409395973,19.9328859060403,-3406
146.778523489933,19.9328859060403,-3729
146.845637583893,19.9328859060403,-4081
146.912751677852,19.9328859060403,-3751
146.979865771812,19.9328859060403,-3629
147.046979865772,19.9328859060403,-3740
147.114093959732,19.9328859060403,-3752
147.181208053691,19.9328859060403,-4026
147.248322147651,19.9328859060403,-4930
147.315436241611,19.9328859060403,-6230
147.38255033557,19.9328859060403,-6894
147.44966442953,19.9328859060403,-6831
147.51677852349,19.9328859060403,-6271
147.58389261745,19.9328859060403,-5733
147.651006711409,19.9328859060403,-5815
147.718120805369,19.9328859060403,-5989
147.785234899329,19.9328859060403,-5801
147.852348993289,19.9328859060403,-5515
147.919463087248,19.9328859060403,-5418
147.986577181208,19.9328859060403,-5407
148.053691275168,19.9328859060403,-5383
148.120805369128,19.9328859060403,-5366
148.187919463087,19.9328859060403,-5245
148.255033557047,19.9328859060403,-4877
148.322147651007,19.9328859060403,-4494
148.389261744966,19.9328859060403,-4215
148.456375838926,19.9328859060403,-3627
148.523489932886,19.9328859060403,-2799
148.590604026846,19.9328859060403,-2437
148.657718120805,19.9328859060403,-2615
148.724832214765,19.9328859060403,-2711
148.791946308725,19.9328859060403,-2398
148.859060402685,19.9328859060403,-1898
148.926174496644,19.9328859060403,-1782
148.993288590604,19.9328859060403,-1840
149.060402684564,19.9328859060403,-1950
149.127516778523,19.9328859060403,-2567
149.194630872483,19.9328859060403,-3506
149.261744966443,19.9328859060403,-3931
149.328859060403,19.9328859060403,-4237
149.395973154362,19.9328859060403,-4160
149.463087248322,19.9328859060403,-4640
149.530201342282,19.9328859060403,-5260
149.597315436242,19.9328859060403,-5475
149.664429530201,19.9328859060403,-5337
149.731543624161,19.9328859060403,-4825
149.798657718121,19.9328859060403,-4862
149.865771812081,19.9328859060403,-4643
149.93288590604,19.9328859060403,-3713
150,19.9328859060403,-3188
140,19.8657718120805,-4571
140.06711409396,19.8657718120805,-4562
140.134228187919,19.8657718120805,-4619
140.201342281879,19.8657718120805,-4687
140.268456375839,19.8657718120805,-4725
140.335570469799,19.8657718120805,-4751
140.402684563758,19.8657718120805,-4751
140.469798657718,19.8657718120805,-4658
140.536912751678,19.8657718120805,-4739
140.604026845638,19.8657718120805,-4782
140.671140939597,19.8657718120805,-4788
140.738255033557,19.8657718120805,-4667
140.805369127517,19.8657718120805,-4621
140.872483221477,19.8657718120805,-4686
140.939597315436,19.8657718120805,-4689
141.006711409396,19.8657718120805,-4685
141.073825503356,19.8657718120805,-4676
141.140939597315,19.8657718120805,-4664
141.208053691275,19.8657718120805,-4616
141.275167785235,19.8657718120805,-4541
141.342281879195,19.8657718120805,-4540
141.409395973154,19.8657718120805,-4475
141.476510067114,19.8657718120805,-4523
141.543624161074,19.8657718120805,-4477
141.610738255034,19.8657718120805,-4426
141.677852348993,19.8657718120805,-4342
141.744966442953,19.8657718120805,-4320
141.812080536913,19.8657718120805,-4277
141.879194630872,19.8657718120805,-4225
141.946308724832,19.8657718120805,-4157
142.013422818792,19.8657718120805,-4045
142.080536912752,19.8657718120805,-4011
142.147651006711,19.8657718120805,-3901
142.214765100671,19.8657718120805,-3822
142.281879194631,19.8657718120805,-3765
142.348993288591,19.8657718120805,-3672
142.41610738255,19.8657718120805,-3493
142.48322147651,19.8657718120805,-3310
142.55033557047,19.8657718120805,-3075
142.61744966443,19.8657718120805,-2783
142.684563758389,19.8657718120805,-2419
142.751677852349,19.8657718120805,-1932
142.818791946309,19.8657718120805,-1858
142.885906040268,19.8657718120805,-1955
142.953020134228,19.8657718120805,-2108
143.020134228188,19.8657718120805,-3261
143.087248322148,19.8657718120805,-3475
143.154362416107,19.8657718120805,-3837
143.221476510067,19.8657718120805,-3945
143.288590604027,19.8657718120805,-3847
143.355704697987,19.8657718120805,-3756
143.422818791946,19.8657718120805,-3903
143.489932885906,19.8657718120805,-3963
143.557046979866,19.8657718120805,-4061
143.624161073825,19.8657718120805,-4238
143.691275167785,19.8657718120805,-4116
143.758389261745,19.8657718120805,-3674
143.825503355705,19.8657718120805,-3267
143.892617449664,19.8657718120805,-3487
143.959731543624,19.8657718120805,-3934
144.026845637584,19.8657718120805,-4177
144.093959731544,19.8657718120805,-3735
144.161073825503,19.8657718120805,-3909
144.228187919463,19.8657718120805,-4249
144.295302013423,19.8657718120805,-4430
144.362416107383,19.8657718120805,-4266
144.429530201342,19.8657718120805,-3775
144.496644295302,19.8657718120805,-3874
144.563758389262,19.8657718120805,-3531
144.630872483221,19.8657718120805,-3535
144.697986577181,19.8657718120805,-3647
144.765100671141,19.8657718120805,-3614
144.832214765101,19.8657718120805,-3468
144.89932885906,19.8657718120805,-3382
144.96644295302,19.8657718120805,-3209
145.03355704698,19.8657718120805,-3019
145.10067114094,19.8657718120805,-2880
145.167785234899,19.8657718120805,-2887
145.234899328859,19.8657718120805,-2954
145.302013422819,19.8657718120805,-2758
145.369127516779,19.8657718120805,-2488
145.436241610738,19.8657718120805,-2417
145.503355704698,19.8657718120805,-2415
145.570469798658,19.8657718120805,-2250
145.637583892617,19.8657718120805,-2131
145.704697986577,19.8657718120805,-2206
145.771812080537,19.8657718120805,-2283
145.838926174497,19.8657718120805,-2352
145.906040268456,19.8657718120805,-2659
145.973154362416,19.8657718120805,-2967
146.040268456376,19.8657718120805,-3014
146.107382550336,19.8657718120805,-3268
146.174496644295,19.8657718120805,-3662
146.241610738255,19.8657718120805,-3856
146.308724832215,19.8657718120805,-3946
146.375838926175,19.8657718120805,-3980
146.442953020134,19.8657718120805,-3871
146.510067114094,19.8657718120805,-3514
146.577181208054,19.8657718120805,-3363
146.644295302013,19.8657718120805,-3577
146.711409395973,19.8657718120805,-3727
146.778523489933,19.8657718120805,-3851
146.845637583893,19.8657718120805,-3837
146.912751677852,19.8657718120805,-4013
146.979865771812,19.8657718120805,-4359
147.046979865772,19.8657718120805,-3933
147.114093959732,19.8657718120805,-3976
147.181208053691,19.8657718120805,-4258
147.248322147651,19.8657718120805,-4928
147.315436241611,19.8657718120805,-5754
147.38255033557,19.8657718120805,-6464
147.44966442953,19.8657718120805,-6898
147.51677852349,19.8657718120805,-6821
147.58389261745,19.8657718120805,-6375
147.651006711409,19.8657718120805,-6085
147.718120805369,19.8657718120805,-6029
147.785234899329,19.8657718120805,-5786
147.852348993289,19.8657718120805,-5454
147.919463087248,19.8657718120805,-5350
147.986577181208,19.8657718120805,-5375
148.053691275168,19.8657718120805,-5381
148.120805369128,19.8657718120805,-5338
148.187919463087,19.8657718120805,-5278
148.255033557047,19.8657718120805,-5091
148.322147651007,19.8657718120805,-4716
148.389261744966,19.8657718120805,-3987
148.456375838926,19.8657718120805,-2654
148.523489932886,19.8657718120805,-1479
148.590604026846,19.8657718120805,-1342
148.657718120805,19.8657718120805,-1719
148.724832214765,19.8657718120805,-1839
148.791946308725,19.8657718120805,-1799
148.859060402685,19.8657718120805,-1756
148.926174496644,19.8657718120805,-1700
148.993288590604,19.8657718120805,-1747
149.060402684564,19.8657718120805,-1832
149.127516778523,19.8657718120805,-2183
149.194630872483,19.8657718120805,-3006
149.261744966443,19.8657718120805,-3927
149.328859060403,19.8657718120805,-3813
149.395973154362,19.8657718120805,-3598
149.463087248322,19.8657718120805,-4303
149.530201342282,19.8657718120805,-5230
149.597315436242,19.8657718120805,-5516
149.664429530201,19.8657718120805,-5397
149.731543624161,19.8657718120805,-5093
149.798657718121,19.8657718120805,-5054
149.865771812081,19.8657718120805,-4913
149.93288590604,19.8657718120805,-4317
150,19.8657718120805,-3569
140,19.7986577181208,-4535
140.06711409396,19.7986577181208,-4694
140.134228187919,19.7986577181208,-4895
140.201342281879,19.7986577181208,-4888
140.268456375839,19.7986577181208,-4830
140.335570469799,19.7986577181208,-4819
140.402684563758,19.7986577181208,-4777
140.469798657718,19.7986577181208,-4717
140.536912751678,19.7986577181208,-4760
140.604026845638,19.7986577181208,-4777
140.671140939597,19.7986577181208,-4704
140.738255033557,19.7986577181208,-4595
140.805369127517,19.7986577181208,-4584
140.872483221477,19.7986577181208,-4672
140.939597315436,19.7986577181208,-4698
141.006711409396,19.7986577181208,-4673
141.073825503356,19.7986577181208,-4693
141.140939597315,19.7986577181208,-4767
141.208053691275,19.7986577181208,-4627
141.275167785235,19.7986577181208,-4522
141.342281879195,19.7986577181208,-4518
141.409395973154,19.7986577181208,-4512
141.476510067114,19.7986577181208,-4482
141.543624161074,19.7986577181208,-4436
141.610738255034,19.7986577181208,-4432
141.677852348993,19.7986577181208,-4348
141.744966442953,19.7986577181208,-4314
141.812080536913,19.7986577181208,-4266
141.879194630872,19.7986577181208,-4221
141.946308724832,19.7986577181208,-4173
142.013422818792,19.7986577181208,-4102
142.080536912752,19.7986577181208,-4033
142.147651006711,19.7986577181208,-3823
142.214765100671,19.7986577181208,-3697
142.281879194631,19.7986577181208,-3748
142.348993288591,19.7986577181208,-3702
142.41610738255,19.7986577181208,-3571
142.48322147651,19.7986577181208,-3370
142.55033557047,19.7986577181208,-3011
142.61744966443,19.7986577181208,-2592
142.684563758389,19.7986577181208,-2259
142.751677852349,19.7986577181208,-2030
142.818791946309,19.7986577181208,-2208
142.885906040268,19.7986577181208,-2232
142.953020134228,19.7986577181208,-2297
143.020134228188,19.7986577181208,-3029
143.087248322148,19.7986577181208,-3556
143.154362416107,19.7986577181208,-3900
143.221476510067,19.7986577181208,-4030
143.288590604027,19.7986577181208,-3982
143.355704697987,19.7986577181208,-3920
143.422818791946,19.7986577181208,-4131
143.489932885906,19.7986577181208,-4195
143.557046979866,19.7986577181208,-3893
143.624161073825,19.7986577181208,-3736
143.691275167785,19.7986577181208,-3804
143.758389261745,19.7986577181208,-3762
143.825503355705,19.7986577181208,-3477
143.892617449664,19.7986577181208,-3305
143.959731543624,19.7986577181208,-3694
144.026845637584,19.7986577181208,-3980
144.093959731544,19.7986577181208,-3415
144.161073825503,19.7986577181208,-3381
144.228187919463,19.7986577181208,-3645
144.295302013423,19.7986577181208,-4037
144.362416107383,19.7986577181208,-4085
144.429530201342,19.7986577181208,-3732
144.496644295302,19.7986577181208,-3795
144.563758389262,19.7986577181208,-3525
144.630872483221,19.7986577181208,-3376
144.697986577181,19.7986577181208,-3544
144.765100671141,19.7986577181208,-3601
144.832214765101,19.7986577181208,-3528
144.89932885906,19.7986577181208,-3383
144.96644295302,19.7986577181208,-3215
145.03355704698,19.7986577181208,-3192
145.10067114094,19.7986577181208,-3150
145.167785234899,19.7986577181208,-3041
145.234899328859,19.7986577181208,-2867
145.302013422819,19.7986577181208,-2302
145.369127516779,19.7986577181208,-1348
145.436241610738,19.7986577181208,-1448
145.503355704698,19.7986577181208,-2110
145.570469798658,19.7986577181208,-2143
145.637583892617,19.7986577181208,-2084
145.704697986577,19.7986577181208,-2204
145.771812080537,19.7986577181208,-2237
145.838926174497,19.7986577181208,-2345
145.906040268456,19.7986577181208,-2594
145.973154362416,19.7986577181208,-2772
146.040268456376,19.7986577181208,-2919
146.107382550336,19.7986577181208,-3408
146.174496644295,19.7986577181208,-3833
146.241610738255,19.7986577181208,-4008
146.308724832215,19.7986577181208,-4081
146.375838926175,19.7986577181208,-4101
146.442953020134,19.7986577181208,-4132
146.510067114094,19.7986577181208,-3926
146.577181208054,19.7986577181208,-3716
146.644295302013,19.7986577181208,-3902
146.711409395973,19.7986577181208,-3865
146.778523489933,19.7986577181208,-3597
146.845637583893,19.7986577181208,-3794
146.912751677852,19.7986577181208,-4661
146.979865771812,19.7986577181208,-5295
147.046979865772,19.7986577181208,-4313
147.114093959732,19.7986577181208,-4067
147.181208053691,19.7986577181208,-4375
147.248322147651,19.7986577181208,-4795
147.315436241611,19.7986577181208,-5523
147.38255033557,19.7986577181208,-6208
147.44966442953,19.7986577181208,-6646
147.51677852349,19.7986577181208,-6731
147.58389261745,19.7986577181208,-6373
147.651006711409,19.7986577181208,-6055
147.718120805369,19.7986577181208,-5930
147.785234899329,19.7986577181208,-5605
147.852348993289,19.7986577181208,-5193
147.919463087248,19.7986577181208,-4998
147.986577181208,19.7986577181208,-4952
148.053691275168,19.7986577181208,-4940
148.120805369128,19.7986577181208,-5066
148.187919463087,19.7986577181208,-5197
148.255033557047,19.7986577181208,-5212
148.322147651007,19.7986577181208,-5107
148.389261744966,19.7986577181208,-4543
148.456375838926,19.7986577181208,-3091
148.523489932886,19.7986577181208,-1845
148.590604026846,19.7986577181208,-1732
148.657718120805,19.7986577181208,-2050
148.724832214765,19.7986577181208,-1901
148.791946308725,19.7986577181208,-1773
148.859060402685,19.7986577181208,-1786
148.926174496644,19.7986577181208,-1755
148.993288590604,19.7986577181208,-1748
149.060402684564,19.7986577181208,-1786
149.127516778523,19.7986577181208,-1815
149.194630872483,19.7986577181208,-2371
149.261744966443,19.7986577181208,-3444
149.328859060403,19.7986577181208,-3839
149.395973154362,19.7986577181208,-3928
149.463087248322,19.7986577181208,-4673
149.530201342282,19.7986577181208,-5444
149.597315436242,19.7986577181208,-5517
149.664429530201,19.7986577181208,-5404
149.731543624161,19.7986577181208,-5235
149.798657718121,19.7986577181208,-5199
149.865771812081,19.7986577181208,-5083
149.93288590604,19.7986577181208,-4690
150,19.7986577181208,-3938
140,19.7315436241611,-4632
140.06711409396,19.7315436241611,-4992
140.134228187919,19.7315436241611,-4986
140.201342281879,19.7315436241611,-4788
140.268456375839,19.7315436241611,-4706
140.335570469799,19.7315436241611,-4755
140.402684563758,19.7315436241611,-4771
140.469798657718,19.7315436241611,-4769
140.536912751678,19.7315436241611,-4841
140.604026845638,19.7315436241611,-4892
140.671140939597,19.7315436241611,-4801
140.738255033557,19.7315436241611,-4703
140.805369127517,19.7315436241611,-4631
140.872483221477,19.7315436241611,-4669
140.939597315436,19.7315436241611,-4711
141.006711409396,19.7315436241611,-4687
141.073825503356,19.7315436241611,-4743
141.140939597315,19.7315436241611,-4738
141.208053691275,19.7315436241611,-4621
141.275167785235,19.7315436241611,-4577
141.342281879195,19.7315436241611,-4549
141.409395973154,19.7315436241611,-4549
141.476510067114,19.7315436241611,-4507
141.543624161074,19.7315436241611,-4447
141.610738255034,19.7315436241611,-4456
141.677852348993,19.7315436241611,-4393
141.744966442953,19.7315436241611,-4333
141.812080536913,19.7315436241611,-4283
141.879194630872,19.7315436241611,-4243
141.946308724832,19.7315436241611,-4195
142.013422818792,19.7315436241611,-4151
142.080536912752,19.7315436241611,-4054
142.147651006711,19.7315436241611,-3632
142.214765100671,19.7315436241611,-3592
142.281879194631,19.7315436241611,-3852
142.348993288591,19.7315436241611,-3819
142.41610738255,19.7315436241611,-3684
142.48322147651,19.7315436241611,-3353
142.55033557047,19.7315436241611,-2561
142.61744966443,19.7315436241611,-1866
142.684563758389,19.7315436241611,-1813
142.751677852349,19.7315436241611,-1969
142.818791946309,19.7315436241611,-2476
142.885906040268,19.7315436241611,-2768
142.953020134228,19.7315436241611,-2894
143.020134228188,19.7315436241611,-2947
143.087248322148,19.7315436241611,-3373
143.154362416107,19.7315436241611,-3836
143.221476510067,19.7315436241611,-4254
143.288590604027,19.7315436241611,-4214
143.355704697987,19.7315436241611,-4019
143.422818791946,19.7315436241611,-4035
143.489932885906,19.7315436241611,-4092
143.557046979866,19.7315436241611,-3737
143.624161073825,19.7315436241611,-3498
143.691275167785,19.7315436241611,-3571
143.758389261745,19.7315436241611,-3846
143.825503355705,19.7315436241611,-3876
143.892617449664,19.7315436241611,-3583
143.959731543624,19.7315436241611,-3480
144.026845637584,19.7315436241611,-3440
144.093959731544,19.7315436241611,-3247
144.161073825503,19.7315436241611,-3227
144.228187919463,19.7315436241611,-3411
144.295302013423,19.7315436241611,-3638
144.362416107383,19.7315436241611,-3701
144.429530201342,19.7315436241611,-3463
144.496644295302,19.7315436241611,-3747
144.563758389262,19.7315436241611,-3673
144.630872483221,19.7315436241611,-3498
144.697986577181,19.7315436241611,-3526
144.765100671141,19.7315436241611,-3567
144.832214765101,19.7315436241611,-3430
144.89932885906,19.7315436241611,-3309
144.96644295302,19.7315436241611,-3221
145.03355704698,19.7315436241611,-3246
145.10067114094,19.7315436241611,-3213
145.167785234899,19.7315436241611,-3096
145.234899328859,19.7315436241611,-2785
145.302013422819,19.7315436241611,-1759
145.369127516779,19.7315436241611,-290
145.436241610738,19.7315436241611,-483
145.503355704698,19.7315436241611,-2022
145.570469798658,19.7315436241611,-2248
145.637583892617,19.7315436241611,-2226
145.704697986577,19.7315436241611,-2271
145.771812080537,19.7315436241611,-2103
145.838926174497,19.7315436241611,-2236
145.906040268456,19.7315436241611,-2466
145.973154362416,19.7315436241611,-2706
146.040268456376,19.7315436241611,-2980
146.107382550336,19.7315436241611,-3476
146.174496644295,19.7315436241611,-3704
146.241610738255,19.7315436241611,-3803
146.308724832215,19.7315436241611,-4001
146.375838926175,19.7315436241611,-4122
146.442953020134,19.7315436241611,-4179
146.510067114094,19.7315436241611,-4195
146.577181208054,19.7315436241611,-4305
146.644295302013,19.7315436241611,-4298
146.711409395973,19.7315436241611,-3770
146.778523489933,19.7315436241611,-3711
146.845637583893,19.7315436241611,-4286
146.912751677852,19.7315436241611,-5192
146.979865771812,19.7315436241611,-5820
147.046979865772,19.7315436241611,-4884
147.114093959732,19.7315436241611,-4249
147.181208053691,19.7315436241611,-4462
147.248322147651,19.7315436241611,-4795
147.315436241611,19.7315436241611,-4853
147.38255033557,19.7315436241611,-5582
147.44966442953,19.7315436241611,-6180
147.51677852349,19.7315436241611,-6315
147.58389261745,19.7315436241611,-5912
147.651006711409,19.7315436241611,-5339
147.718120805369,19.7315436241611,-5252
147.785234899329,19.7315436241611,-5013
147.852348993289,19.7315436241611,-4523
147.919463087248,19.7315436241611,-4222
147.986577181208,19.7315436241611,-4059
148.053691275168,19.7315436241611,-3912
148.120805369128,19.7315436241611,-4284
148.187919463087,19.7315436241611,-4834
148.255033557047,19.7315436241611,-5151
148.322147651007,19.7315436241611,-5354
148.389261744966,19.7315436241611,-5288
148.456375838926,19.7315436241611,-4429
148.523489932886,19.7315436241611,-3557
148.590604026846,19.7315436241611,-3162
148.657718120805,19.7315436241611,-3271
148.724832214765,19.7315436241611,-3176
148.791946308725,19.7315436241611,-2698
148.859060402685,19.7315436241611,-2092
148.926174496644,19.7315436241611,-1831
148.993288590604,19.7315436241611,-1821
149.060402684564,19.7315436241611,-1822
149.127516778523,19.7315436241611,-1853
149.194630872483,19.7315436241611,-2089
149.261744966443,19.7315436241611,-2792
149.328859060403,19.7315436241611,-3942
149.395973154362,19.7315436241611,-4783
149.463087248322,19.7315436241611,-5292
149.530201342282,19.7315436241611,-5513
149.597315436242,19.7315436241611,-5560
149.664429530201,19.7315436241611,-5476
149.731543624161,19.7315436241611,-5329
149.798657718121,19.7315436241611,-5311
149.865771812081,19.7315436241611,-5174
149.93288590604,19.7315436241611,-5040
150,19.7315436241611,-4872
140,19.6644295302013,-4915
140.06711409396,19.6644295302013,-4941
140.134228187919,19.6644295302013,-4684
140.201342281879,19.6644295302013,-4502
140.268456375839,19.6644295302013,-4465
140.335570469799,19.6644295302013,-4591
140.402684563758,19.6644295302013,-4738
140.469798657718,19.6644295302013,-4765
140.536912751678,19.6644295302013,-4853
140.604026845638,19.6644295302013,-4899
140.671140939597,19.6644295302013,-4852
140.738255033557,19.6644295302013,-4842
140.805369127517,19.6644295302013,-4732
140.872483221477,19.6644295302013,-4687
140.939597315436,19.6644295302013,-4683
141.006711409396,19.6644295302013,-4659
141.073825503356,19.6644295302013,-4770
141.140939597315,19.6644295302013,-4760
141.208053691275,19.6644295302013,-4660
141.275167785235,19.6644295302013,-4600
141.342281879195,19.6644295302013,-4549
141.409395973154,19.6644295302013,-4572
141.476510067114,19.6644295302013,-4528
141.543624161074,19.6644295302013,-4443
141.610738255034,19.6644295302013,-4463
141.677852348993,19.6644295302013,-4418
141.744966442953,19.6644295302013,-4335
141.812080536913,19.6644295302013,-4305
141.879194630872,19.6644295302013,-4256
141.946308724832,19.6644295302013,-4212
142.013422818792,19.6644295302013,-4183
142.080536912752,19.6644295302013,-4123
142.147651006711,19.6644295302013,-4014
142.214765100671,19.6644295302013,-3977
142.281879194631,19.6644295302013,-3907
142.348993288591,19.6644295302013,-3879
142.41610738255,19.6644295302013,-3672
142.48322147651,19.6644295302013,-3169
142.55033557047,19.6644295302013,-2210
142.61744966443,19.6644295302013,-1820
142.684563758389,19.6644295302013,-1993
142.751677852349,19.6644295302013,-2247
142.818791946309,19.6644295302013,-2414
142.885906040268,19.6644295302013,-2841
142.953020134228,19.6644295302013,-3253
143.020134228188,19.6644295302013,-3156
143.087248322148,19.6644295302013,-3225
143.154362416107,19.6644295302013,-3491
143.221476510067,19.6644295302013,-4319
143.288590604027,19.6644295302013,-4416
143.355704697987,19.6644295302013,-4169
143.422818791946,19.6644295302013,-3902
143.489932885906,19.6644295302013,-4184
143.557046979866,19.6644295302013,-3893
143.624161073825,19.6644295302013,-3778
143.691275167785,19.6644295302013,-3726
143.758389261745,19.6644295302013,-3930
143.825503355705,19.6644295302013,-4221
143.892617449664,19.6644295302013,-3930
143.959731543624,19.6644295302013,-3471
144.026845637584,19.6644295302013,-3311
144.093959731544,19.6644295302013,-3374
144.161073825503,19.6644295302013,-3419
144.228187919463,19.6644295302013,-3323
144.295302013423,19.6644295302013,-3427
144.362416107383,19.6644295302013,-3575
144.429530201342,19.6644295302013,-3477
144.496644295302,19.6644295302013,-3521
144.563758389262,19.6644295302013,-3710
144.630872483221,19.6644295302013,-3548
144.697986577181,19.6644295302013,-3398
144.765100671141,19.6644295302013,-3401
144.832214765101,19.6644295302013,-3294
144.89932885906,19.6644295302013,-3287
144.96644295302,19.6644295302013,-3338
145.03355704698,19.6644295302013,-3326
145.10067114094,19.6644295302013,-3226
145.167785234899,19.6644295302013,-3139
145.234899328859,19.6644295302013,-2887
145.302013422819,19.6644295302013,-2180
145.369127516779,19.6644295302013,-1457
145.436241610738,19.6644295302013,-1695
145.503355704698,19.6644295302013,-2539
145.570469798658,19.6644295302013,-2375
145.637583892617,19.6644295302013,-2199
145.704697986577,19.6644295302013,-2217
145.771812080537,19.6644295302013,-2083
145.838926174497,19.6644295302013,-2139
145.906040268456,19.6644295302013,-2249
145.973154362416,19.6644295302013,-2617
146.040268456376,19.6644295302013,-3012
146.107382550336,19.6644295302013,-3348
146.174496644295,19.6644295302013,-3443
146.241610738255,19.6644295302013,-3563
146.308724832215,19.6644295302013,-3866
146.375838926175,19.6644295302013,-4087
146.442953020134,19.6644295302013,-4238
146.510067114094,19.6644295302013,-4429
146.577181208054,19.6644295302013,-4376
146.644295302013,19.6644295302013,-4142
146.711409395973,19.6644295302013,-4181
146.778523489933,19.6644295302013,-4509
146.845637583893,19.6644295302013,-5243
146.912751677852,19.6644295302013,-5683
146.979865771812,19.6644295302013,-5932
147.046979865772,19.6644295302013,-5656
147.114093959732,19.6644295302013,-4651
147.181208053691,19.6644295302013,-4519
147.248322147651,19.6644295302013,-4547
147.315436241611,19.6644295302013,-4524
147.38255033557,19.6644295302013,-5276
147.44966442953,19.6644295302013,-6138
147.51677852349,19.6644295302013,-6227
147.58389261745,19.6644295302013,-5539
147.651006711409,19.6644295302013,-4182
147.718120805369,19.6644295302013,-3879
147.785234899329,19.6644295302013,-3867
147.852348993289,19.6644295302013,-3580
147.919463087248,19.6644295302013,-3464
147.986577181208,19.6644295302013,-3379
148.053691275168,19.6644295302013,-3561
148.120805369128,19.6644295302013,-3969
148.187919463087,19.6644295302013,-4442
148.255033557047,19.6644295302013,-4935
148.322147651007,19.6644295302013,-5329
148.389261744966,19.6644295302013,-5485
148.456375838926,19.6644295302013,-5193
148.523489932886,19.6644295302013,-4654
148.590604026846,19.6644295302013,-4338
148.657718120805,19.6644295302013,-4322
148.724832214765,19.6644295302013,-4345
148.791946308725,19.6644295302013,-3896
148.859060402685,19.6644295302013,-2887
148.926174496644,19.6644295302013,-2572
148.993288590604,19.6644295302013,-2272
149.060402684564,19.6644295302013,-1954
149.127516778523,19.6644295302013,-1877
149.194630872483,19.6644295302013,-1914
149.261744966443,19.6644295302013,-2220
149.328859060403,19.6644295302013,-3211
149.395973154362,19.6644295302013,-4500
149.463087248322,19.6644295302013,-5242
149.530201342282,19.6644295302013,-5470
149.597315436242,19.6644295302013,-5549
149.664429530201,19.6644295302013,-5515
149.731543624161,19.6644295302013,-5414
149.798657718121,19.6644295302013,-5331
149.865771812081,19.6644295302013,-5249
149.93288590604,19.6644295302013,-5296
150,19.6644295302013,-5532
140,19.5973154362416,-5090
140.06711409396,19.5973154362416,-4759
140.134228187919,19.5973154362416,-4398
140.201342281879,19.5973154362416,-4375
140.268456375839,19.5973154362416,-4387
140.335570469799,19.5973154362416,-4420
140.402684563758,19.5973154362416,-4617
140.469798657718,19.5973154362416,-4750
140.536912751678,19.5973154362416,-4800
140.604026845638,19.5973154362416,-4823
140.671140939597,19.5973154362416,-4807
140.738255033557,19.5973154362416,-4868
140.805369127517,19.5973154362416,-4834
140.872483221477,19.5973154362416,-4703
140.939597315436,19.5973154362416,-4655
141.006711409396,19.5973154362416,-4649
141.073825503356,19.5973154362416,-4736
141.140939597315,19.5973154362416,-4726
141.208053691275,19.5973154362416,-4690
141.275167785235,19.5973154362416,-4617
141.342281879195,19.5973154362416,-4595
141.409395973154,19.5973154362416,-4591
141.476510067114,19.5973154362416,-4526
141.543624161074,19.5973154362416,-4430
141.610738255034,19.5973154362416,-4408
141.677852348993,19.5973154362416,-4418
141.744966442953,19.5973154362416,-4338
141.812080536913,19.5973154362416,-4316
141.879194630872,19.5973154362416,-4276
141.946308724832,19.5973154362416,-4256
142.013422818792,19.5973154362416,-4229
142.080536912752,19.5973154362416,-4160
142.147651006711,19.5973154362416,-4120
142.214765100671,19.5973154362416,-4042
142.281879194631,19.5973154362416,-3974
142.348993288591,19.5973154362416,-3915
142.41610738255,19.5973154362416,-3551
142.48322147651,19.5973154362416,-2737
142.55033557047,19.5973154362416,-2173
142.61744966443,19.5973154362416,-2143
142.684563758389,19.5973154362416,-2259
142.751677852349,19.5973154362416,-2367
142.818791946309,19.5973154362416,-2263
142.885906040268,19.5973154362416,-2589
142.953020134228,19.5973154362416,-3187
143.020134228188,19.5973154362416,-3375
143.087248322148,19.5973154362416,-3352
143.154362416107,19.5973154362416,-3261
143.221476510067,19.5973154362416,-4168
143.288590604027,19.5973154362416,-4544
143.355704697987,19.5973154362416,-4315
143.422818791946,19.5973154362416,-4052
143.489932885906,19.5973154362416,-4184
143.557046979866,19.5973154362416,-3995
143.624161073825,19.5973154362416,-3958
143.691275167785,19.5973154362416,-3839
143.758389261745,19.5973154362416,-3928
143.825503355705,19.5973154362416,-4401
143.892617449664,19.5973154362416,-4256
143.959731543624,19.5973154362416,-3611
144.026845637584,19.5973154362416,-3310
144.093959731544,19.5973154362416,-3431
144.161073825503,19.5973154362416,-3545
144.228187919463,19.5973154362416,-3337
144.295302013423,19.5973154362416,-3350
144.362416107383,19.5973154362416,-3740
144.429530201342,19.5973154362416,-4053
144.496644295302,19.5973154362416,-3538
144.563758389262,19.5973154362416,-3615
144.630872483221,19.5973154362416,-3508
144.697986577181,19.5973154362416,-3392
144.765100671141,19.5973154362416,-3411
144.832214765101,19.5973154362416,-3331
144.89932885906,19.5973154362416,-3320
144.96644295302,19.5973154362416,-3413
145.03355704698,19.5973154362416,-3359
145.10067114094,19.5973154362416,-3250
145.167785234899,19.5973154362416,-3195
145.234899328859,19.5973154362416,-3103
145.302013422819,19.5973154362416,-2853
145.369127516779,19.5973154362416,-2637
145.436241610738,19.5973154362416,-2674
145.503355704698,19.5973154362416,-2675
145.570469798658,19.5973154362416,-2405
145.637583892617,19.5973154362416,-2155
145.704697986577,19.5973154362416,-2137
145.771812080537,19.5973154362416,-2087
145.838926174497,19.5973154362416,-2080
145.906040268456,19.5973154362416,-2177
145.973154362416,19.5973154362416,-2502
146.040268456376,19.5973154362416,-2847
146.107382550336,19.5973154362416,-3131
146.174496644295,19.5973154362416,-3221
146.241610738255,19.5973154362416,-3358
146.308724832215,19.5973154362416,-3705
146.375838926175,19.5973154362416,-4024
146.442953020134,19.5973154362416,-4223
146.510067114094,19.5973154362416,-4381
146.577181208054,19.5973154362416,-4112
146.644295302013,19.5973154362416,-3416
146.711409395973,19.5973154362416,-3980
146.778523489933,19.5973154362416,-4843
146.845637583893,19.5973154362416,-5348
146.912751677852,19.5973154362416,-5581
146.979865771812,19.5973154362416,-5784
147.046979865772,19.5973154362416,-5579
147.114093959732,19.5973154362416,-5270
147.181208053691,19.5973154362416,-5017
147.248322147651,19.5973154362416,-4456
147.315436241611,19.5973154362416,-4024
147.38255033557,19.5973154362416,-4805
147.44966442953,19.5973154362416,-5847
147.51677852349,19.5973154362416,-5848
147.58389261745,19.5973154362416,-4780
147.651006711409,19.5973154362416,-3263
147.718120805369,19.5973154362416,-2964
147.785234899329,19.5973154362416,-3049
147.852348993289,19.5973154362416,-3095
147.919463087248,19.5973154362416,-3483
147.986577181208,19.5973154362416,-3892
148.053691275168,19.5973154362416,-4229
148.120805369128,19.5973154362416,-4338
148.187919463087,19.5973154362416,-4514
148.255033557047,19.5973154362416,-4953
148.322147651007,19.5973154362416,-5324
148.389261744966,19.5973154362416,-5575
148.456375838926,19.5973154362416,-5505
148.523489932886,19.5973154362416,-5249
148.590604026846,19.5973154362416,-4915
148.657718120805,19.5973154362416,-4743
148.724832214765,19.5973154362416,-4814
148.791946308725,19.5973154362416,-4673
148.859060402685,19.5973154362416,-4019
148.926174496644,19.5973154362416,-3516
148.993288590604,19.5973154362416,-2965
149.060402684564,19.5973154362416,-2383
149.127516778523,19.5973154362416,-1863
149.194630872483,19.5973154362416,-1577
149.261744966443,19.5973154362416,-1682
149.328859060403,19.5973154362416,-2440
149.395973154362,19.5973154362416,-3985
149.463087248322,19.5973154362416,-5066
149.530201342282,19.5973154362416,-5426
149.597315436242,19.5973154362416,-5547
149.664429530201,19.5973154362416,-5573
149.731543624161,19.5973154362416,-5539
149.798657718121,19.5973154362416,-5442
149.865771812081,19.5973154362416,-5412
149.93288590604,19.5973154362416,-5557
150,19.5973154362416,-5652
140,19.5302013422819,-5084
140.06711409396,19.5302013422819,-4655
140.134228187919,19.5302013422819,-4311
140.201342281879,19.5302013422819,-4402
140.268456375839,19.5302013422819,-4521
140.335570469799,19.5302013422819,-4565
140.402684563758,19.5302013422819,-4626
140.469798657718,19.5302013422819,-4686
140.536912751678,19.5302013422819,-4734
140.604026845638,19.5302013422819,-4750
140.671140939597,19.5302013422819,-4760
140.738255033557,19.5302013422819,-4839
140.805369127517,19.5302013422819,-4859
140.872483221477,19.5302013422819,-4720
140.939597315436,19.5302013422819,-4644
141.006711409396,19.5302013422819,-4649
141.073825503356,19.5302013422819,-4732
141.140939597315,19.5302013422819,-4669
141.208053691275,19.5302013422819,-4670
141.275167785235,19.5302013422819,-4636
141.342281879195,19.5302013422819,-4626
141.409395973154,19.5302013422819,-4567
141.476510067114,19.5302013422819,-4473
141.543624161074,19.5302013422819,-4444
141.610738255034,19.5302013422819,-4475
141.677852348993,19.5302013422819,-4430
141.744966442953,19.5302013422819,-4372
141.812080536913,19.5302013422819,-4354
141.879194630872,19.5302013422819,-4327
141.946308724832,19.5302013422819,-4306
142.013422818792,19.5302013422819,-4254
142.080536912752,19.5302013422819,-4142
142.147651006711,19.5302013422819,-4102
142.214765100671,19.5302013422819,-4067
142.281879194631,19.5302013422819,-4006
142.348993288591,19.5302013422819,-3845
142.41610738255,19.5302013422819,-3363
142.48322147651,19.5302013422819,-2470
142.55033557047,19.5302013422819,-2153
142.61744966443,19.5302013422819,-2442
142.684563758389,19.5302013422819,-2643
142.751677852349,19.5302013422819,-2489
142.818791946309,19.5302013422819,-2190
142.885906040268,19.5302013422819,-2082
142.953020134228,19.5302013422819,-2513
143.020134228188,19.5302013422819,-3142
143.087248322148,19.5302013422819,-3443
143.154362416107,19.5302013422819,-3288
143.221476510067,19.5302013422819,-3602
143.288590604027,19.5302013422819,-4560
143.355704697987,19.5302013422819,-4523
143.422818791946,19.5302013422819,-4374
143.489932885906,19.5302013422819,-4276
143.557046979866,19.5302013422819,-4086
143.624161073825,19.5302013422819,-4146
143.691275167785,19.5302013422819,-3998
143.758389261745,19.5302013422819,-4006
143.825503355705,19.5302013422819,-4426
143.892617449664,19.5302013422819,-4378
143.959731543624,19.5302013422819,-3840
144.026845637584,19.5302013422819,-3632
144.093959731544,19.5302013422819,-3363
144.161073825503,19.5302013422819,-3426
144.228187919463,19.5302013422819,-3450
144.295302013423,19.5302013422819,-3527
144.362416107383,19.5302013422819,-3942
144.429530201342,19.5302013422819,-4504
144.496644295302,19.5302013422819,-4049
144.563758389262,19.5302013422819,-3490
144.630872483221,19.5302013422819,-3489
144.697986577181,19.5302013422819,-3420
144.765100671141,19.5302013422819,-3592
144.832214765101,19.5302013422819,-3516
144.89932885906,19.5302013422819,-3413
144.96644295302,19.5302013422819,-3454
145.03355704698,19.5302013422819,-3424
145.10067114094,19.5302013422819,-3344
145.167785234899,19.5302013422819,-3277
145.234899328859,19.5302013422819,-3247
145.302013422819,19.5302013422819,-3069
145.369127516779,19.5302013422819,-2574
145.436241610738,19.5302013422819,-1907
145.503355704698,19.5302013422819,-1880
145.570469798658,19.5302013422819,-2309
145.637583892617,19.5302013422819,-2297
145.704697986577,19.5302013422819,-2068
145.771812080537,19.5302013422819,-1932
145.838926174497,19.5302013422819,-1988
145.906040268456,19.5302013422819,-2236
145.973154362416,19.5302013422819,-2550
146.040268456376,19.5302013422819,-2794
146.107382550336,19.5302013422819,-3002
146.174496644295,19.5302013422819,-3104
146.241610738255,19.5302013422819,-3237
146.308724832215,19.5302013422819,-3580
146.375838926175,19.5302013422819,-3885
146.442953020134,19.5302013422819,-4065
146.510067114094,19.5302013422819,-4235
146.577181208054,19.5302013422819,-4216
146.644295302013,19.5302013422819,-3958
146.711409395973,19.5302013422819,-4389
146.778523489933,19.5302013422819,-4820
146.845637583893,19.5302013422819,-4990
146.912751677852,19.5302013422819,-5127
146.979865771812,19.5302013422819,-5288
147.046979865772,19.5302013422819,-5120
147.114093959732,19.5302013422819,-5081
147.181208053691,19.5302013422819,-4574
147.248322147651,19.5302013422819,-4021
147.315436241611,19.5302013422819,-3922
147.38255033557,19.5302013422819,-4612
147.44966442953,19.5302013422819,-5279
147.51677852349,19.5302013422819,-5457
147.58389261745,19.5302013422819,-4566
147.651006711409,19.5302013422819,-3597
147.718120805369,19.5302013422819,-3021
147.785234899329,19.5302013422819,-2728
147.852348993289,19.5302013422819,-2921
147.919463087248,19.5302013422819,-3647
147.986577181208,19.5302013422819,-4615
148.053691275168,19.5302013422819,-5145
148.120805369128,19.5302013422819,-5167
148.187919463087,19.5302013422819,-5113
148.255033557047,19.5302013422819,-5180
148.322147651007,19.5302013422819,-5387
148.389261744966,19.5302013422819,-5532
148.456375838926,19.5302013422819,-5510
148.523489932886,19.5302013422819,-5445
148.590604026846,19.5302013422819,-5184
148.657718120805,19.5302013422819,-4947
148.724832214765,19.5302013422819,-4921
148.791946308725,19.5302013422819,-4922
148.859060402685,19.5302013422819,-4764
148.926174496644,19.5302013422819,-4270
148.993288590604,19.5302013422819,-3828
149.060402684564,19.5302013422819,-3311
149.127516778523,19.5302013422819,-2472
149.194630872483,19.5302013422819,-1899
149.261744966443,19.5302013422819,-1823
149.328859060403,19.5302013422819,-2260
149.395973154362,19.5302013422819,-3238
149.463087248322,19.5302013422819,-4701
149.530201342282,19.5302013422819,-5462
149.597315436242,19.5302013422819,-5667
149.664429530201,19.5302013422819,-5647
149.731543624161,19.5302013422819,-5615
149.798657718121,19.5302013422819,-5586
149.865771812081,19.5302013422819,-5570
149.93288590604,19.5302013422819,-5584
150,19.5302013422819,-5557
140,19.4630872483221,-4858
140.06711409396,19.4630872483221,-4355
140.134228187919,19.4630872483221,-4204
140.201342281879,19.4630872483221,-4243
140.268456375839,19.4630872483221,-4739
140.335570469799,19.4630872483221,-4819
140.402684563758,19.4630872483221,-4853
140.469798657718,19.4630872483221,-4771
140.536912751678,19.4630872483221,-4747
140.604026845638,19.4630872483221,-4750
140.671140939597,19.4630872483221,-4737
140.738255033557,19.4630872483221,-4771
140.805369127517,19.4630872483221,-4790
140.872483221477,19.4630872483221,-4727
140.939597315436,19.4630872483221,-4654
141.006711409396,19.4630872483221,-4708
141.073825503356,19.4630872483221,-4653
141.140939597315,19.4630872483221,-4613
141.208053691275,19.4630872483221,-4690
141.275167785235,19.4630872483221,-4560
141.342281879195,19.4630872483221,-4490
141.409395973154,19.4630872483221,-4529
141.476510067114,19.4630872483221,-4478
141.543624161074,19.4630872483221,-4522
141.610738255034,19.4630872483221,-4494
141.677852348993,19.4630872483221,-4446
141.744966442953,19.4630872483221,-4417
141.812080536913,19.4630872483221,-4373
141.879194630872,19.4630872483221,-4286
141.946308724832,19.4630872483221,-4253
142.013422818792,19.4630872483221,-4195
142.080536912752,19.4630872483221,-4074
142.147651006711,19.4630872483221,-4070
142.214765100671,19.4630872483221,-4032
142.281879194631,19.4630872483221,-3976
142.348993288591,19.4630872483221,-3739
142.41610738255,19.4630872483221,-3222
142.48322147651,19.4630872483221,-2817
142.55033557047,19.4630872483221,-2752
142.61744966443,19.4630872483221,-2712
142.684563758389,19.4630872483221,-2919
142.751677852349,19.4630872483221,-2689
142.818791946309,19.4630872483221,-2248
142.885906040268,19.4630872483221,-1732
142.953020134228,19.4630872483221,-1738
143.020134228188,19.4630872483221,-2591
143.087248322148,19.4630872483221,-3463
143.154362416107,19.4630872483221,-3532
143.221476510067,19.4630872483221,-3268
143.288590604027,19.4630872483221,-3947
143.355704697987,19.4630872483221,-4421
143.422818791946,19.4630872483221,-4539
143.489932885906,19.4630872483221,-4248
143.557046979866,19.4630872483221,-4165
143.624161073825,19.4630872483221,-4245
143.691275167785,19.4630872483221,-4222
143.758389261745,19.4630872483221,-4108
143.825503355705,19.4630872483221,-4206
143.892617449664,19.4630872483221,-4219
143.959731543624,19.4630872483221,-4128
144.026845637584,19.4630872483221,-3994
144.093959731544,19.4630872483221,-3353
144.161073825503,19.4630872483221,-3220
144.228187919463,19.4630872483221,-3422
144.295302013423,19.4630872483221,-3585
144.362416107383,19.4630872483221,-4040
144.429530201342,19.4630872483221,-4570
144.496644295302,19.4630872483221,-4606
144.563758389262,19.4630872483221,-4124
144.630872483221,19.4630872483221,-3860
144.697986577181,19.4630872483221,-3891
144.765100671141,19.4630872483221,-3934
144.832214765101,19.4630872483221,-3636
144.89932885906,19.4630872483221,-3502
144.96644295302,19.4630872483221,-3468
145.03355704698,19.4630872483221,-3488
145.10067114094,19.4630872483221,-3508
145.167785234899,19.4630872483221,-3455
145.234899328859,19.4630872483221,-3328
145.302013422819,19.4630872483221,-2977
145.369127516779,19.4630872483221,-1837
145.436241610738,19.4630872483221,-433
145.503355704698,19.4630872483221,-1014
145.570469798658,19.4630872483221,-2309
145.637583892617,19.4630872483221,-2463
145.704697986577,19.4630872483221,-2115
145.771812080537,19.4630872483221,-1873
145.838926174497,19.4630872483221,-2037
145.906040268456,19.4630872483221,-2399
145.973154362416,19.4630872483221,-2677
146.040268456376,19.4630872483221,-2843
146.107382550336,19.4630872483221,-2929
146.174496644295,19.4630872483221,-2962
146.241610738255,19.4630872483221,-3138
146.308724832215,19.4630872483221,-3521
146.375838926175,19.4630872483221,-3754
146.442953020134,19.4630872483221,-3909
146.510067114094,19.4630872483221,-4176
146.577181208054,19.4630872483221,-4309
146.644295302013,19.4630872483221,-4359
146.711409395973,19.4630872483221,-4617
146.778523489933,19.4630872483221,-4660
146.845637583893,19.4630872483221,-4618
146.912751677852,19.4630872483221,-4566
146.979865771812,19.4630872483221,-4486
147.046979865772,19.4630872483221,-4653
147.114093959732,19.4630872483221,-4665
147.181208053691,19.4630872483221,-4166
147.248322147651,19.4630872483221,-4032
147.315436241611,19.4630872483221,-4095
147.38255033557,19.4630872483221,-4471
147.44966442953,19.4630872483221,-5036
147.51677852349,19.4630872483221,-6017
147.58389261745,19.4630872483221,-5405
147.651006711409,19.4630872483221,-4356
147.718120805369,19.4630872483221,-3159
147.785234899329,19.4630872483221,-2613
147.852348993289,19.4630872483221,-2790
147.919463087248,19.4630872483221,-3641
147.986577181208,19.4630872483221,-4928
148.053691275168,19.4630872483221,-5579
148.120805369128,19.4630872483221,-5640
148.187919463087,19.4630872483221,-5442
148.255033557047,19.4630872483221,-5302
148.322147651007,19.4630872483221,-5370
148.389261744966,19.4630872483221,-5425
148.456375838926,19.4630872483221,-5447
148.523489932886,19.4630872483221,-5509
148.590604026846,19.4630872483221,-5417
148.657718120805,19.4630872483221,-5199
148.724832214765,19.4630872483221,-5042
148.791946308725,19.4630872483221,-4956
148.859060402685,19.4630872483221,-4901
148.926174496644,19.4630872483221,-4753
148.993288590604,19.4630872483221,-4630
149.060402684564,19.4630872483221,-4568
149.127516778523,19.4630872483221,-4095
149.194630872483,19.4630872483221,-3588
149.261744966443,19.4630872483221,-3242
149.328859060403,19.4630872483221,-3384
149.395973154362,19.4630872483221,-3647
149.463087248322,19.4630872483221,-4475
149.530201342282,19.4630872483221,-5400
149.597315436242,19.4630872483221,-5699
149.664429530201,19.4630872483221,-5631
149.731543624161,19.4630872483221,-5547
149.798657718121,19.4630872483221,-5579
149.865771812081,19.4630872483221,-5568
149.93288590604,19.4630872483221,-5523
150,19.4630872483221,-5500
140,19.3959731543624,-4355
140.06711409396,19.3959731543624,-4109
140.134228187919,19.3959731543624,-4162
140.201342281879,19.3959731543624,-4345
140.268456375839,19.3959731543624,-4791
140.335570469799,19.3959731543624,-4926
140.402684563758,19.3959731543624,-4913
140.469798657718,19.3959731543624,-4801
140.536912751678,19.3959731543624,-4659
140.604026845638,19.3959731543624,-4687
140.671140939597,19.3959731543624,-4700
140.738255033557,19.3959731543624,-4719
140.805369127517,19.3959731543624,-4744
140.872483221477,19.3959731543624,-4691
140.939597315436,19.3959731543624,-4641
141.006711409396,19.3959731543624,-4716
141.073825503356,19.3959731543624,-4681
141.140939597315,19.3959731543624,-4643
141.208053691275,19.3959731543624,-4605
141.275167785235,19.3959731543624,-4569
141.342281879195,19.3959731543624,-4507
141.409395973154,19.3959731543624,-4548
141.476510067114,19.3959731543624,-4541
141.543624161074,19.3959731543624,-4582
141.610738255034,19.3959731543624,-4490
141.677852348993,19.3959731543624,-4435
141.744966442953,19.3959731543624,-4396
141.812080536913,19.3959731543624,-4342
141.879194630872,19.3959731543624,-4267
141.946308724832,19.3959731543624,-4207
142.013422818792,19.3959731543624,-4166
142.080536912752,19.3959731543624,-4107
142.147651006711,19.3959731543624,-4058
142.214765100671,19.3959731543624,-3971
142.281879194631,19.3959731543624,-3814
142.348993288591,19.3959731543624,-3293
142.41610738255,19.3959731543624,-3207
142.48322147651,19.3959731543624,-3290
142.55033557047,19.3959731543624,-2957
142.61744966443,19.3959731543624,-2960
142.684563758389,19.3959731543624,-3074
142.751677852349,19.3959731543624,-2842
142.818791946309,19.3959731543624,-2369
142.885906040268,19.3959731543624,-1909
142.953020134228,19.3959731543624,-1578
143.020134228188,19.3959731543624,-2084
143.087248322148,19.3959731543624,-3187
143.154362416107,19.3959731543624,-3657
143.221476510067,19.3959731543624,-3330
143.288590604027,19.3959731543624,-3213
143.355704697987,19.3959731543624,-3662
143.422818791946,19.3959731543624,-4385
143.489932885906,19.3959731543624,-4237
143.557046979866,19.3959731543624,-4078
143.624161073825,19.3959731543624,-4137
143.691275167785,19.3959731543624,-4257
143.758389261745,19.3959731543624,-4061
143.825503355705,19.3959731543624,-3828
143.892617449664,19.3959731543624,-3815
143.959731543624,19.3959731543624,-4126
144.026845637584,19.3959731543624,-4137
144.093959731544,19.3959731543624,-3605
144.161073825503,19.3959731543624,-3440
144.228187919463,19.3959731543624,-3672
144.295302013423,19.3959731543624,-3742
144.362416107383,19.3959731543624,-4094
144.429530201342,19.3959731543624,-4348
144.496644295302,19.3959731543624,-4518
144.563758389262,19.3959731543624,-4245
144.630872483221,19.3959731543624,-3880
144.697986577181,19.3959731543624,-3888
144.765100671141,19.3959731543624,-3949
144.832214765101,19.3959731543624,-3643
144.89932885906,19.3959731543624,-3535
144.96644295302,19.3959731543624,-3525
145.03355704698,19.3959731543624,-3556
145.10067114094,19.3959731543624,-3634
145.167785234899,19.3959731543624,-3645
145.234899328859,19.3959731543624,-3470
145.302013422819,19.3959731543624,-3132
145.369127516779,19.3959731543624,-2227
145.436241610738,19.3959731543624,-1032
145.503355704698,19.3959731543624,-1719
145.570469798658,19.3959731543624,-2626
145.637583892617,19.3959731543624,-2604
145.704697986577,19.3959731543624,-2195
145.771812080537,19.3959731543624,-2023
145.838926174497,19.3959731543624,-2234
145.906040268456,19.3959731543624,-2554
145.973154362416,19.3959731543624,-2746
146.040268456376,19.3959731543624,-2839
146.107382550336,19.3959731543624,-2953
146.174496644295,19.3959731543624,-2885
146.241610738255,19.3959731543624,-3007
146.308724832215,19.3959731543624,-3415
146.375838926175,19.3959731543624,-3601
146.442953020134,19.3959731543624,-3710
146.510067114094,19.3959731543624,-4016
146.577181208054,19.3959731543624,-4185
146.644295302013,19.3959731543624,-4260
146.711409395973,19.3959731543624,-4492
146.778523489933,19.3959731543624,-4490
146.845637583893,19.3959731543624,-4184
146.912751677852,19.3959731543624,-3902
146.979865771812,19.3959731543624,-3777
147.046979865772,19.3959731543624,-4077
147.114093959732,19.3959731543624,-4433
147.181208053691,19.3959731543624,-4513
147.248322147651,19.3959731543624,-4465
147.315436241611,19.3959731543624,-4160
147.38255033557,19.3959731543624,-4259
147.44966442953,19.3959731543624,-5020
147.51677852349,19.3959731543624,-6025
147.58389261745,19.3959731543624,-6153
147.651006711409,19.3959731543624,-5600
147.718120805369,19.3959731543624,-4574
147.785234899329,19.3959731543624,-3118
147.852348993289,19.3959731543624,-2745
147.919463087248,19.3959731543624,-3914
147.986577181208,19.3959731543624,-5217
148.053691275168,19.3959731543624,-5657
148.120805369128,19.3959731543624,-5683
148.187919463087,19.3959731543624,-5557
148.255033557047,19.3959731543624,-5408
148.322147651007,19.3959731543624,-5413
148.389261744966,19.3959731543624,-5440
148.456375838926,19.3959731543624,-5457
148.523489932886,19.3959731543624,-5543
148.590604026846,19.3959731543624,-5521
148.657718120805,19.3959731543624,-5362
148.724832214765,19.3959731543624,-5122
148.791946308725,19.3959731543624,-5004
148.859060402685,19.3959731543624,-4922
148.926174496644,19.3959731543624,-4863
148.993288590604,19.3959731543624,-4859
149.060402684564,19.3959731543624,-5028
149.127516778523,19.3959731543624,-5013
149.194630872483,19.3959731543624,-4811
149.261744966443,19.3959731543624,-4838
149.328859060403,19.3959731543624,-4813
149.395973154362,19.3959731543624,-4456
149.463087248322,19.3959731543624,-4599
149.530201342282,19.3959731543624,-5262
149.597315436242,19.3959731543624,-5659
149.664429530201,19.3959731543624,-5658
149.731543624161,19.3959731543624,-5529
149.798657718121,19.3959731543624,-5512
149.865771812081,19.3959731543624,-5504
149.93288590604,19.3959731543624,-5500
150,19.3959731543624,-5525
140,19.3288590604027,-4534
140.06711409396,19.3288590604027,-4428
140.134228187919,19.3288590604027,-4368
140.201342281879,19.3288590604027,-4521
140.268456375839,19.3288590604027,-4849
140.335570469799,19.3288590604027,-5047
140.402684563758,19.3288590604027,-5000
140.469798657718,19.3288590604027,-4769
140.536912751678,19.3288590604027,-4602
140.604026845638,19.3288590604027,-4661
140.671140939597,19.3288590604027,-4684
140.738255033557,19.3288590604027,-4721
140.805369127517,19.3288590604027,-4776
140.872483221477,19.3288590604027,-4666
140.939597315436,19.3288590604027,-4622
141.006711409396,19.3288590604027,-4685
141.073825503356,19.3288590604027,-4679
141.140939597315,19.3288590604027,-4618
141.208053691275,19.3288590604027,-4612
141.275167785235,19.3288590604027,-4639
141.342281879195,19.3288590604027,-4583
141.409395973154,19.3288590604027,-4580
141.476510067114,19.3288590604027,-4513
141.543624161074,19.3288590604027,-4540
141.610738255034,19.3288590604027,-4494
141.677852348993,19.3288590604027,-4422
141.744966442953,19.3288590604027,-4376
141.812080536913,19.3288590604027,-4320
141.879194630872,19.3288590604027,-4271
141.946308724832,19.3288590604027,-4199
142.013422818792,19.3288590604027,-4148
142.080536912752,19.3288590604027,-4074
142.147651006711,19.3288590604027,-3986
142.214765100671,19.3288590604027,-3847
142.281879194631,19.3288590604027,-3371
142.348993288591,19.3288590604027,-3341
142.41610738255,19.3288590604027,-3547
142.48322147651,19.3288590604027,-3533
142.55033557047,19.3288590604027,-3429
142.61744966443,19.3288590604027,-3315
142.684563758389,19.3288590604027,-3129
142.751677852349,19.3288590604027,-2925
142.818791946309,19.3288590604027,-2569
142.885906040268,19.3288590604027,-2216
142.953020134228,19.3288590604027,-1810
143.020134228188,19.3288590604027,-1694
143.087248322148,19.3288590604027,-2274
143.154362416107,19.3288590604027,-2914
143.221476510067,19.3288590604027,-3095
143.288590604027,19.3288590604027,-3304
143.355704697987,19.3288590604027,-3716
143.422818791946,19.3288590604027,-4126
143.489932885906,19.3288590604027,-4275
143.557046979866,19.3288590604027,-4002
143.624161073825,19.3288590604027,-4038
143.691275167785,19.3288590604027,-4157
143.758389261745,19.3288590604027,-3999
143.825503355705,19.3288590604027,-3716
143.892617449664,19.3288590604027,-3779
143.959731543624,19.3288590604027,-3960
144.026845637584,19.3288590604027,-4147
144.093959731544,19.3288590604027,-3993
144.161073825503,19.3288590604027,-3768
144.228187919463,19.3288590604027,-3891
144.295302013423,19.3288590604027,-3961
144.362416107383,19.3288590604027,-4109
144.429530201342,19.3288590604027,-4017
144.496644295302,19.3288590604027,-4300
144.563758389262,19.3288590604027,-4016
144.630872483221,19.3288590604027,-3883
144.697986577181,19.3288590604027,-3769
144.765100671141,19.3288590604027,-3817
144.832214765101,19.3288590604027,-3519
144.89932885906,19.3288590604027,-3533
144.96644295302,19.3288590604027,-3534
145.03355704698,19.3288590604027,-3578
145.10067114094,19.3288590604027,-3668
145.167785234899,19.3288590604027,-3695
145.234899328859,19.3288590604027,-3557
145.302013422819,19.3288590604027,-3377
145.369127516779,19.3288590604027,-3069
145.436241610738,19.3288590604027,-2535
145.503355704698,19.3288590604027,-2473
145.570469798658,19.3288590604027,-2630
145.637583892617,19.3288590604027,-2538
145.704697986577,19.3288590604027,-2172
145.771812080537,19.3288590604027,-2189
145.838926174497,19.3288590604027,-2360
145.906040268456,19.3288590604027,-2609
145.973154362416,19.3288590604027,-2732
146.040268456376,19.3288590604027,-2805
146.107382550336,19.3288590604027,-2952
146.174496644295,19.3288590604027,-2952
146.241610738255,19.3288590604027,-2994
146.308724832215,19.3288590604027,-3287
146.375838926175,19.3288590604027,-3485
146.442953020134,19.3288590604027,-3557
146.510067114094,19.3288590604027,-3758
146.577181208054,19.3288590604027,-3937
146.644295302013,19.3288590604027,-4135
146.711409395973,19.3288590604027,-4314
146.778523489933,19.3288590604027,-4339
146.845637583893,19.3288590604027,-3597
146.912751677852,19.3288590604027,-3067
146.979865771812,19.3288590604027,-3476
147.046979865772,19.3288590604027,-3738
147.114093959732,19.3288590604027,-4382
147.181208053691,19.3288590604027,-4440
147.248322147651,19.3288590604027,-4197
147.315436241611,19.3288590604027,-4162
147.38255033557,19.3288590604027,-4212
147.44966442953,19.3288590604027,-4898
147.51677852349,19.3288590604027,-5811
147.58389261745,19.3288590604027,-6286
147.651006711409,19.3288590604027,-6165
147.718120805369,19.3288590604027,-5353
147.785234899329,19.3288590604027,-3551
147.852348993289,19.3288590604027,-3048
147.919463087248,19.3288590604027,-4469
147.986577181208,19.3288590604027,-5701
148.053691275168,19.3288590604027,-5794
148.120805369128,19.3288590604027,-5705
148.187919463087,19.3288590604027,-5611
148.255033557047,19.3288590604027,-5516
148.322147651007,19.3288590604027,-5486
148.389261744966,19.3288590604027,-5476
148.456375838926,19.3288590604027,-5457
148.523489932886,19.3288590604027,-5480
148.590604026846,19.3288590604027,-5459
148.657718120805,19.3288590604027,-5345
148.724832214765,19.3288590604027,-5204
148.791946308725,19.3288590604027,-5010
148.859060402685,19.3288590604027,-4772
148.926174496644,19.3288590604027,-4706
148.993288590604,19.3288590604027,-4930
149.060402684564,19.3288590604027,-5122
149.127516778523,19.3288590604027,-5269
149.194630872483,19.3288590604027,-5291
149.261744966443,19.3288590604027,-5487
149.328859060403,19.3288590604027,-5525
149.395973154362,19.3288590604027,-5220
149.463087248322,19.3288590604027,-5025
149.530201342282,19.3288590604027,-5279
149.597315436242,19.3288590604027,-5620
149.664429530201,19.3288590604027,-5662
149.731543624161,19.3288590604027,-5543
149.798657718121,19.3288590604027,-5500
149.865771812081,19.3288590604027,-5494
149.93288590604,19.3288590604027,-5492
150,19.3288590604027,-5479
140,19.261744966443,-4940
140.06711409396,19.261744966443,-4925
140.134228187919,19.261744966443,-4869
140.201342281879,19.261744966443,-4844
140.268456375839,19.261744966443,-4960
140.335570469799,19.261744966443,-5034
140.402684563758,19.261744966443,-4901
140.469798657718,19.261744966443,-4747
140.536912751678,19.261744966443,-4699
140.604026845638,19.261744966443,-4736
140.671140939597,19.261744966443,-4729
140.738255033557,19.261744966443,-4782
140.805369127517,19.261744966443,-4836
140.872483221477,19.261744966443,-4691
140.939597315436,19.261744966443,-4632
141.006711409396,19.261744966443,-4671
141.073825503356,19.261744966443,-4670
141.140939597315,19.261744966443,-4639
141.208053691275,19.261744966443,-4616
141.275167785235,19.261744966443,-4613
141.342281879195,19.261744966443,-4607
141.409395973154,19.261744966443,-4575
141.476510067114,19.261744966443,-4503
141.543624161074,19.261744966443,-4501
141.610738255034,19.261744966443,-4439
141.677852348993,19.261744966443,-4405
141.744966442953,19.261744966443,-4381
141.812080536913,19.261744966443,-4350
141.879194630872,19.261744966443,-4308
141.946308724832,19.261744966443,-4256
142.013422818792,19.261744966443,-4190
142.080536912752,19.261744966443,-4123
142.147651006711,19.261744966443,-4027
142.214765100671,19.261744966443,-3854
142.281879194631,19.261744966443,-3697
142.348993288591,19.261744966443,-3696
142.41610738255,19.261744966443,-3712
142.48322147651,19.261744966443,-3627
142.55033557047,19.261744966443,-3526
142.61744966443,19.261744966443,-3382
142.684563758389,19.261744966443,-3166
142.751677852349,19.261744966443,-2948
142.818791946309,19.261744966443,-2654
142.885906040268,19.261744966443,-2266
142.953020134228,19.261744966443,-1686
143.020134228188,19.261744966443,-1569
143.087248322148,19.261744966443,-1500
143.154362416107,19.261744966443,-1942
143.221476510067,19.261744966443,-2807
143.288590604027,19.261744966443,-3447
143.355704697987,19.261744966443,-4065
143.422818791946,19.261744966443,-4331
143.489932885906,19.261744966443,-4289
143.557046979866,19.261744966443,-4270
143.624161073825,19.261744966443,-3997
143.691275167785,19.261744966443,-4006
143.758389261745,19.261744966443,-4074
143.825503355705,19.261744966443,-4113
143.892617449664,19.261744966443,-4050
143.959731543624,19.261744966443,-4009
144.026845637584,19.261744966443,-4086
144.093959731544,19.261744966443,-4019
144.161073825503,19.261744966443,-3914
144.228187919463,19.261744966443,-3879
144.295302013423,19.261744966443,-3847
144.362416107383,19.261744966443,-3601
144.429530201342,19.261744966443,-3841
144.496644295302,19.261744966443,-3712
144.563758389262,19.261744966443,-3736
144.630872483221,19.261744966443,-3759
144.697986577181,19.261744966443,-3877
144.765100671141,19.261744966443,-3559
144.832214765101,19.261744966443,-3406
144.89932885906,19.261744966443,-3544
144.96644295302,19.261744966443,-3514
145.03355704698,19.261744966443,-3604
145.10067114094,19.261744966443,-3679
145.167785234899,19.261744966443,-3679
145.234899328859,19.261744966443,-3594
145.302013422819,19.261744966443,-3508
145.369127516779,19.261744966443,-3359
145.436241610738,19.261744966443,-2899
145.503355704698,19.261744966443,-2525
145.570469798658,19.261744966443,-2538
145.637583892617,19.261744966443,-2378
145.704697986577,19.261744966443,-2114
145.771812080537,19.261744966443,-2192
145.838926174497,19.261744966443,-2317
145.906040268456,19.261744966443,-2559
145.973154362416,19.261744966443,-2727
146.040268456376,19.261744966443,-2857
146.107382550336,19.261744966443,-2993
146.174496644295,19.261744966443,-3060
146.241610738255,19.261744966443,-3083
146.308724832215,19.261744966443,-3242
146.375838926175,19.261744966443,-3388
146.442953020134,19.261744966443,-3462
146.510067114094,19.261744966443,-3560
146.577181208054,19.261744966443,-3686
146.644295302013,19.261744966443,-4006
146.711409395973,19.261744966443,-4178
146.778523489933,19.261744966443,-4171
146.845637583893,19.261744966443,-3564
146.912751677852,19.261744966443,-3000
146.979865771812,19.261744966443,-3452
147.046979865772,19.261744966443,-3828
147.114093959732,19.261744966443,-4173
147.181208053691,19.261744966443,-4018
147.248322147651,19.261744966443,-4073
147.315436241611,19.261744966443,-4059
147.38255033557,19.261744966443,-4305
147.44966442953,19.261744966443,-4884
147.51677852349,19.261744966443,-5695
147.58389261745,19.261744966443,-6273
147.651006711409,19.261744966443,-6175
147.718120805369,19.261744966443,-5330
147.785234899329,19.261744966443,-4006
147.852348993289,19.261744966443,-3825
147.919463087248,19.261744966443,-5021
147.986577181208,19.261744966443,-5952
148.053691275168,19.261744966443,-5929
148.120805369128,19.261744966443,-5815
148.187919463087,19.261744966443,-5695
148.255033557047,19.261744966443,-5640
148.322147651007,19.261744966443,-5575
148.389261744966,19.261744966443,-5523
148.456375838926,19.261744966443,-5486
148.523489932886,19.261744966443,-5440
148.590604026846,19.261744966443,-5386
148.657718120805,19.261744966443,-5132
148.724832214765,19.261744966443,-5248
148.791946308725,19.261744966443,-5213
148.859060402685,19.261744966443,-5063
148.926174496644,19.261744966443,-4998
148.993288590604,19.261744966443,-5156
149.060402684564,19.261744966443,-5284
149.127516778523,19.261744966443,-5415
149.194630872483,19.261744966443,-5523
149.261744966443,19.261744966443,-5633
149.328859060403,19.261744966443,-5623
149.395973154362,19.261744966443,-5565
149.463087248322,19.261744966443,-5457
149.530201342282,19.261744966443,-5445
149.597315436242,19.261744966443,-5576
149.664429530201,19.261744966443,-5567
149.731543624161,19.261744966443,-5501
149.798657718121,19.261744966443,-5485
149.865771812081,19.261744966443,-5482
149.93288590604,19.261744966443,-5483
150,19.261744966443,-5472
140,19.1946308724832,-5013
140.06711409396,19.1946308724832,-5142
140.134228187919,19.1946308724832,-5214
140.201342281879,19.1946308724832,-5115
140.268456375839,19.1946308724832,-4891
140.335570469799,19.1946308724832,-4666
140.402684563758,19.1946308724832,-4537
140.469798657718,19.1946308724832,-4685
140.536912751678,19.1946308724832,-4820
140.604026845638,19.1946308724832,-4747
140.671140939597,19.1946308724832,-4745
140.738255033557,19.1946308724832,-4860
140.805369127517,19.1946308724832,-4848
140.872483221477,19.1946308724832,-4696
140.939597315436,19.1946308724832,-4647
141.006711409396,19.1946308724832,-4689
141.073825503356,19.1946308724832,-4693
141.140939597315,19.1946308724832,-4652
141.208053691275,19.1946308724832,-4624
141.275167785235,19.1946308724832,-4603
141.342281879195,19.1946308724832,-4578
141.409395973154,19.1946308724832,-4539
141.476510067114,19.1946308724832,-4508
141.543624161074,19.1946308724832,-4479
141.610738255034,19.1946308724832,-4451
141.677852348993,19.1946308724832,-4415
141.744966442953,19.1946308724832,-4413
141.812080536913,19.1946308724832,-4401
141.879194630872,19.1946308724832,-4356
141.946308724832,19.1946308724832,-4293
142.013422818792,19.1946308724832,-4233
142.080536912752,19.1946308724832,-4174
142.147651006711,19.1946308724832,-3865
142.214765100671,19.1946308724832,-3578
142.281879194631,19.1946308724832,-3810
142.348993288591,19.1946308724832,-3818
142.41610738255,19.1946308724832,-3766
142.48322147651,19.1946308724832,-3699
142.55033557047,19.1946308724832,-3572
142.61744966443,19.1946308724832,-3366
142.684563758389,19.1946308724832,-3123
142.751677852349,19.1946308724832,-2833
142.818791946309,19.1946308724832,-2494
142.885906040268,19.1946308724832,-1923
142.953020134228,19.1946308724832,-889
143.020134228188,19.1946308724832,-1412
143.087248322148,19.1946308724832,-1601
143.154362416107,19.1946308724832,-1969
143.221476510067,19.1946308724832,-2900
143.288590604027,19.1946308724832,-3544
143.355704697987,19.1946308724832,-4061
143.422818791946,19.1946308724832,-4468
143.489932885906,19.1946308724832,-4362
143.557046979866,19.1946308724832,-4311
143.624161073825,19.1946308724832,-3989
143.691275167785,19.1946308724832,-4075
143.758389261745,19.1946308724832,-4152
143.825503355705,19.1946308724832,-4218
143.892617449664,19.1946308724832,-4085
143.959731543624,19.1946308724832,-4189
144.026845637584,19.1946308724832,-4088
144.093959731544,19.1946308724832,-4056
144.161073825503,19.1946308724832,-3776
144.228187919463,19.1946308724832,-3530
144.295302013423,19.1946308724832,-3350
144.362416107383,19.1946308724832,-2824
144.429530201342,19.1946308724832,-3540
144.496644295302,19.1946308724832,-3767
144.563758389262,19.1946308724832,-3974
144.630872483221,19.1946308724832,-4195
144.697986577181,19.1946308724832,-3987
144.765100671141,19.1946308724832,-3457
144.832214765101,19.1946308724832,-3410
144.89932885906,19.1946308724832,-3577
144.96644295302,19.1946308724832,-3523
145.03355704698,19.1946308724832,-3623
145.10067114094,19.1946308724832,-3704
145.167785234899,19.1946308724832,-3665
145.234899328859,19.1946308724832,-3586
145.302013422819,19.1946308724832,-3569
145.369127516779,19.1946308724832,-3480
145.436241610738,19.1946308724832,-3217
145.503355704698,19.1946308724832,-3033
145.570469798658,19.1946308724832,-2893
145.637583892617,19.1946308724832,-2394
145.704697986577,19.1946308724832,-2012
145.771812080537,19.1946308724832,-2271
145.838926174497,19.1946308724832,-2439
145.906040268456,19.1946308724832,-2579
145.973154362416,19.1946308724832,-2753
146.040268456376,19.1946308724832,-2948
146.107382550336,19.1946308724832,-3090
146.174496644295,19.1946308724832,-3151
146.241610738255,19.1946308724832,-3155
146.308724832215,19.1946308724832,-3253
146.375838926175,19.1946308724832,-3443
146.442953020134,19.1946308724832,-3388
146.510067114094,19.1946308724832,-3343
146.577181208054,19.1946308724832,-3453
146.644295302013,19.1946308724832,-3658
146.711409395973,19.1946308724832,-3718
146.778523489933,19.1946308724832,-3726
146.845637583893,19.1946308724832,-3669
146.912751677852,19.1946308724832,-3376
146.979865771812,19.1946308724832,-3275
147.046979865772,19.1946308724832,-3639
147.114093959732,19.1946308724832,-4210
147.181208053691,19.1946308724832,-3935
147.248322147651,19.1946308724832,-3851
147.315436241611,19.1946308724832,-3992
147.38255033557,19.1946308724832,-4617
147.44966442953,19.1946308724832,-5187
147.51677852349,19.1946308724832,-5776
147.58389261745,19.1946308724832,-6351
147.651006711409,19.1946308724832,-6354
147.718120805369,19.1946308724832,-5520
147.785234899329,19.1946308724832,-4607
147.852348993289,19.1946308724832,-4904
147.919463087248,19.1946308724832,-5734
147.986577181208,19.1946308724832,-6165
148.053691275168,19.1946308724832,-6035
148.120805369128,19.1946308724832,-5918
148.187919463087,19.1946308724832,-5764
148.255033557047,19.1946308724832,-5718
148.322147651007,19.1946308724832,-5660
148.389261744966,19.1946308724832,-5582
148.456375838926,19.1946308724832,-5509
148.523489932886,19.1946308724832,-5420
148.590604026846,19.1946308724832,-5339
148.657718120805,19.1946308724832,-5248
148.724832214765,19.1946308724832,-5201
148.791946308725,19.1946308724832,-5256
148.859060402685,19.1946308724832,-5315
148.926174496644,19.1946308724832,-5211
148.993288590604,19.1946308724832,-5042
149.060402684564,19.1946308724832,-5144
149.127516778523,19.1946308724832,-5399
149.194630872483,19.1946308724832,-5572
149.261744966443,19.1946308724832,-5556
149.328859060403,19.1946308724832,-5534
149.395973154362,19.1946308724832,-5615
149.463087248322,19.1946308724832,-5639
149.530201342282,19.1946308724832,-5589
149.597315436242,19.1946308724832,-5549
149.664429530201,19.1946308724832,-5461
149.731543624161,19.1946308724832,-5470
149.798657718121,19.1946308724832,-5464
149.865771812081,19.1946308724832,-5468
149.93288590604,19.1946308724832,-5481
150,19.1946308724832,-5471
140,19.1275167785235,-4739
140.06711409396,19.1275167785235,-5049
140.134228187919,19.1275167785235,-5136
140.201342281879,19.1275167785235,-5053
140.268456375839,19.1275167785235,-4744
140.335570469799,19.1275167785235,-4458
140.402684563758,19.1275167785235,-4342
140.469798657718,19.1275167785235,-4587
140.536912751678,19.1275167785235,-4809
140.604026845638,19.1275167785235,-4722
140.671140939597,19.1275167785235,-4737
140.738255033557,19.1275167785235,-4927
140.805369127517,19.1275167785235,-4887
140.872483221477,19.1275167785235,-4709
140.939597315436,19.1275167785235,-4666
141.006711409396,19.1275167785235,-4699
141.073825503356,19.1275167785235,-4674
141.140939597315,19.1275167785235,-4639
141.208053691275,19.1275167785235,-4629
141.275167785235,19.1275167785235,-4624
141.342281879195,19.1275167785235,-4593
141.409395973154,19.1275167785235,-4553
141.476510067114,19.1275167785235,-4515
141.543624161074,19.1275167785235,-4493
141.610738255034,19.1275167785235,-4468
141.677852348993,19.1275167785235,-4426
141.744966442953,19.1275167785235,-4392
141.812080536913,19.1275167785235,-4339
141.879194630872,19.1275167785235,-4336
141.946308724832,19.1275167785235,-4284
142.013422818792,19.1275167785235,-4220
142.080536912752,19.1275167785235,-4166
142.147651006711,19.1275167785235,-3936
142.214765100671,19.1275167785235,-3786
142.281879194631,19.1275167785235,-3825
142.348993288591,19.1275167785235,-3865
142.41610738255,19.1275167785235,-3786
142.48322147651,19.1275167785235,-3677
142.55033557047,19.1275167785235,-3513
142.61744966443,19.1275167785235,-3107
142.684563758389,19.1275167785235,-2911
142.751677852349,19.1275167785235,-2771
142.818791946309,19.1275167785235,-2464
142.885906040268,19.1275167785235,-1705
142.953020134228,19.1275167785235,-1567
143.020134228188,19.1275167785235,-1602
143.087248322148,19.1275167785235,-1795
143.154362416107,19.1275167785235,-2241
143.221476510067,19.1275167785235,-2962
143.288590604027,19.1275167785235,-3616
143.355704697987,19.1275167785235,-4155
143.422818791946,19.1275167785235,-4599
143.489932885906,19.1275167785235,-4181
143.557046979866,19.1275167785235,-4034
143.624161073825,19.1275167785235,-4097
143.691275167785,19.1275167785235,-3982
143.758389261745,19.1275167785235,-3955
143.825503355705,19.1275167785235,-4145
143.892617449664,19.1275167785235,-4164
143.959731543624,19.1275167785235,-4205
144.026845637584,19.1275167785235,-4106
144.093959731544,19.1275167785235,-4019
144.161073825503,19.1275167785235,-3710
144.228187919463,19.1275167785235,-3461
144.295302013423,19.1275167785235,-3198
144.362416107383,19.1275167785235,-2921
144.429530201342,19.1275167785235,-3278
144.496644295302,19.1275167785235,-4057
144.563758389262,19.1275167785235,-4082
144.630872483221,19.1275167785235,-4421
144.697986577181,19.1275167785235,-4125
144.765100671141,19.1275167785235,-3476
144.832214765101,19.1275167785235,-3337
144.89932885906,19.1275167785235,-3565
144.96644295302,19.1275167785235,-3690
145.03355704698,19.1275167785235,-3742
145.10067114094,19.1275167785235,-3778
145.167785234899,19.1275167785235,-3715
145.234899328859,19.1275167785235,-3611
145.302013422819,19.1275167785235,-3539
145.369127516779,19.1275167785235,-3474
145.436241610738,19.1275167785235,-3423
145.503355704698,19.1275167785235,-3316
145.570469798658,19.1275167785235,-3098
145.637583892617,19.1275167785235,-2686
145.704697986577,19.1275167785235,-2275
145.771812080537,19.1275167785235,-2364
145.838926174497,19.1275167785235,-2488
145.906040268456,19.1275167785235,-2566
145.973154362416,19.1275167785235,-2761
146.040268456376,19.1275167785235,-2985
146.107382550336,19.1275167785235,-3192
146.174496644295,19.1275167785235,-3288
146.241610738255,19.1275167785235,-3328
146.308724832215,19.1275167785235,-3380
146.375838926175,19.1275167785235,-3512
146.442953020134,19.1275167785235,-3418
146.510067114094,19.1275167785235,-3313
146.577181208054,19.1275167785235,-3264
146.644295302013,19.1275167785235,-3261
146.711409395973,19.1275167785235,-3247
146.778523489933,19.1275167785235,-3312
146.845637583893,19.1275167785235,-3289
146.912751677852,19.1275167785235,-3298
146.979865771812,19.1275167785235,-3066
147.046979865772,19.1275167785235,-3246
147.114093959732,19.1275167785235,-3646
147.181208053691,19.1275167785235,-3571
147.248322147651,19.1275167785235,-3429
147.315436241611,19.1275167785235,-3875
147.38255033557,19.1275167785235,-4776
147.44966442953,19.1275167785235,-5377
147.51677852349,19.1275167785235,-5825
147.58389261745,19.1275167785235,-6405
147.651006711409,19.1275167785235,-6769
147.718120805369,19.1275167785235,-6210
147.785234899329,19.1275167785235,-5413
147.852348993289,19.1275167785235,-5906
147.919463087248,19.1275167785235,-6331
147.986577181208,19.1275167785235,-6344
148.053691275168,19.1275167785235,-6159
148.120805369128,19.1275167785235,-5929
148.187919463087,19.1275167785235,-5847
148.255033557047,19.1275167785235,-5730
148.322147651007,19.1275167785235,-5664
148.389261744966,19.1275167785235,-5610
148.456375838926,19.1275167785235,-5536
148.523489932886,19.1275167785235,-5460
148.590604026846,19.1275167785235,-5336
148.657718120805,19.1275167785235,-5213
148.724832214765,19.1275167785235,-5138
148.791946308725,19.1275167785235,-5126
148.859060402685,19.1275167785235,-5151
148.926174496644,19.1275167785235,-4955
148.993288590604,19.1275167785235,-4680
149.060402684564,19.1275167785235,-4809
149.127516778523,19.1275167785235,-5283
149.194630872483,19.1275167785235,-5512
149.261744966443,19.1275167785235,-5543
149.328859060403,19.1275167785235,-5542
149.395973154362,19.1275167785235,-5559
149.463087248322,19.1275167785235,-5558
149.530201342282,19.1275167785235,-5559
149.597315436242,19.1275167785235,-5521
149.664429530201,19.1275167785235,-5479
149.731543624161,19.1275167785235,-5466
149.798657718121,19.1275167785235,-5430
149.865771812081,19.1275167785235,-5459
149.93288590604,19.1275167785235,-5489
150,19.1275167785235,-5435
140,19.0604026845638,-4561
140.06711409396,19.0604026845638,-4880
140.134228187919,19.0604026845638,-4840
140.201342281879,19.0604026845638,-4738
140.268456375839,19.0604026845638,-4630
140.335570469799,19.0604026845638,-4553
140.402684563758,19.0604026845638,-4430
140.469798657718,19.0604026845638,-4514
140.536912751678,19.0604026845638,-4679
140.604026845638,19.0604026845638,-4665
140.671140939597,19.0604026845638,-4691
140.738255033557,19.0604026845638,-4851
140.805369127517,19.0604026845638,-4826
140.872483221477,19.0604026845638,-4698
140.939597315436,19.0604026845638,-4667
141.006711409396,19.0604026845638,-4666
141.073825503356,19.0604026845638,-4642
141.140939597315,19.0604026845638,-4637
141.208053691275,19.0604026845638,-4647
141.275167785235,19.0604026845638,-4640
141.342281879195,19.0604026845638,-4628
141.409395973154,19.0604026845638,-4588
141.476510067114,19.0604026845638,-4550
141.543624161074,19.0604026845638,-4511
141.610738255034,19.0604026845638,-4488
141.677852348993,19.0604026845638,-4458
141.744966442953,19.0604026845638,-4410
141.812080536913,19.0604026845638,-4367
141.879194630872,19.0604026845638,-4328
141.946308724832,19.0604026845638,-4275
142.013422818792,19.0604026845638,-4203
142.080536912752,19.0604026845638,-4176
142.147651006711,19.0604026845638,-4091
142.214765100671,19.0604026845638,-3992
142.281879194631,19.0604026845638,-3974
142.348993288591,19.0604026845638,-3909
142.41610738255,19.0604026845638,-3811
142.48322147651,19.0604026845638,-3696
142.55033557047,19.0604026845638,-3486
142.61744966443,19.0604026845638,-3154
142.684563758389,19.0604026845638,-2810
142.751677852349,19.0604026845638,-2291
142.818791946309,19.0604026845638,-2157
142.885906040268,19.0604026845638,-1845
142.953020134228,19.0604026845638,-1967
143.020134228188,19.0604026845638,-1777
143.087248322148,19.0604026845638,-1619
143.154362416107,19.0604026845638,-1908
143.221476510067,19.0604026845638,-2615
143.288590604027,19.0604026845638,-3505
143.355704697987,19.0604026845638,-4121
143.422818791946,19.0604026845638,-4738
143.489932885906,19.0604026845638,-4133
143.557046979866,19.0604026845638,-3868
143.624161073825,19.0604026845638,-4291
143.691275167785,19.0604026845638,-3878
143.758389261745,19.0604026845638,-3875
143.825503355705,19.0604026845638,-4092
143.892617449664,19.0604026845638,-4199
143.959731543624,19.0604026845638,-4189
144.026845637584,19.0604026845638,-4013
144.093959731544,19.0604026845638,-3829
144.161073825503,19.0604026845638,-3746
144.228187919463,19.0604026845638,-3650
144.295302013423,19.0604026845638,-3404
144.362416107383,19.0604026845638,-3268
144.429530201342,19.0604026845638,-3564
144.496644295302,19.0604026845638,-4308
144.563758389262,19.0604026845638,-4165
144.630872483221,19.0604026845638,-4329
144.697986577181,19.0604026845638,-4375
144.765100671141,19.0604026845638,-3797
144.832214765101,19.0604026845638,-3109
144.89932885906,19.0604026845638,-3471
144.96644295302,19.0604026845638,-3766
145.03355704698,19.0604026845638,-3766
145.10067114094,19.0604026845638,-3774
145.167785234899,19.0604026845638,-3722
145.234899328859,19.0604026845638,-3647
145.302013422819,19.0604026845638,-3513
145.369127516779,19.0604026845638,-3412
145.436241610738,19.0604026845638,-3346
145.503355704698,19.0604026845638,-3221
145.570469798658,19.0604026845638,-3096
145.637583892617,19.0604026845638,-2943
145.704697986577,19.0604026845638,-2456
145.771812080537,19.0604026845638,-2445
145.838926174497,19.0604026845638,-2529
145.906040268456,19.0604026845638,-2612
145.973154362416,19.0604026845638,-2858
146.040268456376,19.0604026845638,-3126
146.107382550336,19.0604026845638,-3299
146.174496644295,19.0604026845638,-3437
146.241610738255,19.0604026845638,-3554
146.308724832215,19.0604026845638,-3553
146.375838926175,19.0604026845638,-3541
146.442953020134,19.0604026845638,-3531
146.510067114094,19.0604026845638,-3525
146.577181208054,19.0604026845638,-3391
146.644295302013,19.0604026845638,-3339
146.711409395973,19.0604026845638,-3291
146.778523489933,19.0604026845638,-3365
146.845637583893,19.0604026845638,-3225
146.912751677852,19.0604026845638,-3151
146.979865771812,19.0604026845638,-2673
147.046979865772,19.0604026845638,-2436
147.114093959732,19.0604026845638,-3152
147.181208053691,19.0604026845638,-3521
147.248322147651,19.0604026845638,-3615
147.315436241611,19.0604026845638,-3977
147.38255033557,19.0604026845638,-4628
147.44966442953,19.0604026845638,-5277
147.51677852349,19.0604026845638,-5683
147.58389261745,19.0604026845638,-6318
147.651006711409,19.0604026845638,-6890
147.718120805369,19.0604026845638,-6641
147.785234899329,19.0604026845638,-6322
147.852348993289,19.0604026845638,-6593
147.919463087248,19.0604026845638,-6559
147.986577181208,19.0604026845638,-6352
148.053691275168,19.0604026845638,-6243
148.120805369128,19.0604026845638,-6003
148.187919463087,19.0604026845638,-5905
148.255033557047,19.0604026845638,-5792
148.322147651007,19.0604026845638,-5705
148.389261744966,19.0604026845638,-5664
148.456375838926,19.0604026845638,-5608
148.523489932886,19.0604026845638,-5509
148.590604026846,19.0604026845638,-5335
148.657718120805,19.0604026845638,-5204
148.724832214765,19.0604026845638,-5004
148.791946308725,19.0604026845638,-4677
148.859060402685,19.0604026845638,-4479
148.926174496644,19.0604026845638,-4689
148.993288590604,19.0604026845638,-4752
149.060402684564,19.0604026845638,-4986
149.127516778523,19.0604026845638,-5334
149.194630872483,19.0604026845638,-5437
149.261744966443,19.0604026845638,-5546
149.328859060403,19.0604026845638,-5568
149.395973154362,19.0604026845638,-5509
149.463087248322,19.0604026845638,-5478
149.530201342282,19.0604026845638,-5499
149.597315436242,19.0604026845638,-5496
149.664429530201,19.0604026845638,-5487
149.731543624161,19.0604026845638,-5429
149.798657718121,19.0604026845638,-5354
149.865771812081,19.0604026845638,-5411
149.93288590604,19.0604026845638,-5459
150,19.0604026845638,-5423
140,18.993288590604,-4672
140.06711409396,18.993288590604,-4806
140.134228187919,18.993288590604,-4557
140.201342281879,18.993288590604,-4414
140.268456375839,18.993288590604,-4588
140.335570469799,18.993288590604,-4763
140.402684563758,18.993288590604,-4679
140.469798657718,18.993288590604,-4605
140.536912751678,18.993288590604,-4636
140.604026845638,18.993288590604,-4646
140.671140939597,18.993288590604,-4692
140.738255033557,18.993288590604,-4766
140.805369127517,18.993288590604,-4746
140.872483221477,18.993288590604,-4704
140.939597315436,18.993288590604,-4661
141.006711409396,18.993288590604,-4645
141.073825503356,18.993288590604,-4644
141.140939597315,18.993288590604,-4666
141.208053691275,18.993288590604,-4678
141.275167785235,18.993288590604,-4671
141.342281879195,18.993288590604,-4659
141.409395973154,18.993288590604,-4622
141.476510067114,18.993288590604,-4585
141.543624161074,18.993288590604,-4555
141.610738255034,18.993288590604,-4535
141.677852348993,18.993288590604,-4495
141.744966442953,18.993288590604,-4440
141.812080536913,18.993288590604,-4391
141.879194630872,18.993288590604,-4340
141.946308724832,18.993288590604,-4279
142.013422818792,18.993288590604,-4192
142.080536912752,18.993288590604,-4163
142.147651006711,18.993288590604,-4103
142.214765100671,18.993288590604,-4077
142.281879194631,18.993288590604,-4021
142.348993288591,18.993288590604,-3948
142.41610738255,18.993288590604,-3865
142.48322147651,18.993288590604,-3738
142.55033557047,18.993288590604,-3474
142.61744966443,18.993288590604,-3037
142.684563758389,18.993288590604,-2306
142.751677852349,18.993288590604,-1846
142.818791946309,18.993288590604,-2186
142.885906040268,18.993288590604,-2204
142.953020134228,18.993288590604,-2252
143.020134228188,18.993288590604,-1761
143.087248322148,18.993288590604,-1546
143.154362416107,18.993288590604,-1781
143.221476510067,18.993288590604,-2246
143.288590604027,18.993288590604,-3310
143.355704697987,18.993288590604,-4084
143.422818791946,18.993288590604,-4650
143.489932885906,18.993288590604,-4279
143.557046979866,18.993288590604,-3921
143.624161073825,18.993288590604,-4288
143.691275167785,18.993288590604,-4180
143.758389261745,18.993288590604,-4099
143.825503355705,18.993288590604,-4088
143.892617449664,18.993288590604,-4127
143.959731543624,18.993288590604,-4088
144.026845637584,18.993288590604,-3909
144.093959731544,18.993288590604,-3905
144.161073825503,18.993288590604,-3841
144.228187919463,18.993288590604,-3765
144.295302013423,18.993288590604,-3676
144.362416107383,18.993288590604,-3514
144.429530201342,18.993288590604,-3508
144.496644295302,18.993288590604,-4082
144.563758389262,18.993288590604,-4230
144.630872483221,18.993288590604,-4198
144.697986577181,18.993288590604,-4380
144.765100671141,18.993288590604,-3999
144.832214765101,18.993288590604,-3144
144.89932885906,18.993288590604,-3574
144.96644295302,18.993288590604,-3812
145.03355704698,18.993288590604,-3773
145.10067114094,18.993288590604,-3751
145.167785234899,18.993288590604,-3672
145.234899328859,18.993288590604,-3566
145.302013422819,18.993288590604,-3492
145.369127516779,18.993288590604,-3407
145.436241610738,18.993288590604,-3278
145.503355704698,18.993288590604,-3110
145.570469798658,18.993288590604,-2973
145.637583892617,18.993288590604,-2885
145.704697986577,18.993288590604,-2603
145.771812080537,18.993288590604,-2582
145.838926174497,18.993288590604,-2675
145.906040268456,18.993288590604,-2704
145.973154362416,18.993288590604,-2962
146.040268456376,18.993288590604,-3263
146.107382550336,18.993288590604,-3439
146.174496644295,18.993288590604,-3558
146.241610738255,18.993288590604,-3653
146.308724832215,18.993288590604,-3698
146.375838926175,18.993288590604,-3680
146.442953020134,18.993288590604,-3639
146.510067114094,18.993288590604,-3616
146.577181208054,18.993288590604,-3520
146.644295302013,18.993288590604,-3536
146.711409395973,18.993288590604,-3533
146.778523489933,18.993288590604,-3483
146.845637583893,18.993288590604,-3267
146.912751677852,18.993288590604,-3140
146.979865771812,18.993288590604,-2773
147.046979865772,18.993288590604,-2631
147.114093959732,18.993288590604,-2991
147.181208053691,18.993288590604,-3676
147.248322147651,18.993288590604,-4116
147.315436241611,18.993288590604,-4204
147.38255033557,18.993288590604,-4418
147.44966442953,18.993288590604,-5010
147.51677852349,18.993288590604,-5488
147.58389261745,18.993288590604,-6102
147.651006711409,18.993288590604,-6812
147.718120805369,18.993288590604,-6916
147.785234899329,18.993288590604,-6872
147.852348993289,18.993288590604,-6767
147.919463087248,18.993288590604,-6572
147.986577181208,18.993288590604,-6353
148.053691275168,18.993288590604,-6202
148.120805369128,18.993288590604,-6118
148.187919463087,18.993288590604,-5980
148.255033557047,18.993288590604,-5854
148.322147651007,18.993288590604,-5791
148.389261744966,18.993288590604,-5727
148.456375838926,18.993288590604,-5661
148.523489932886,18.993288590604,-5506
148.590604026846,18.993288590604,-5295
148.657718120805,18.993288590604,-5026
148.724832214765,18.993288590604,-4549
148.791946308725,18.993288590604,-4077
148.859060402685,18.993288590604,-3818
148.926174496644,18.993288590604,-3927
148.993288590604,18.993288590604,-4438
149.060402684564,18.993288590604,-5064
149.127516778523,18.993288590604,-5411
149.194630872483,18.993288590604,-5375
149.261744966443,18.993288590604,-5505
149.328859060403,18.993288590604,-5560
149.395973154362,18.993288590604,-5478
149.463087248322,18.993288590604,-5482
149.530201342282,18.993288590604,-5503
149.597315436242,18.993288590604,-5484
149.664429530201,18.993288590604,-5474
149.731543624161,18.993288590604,-5399
149.798657718121,18.993288590604,-5302
149.865771812081,18.993288590604,-5368
149.93288590604,18.993288590604,-5429
150,18.993288590604,-5462
140,18.9261744966443,-4691
140.06711409396,18.9261744966443,-4787
140.134228187919,18.9261744966443,-4564
140.201342281879,18.9261744966443,-4364
140.268456375839,18.9261744966443,-4686
140.335570469799,18.9261744966443,-4959
140.402684563758,18.9261744966443,-4831
140.469798657718,18.9261744966443,-4719
140.536912751678,18.9261744966443,-4701
140.604026845638,18.9261744966443,-4698
140.671140939597,18.9261744966443,-4740
140.738255033557,18.9261744966443,-4784
140.805369127517,18.9261744966443,-4776
140.872483221477,18.9261744966443,-4762
140.939597315436,18.9261744966443,-4671
141.006711409396,18.9261744966443,-4626
141.073825503356,18.9261744966443,-4634
141.140939597315,18.9261744966443,-4672
141.208053691275,18.9261744966443,-4691
141.275167785235,18.9261744966443,-4693
141.342281879195,18.9261744966443,-4667
141.409395973154,18.9261744966443,-4641
141.476510067114,18.9261744966443,-4629
141.543624161074,18.9261744966443,-4613
141.610738255034,18.9261744966443,-4560
141.677852348993,18.9261744966443,-4488
141.744966442953,18.9261744966443,-4460
141.812080536913,18.9261744966443,-4370
141.879194630872,18.9261744966443,-4315
141.946308724832,18.9261744966443,-4279
142.013422818792,18.9261744966443,-4208
142.080536912752,18.9261744966443,-4179
142.147651006711,18.9261744966443,-4172
142.214765100671,18.9261744966443,-4135
142.281879194631,18.9261744966443,-4082
142.348993288591,18.9261744966443,-4000
142.41610738255,18.9261744966443,-3892
142.48322147651,18.9261744966443,-3547
142.55033557047,18.9261744966443,-2877
142.61744966443,18.9261744966443,-2264
142.684563758389,18.9261744966443,-1912
142.751677852349,18.9261744966443,-2283
142.818791946309,18.9261744966443,-2608
142.885906040268,18.9261744966443,-2634
142.953020134228,18.9261744966443,-2398
143.020134228188,18.9261744966443,-1644
143.087248322148,18.9261744966443,-1365
143.154362416107,18.9261744966443,-1364
143.221476510067,18.9261744966443,-1570
143.288590604027,18.9261744966443,-2533
143.355704697987,18.9261744966443,-3615
143.422818791946,18.9261744966443,-4070
143.489932885906,18.9261744966443,-4223
143.557046979866,18.9261744966443,-4110
143.624161073825,18.9261744966443,-4095
143.691275167785,18.9261744966443,-4224
143.758389261745,18.9261744966443,-4345
143.825503355705,18.9261744966443,-4043
143.892617449664,18.9261744966443,-3895
143.959731543624,18.9261744966443,-3935
144.026845637584,18.9261744966443,-3808
144.093959731544,18.9261744966443,-3844
144.161073825503,18.9261744966443,-3775
144.228187919463,18.9261744966443,-3519
144.295302013423,18.9261744966443,-3910
144.362416107383,18.9261744966443,-3766
144.429530201342,18.9261744966443,-3392
144.496644295302,18.9261744966443,-3646
144.563758389262,18.9261744966443,-4026
144.630872483221,18.9261744966443,-4113
144.697986577181,18.9261744966443,-4269
144.765100671141,18.9261744966443,-3925
144.832214765101,18.9261744966443,-3455
144.89932885906,18.9261744966443,-3691
144.96644295302,18.9261744966443,-3789
145.03355704698,18.9261744966443,-3729
145.10067114094,18.9261744966443,-3767
145.167785234899,18.9261744966443,-3669
145.234899328859,18.9261744966443,-3534
145.302013422819,18.9261744966443,-3385
145.369127516779,18.9261744966443,-3308
145.436241610738,18.9261744966443,-3231
145.503355704698,18.9261744966443,-2897
145.570469798658,18.9261744966443,-2242
145.637583892617,18.9261744966443,-1886
145.704697986577,18.9261744966443,-2096
145.771812080537,18.9261744966443,-2562
145.838926174497,18.9261744966443,-2761
145.906040268456,18.9261744966443,-2842
145.973154362416,18.9261744966443,-3066
146.040268456376,18.9261744966443,-3336
146.107382550336,18.9261744966443,-3511
146.174496644295,18.9261744966443,-3605
146.241610738255,18.9261744966443,-3683
146.308724832215,18.9261744966443,-3745
146.375838926175,18.9261744966443,-3728
146.442953020134,18.9261744966443,-3641
146.510067114094,18.9261744966443,-3684
146.577181208054,18.9261744966443,-3756
146.644295302013,18.9261744966443,-3841
146.711409395973,18.9261744966443,-3695
146.778523489933,18.9261744966443,-3571
146.845637583893,18.9261744966443,-3430
146.912751677852,18.9261744966443,-3147
146.979865771812,18.9261744966443,-2728
147.046979865772,18.9261744966443,-2508
147.114093959732,18.9261744966443,-3243
147.181208053691,18.9261744966443,-3976
147.248322147651,18.9261744966443,-3937
147.315436241611,18.9261744966443,-3758
147.38255033557,18.9261744966443,-4365
147.44966442953,18.9261744966443,-4541
147.51677852349,18.9261744966443,-5154
147.58389261745,18.9261744966443,-5762
147.651006711409,18.9261744966443,-6676
147.718120805369,18.9261744966443,-6871
147.785234899329,18.9261744966443,-6734
147.852348993289,18.9261744966443,-6756
147.919463087248,18.9261744966443,-6539
147.986577181208,18.9261744966443,-6373
148.053691275168,18.9261744966443,-6238
148.120805369128,18.9261744966443,-6147
148.187919463087,18.9261744966443,-6080
148.255033557047,18.9261744966443,-5970
148.322147651007,18.9261744966443,-5851
148.389261744966,18.9261744966443,-5786
148.456375838926,18.9261744966443,-5763
148.523489932886,18.9261744966443,-5603
148.590604026846,18.9261744966443,-5253
148.657718120805,18.9261744966443,-4707
148.724832214765,18.9261744966443,-3858
148.791946308725,18.9261744966443,-3140
148.859060402685,18.9261744966443,-2835
148.926174496644,18.9261744966443,-3380
148.993288590604,18.9261744966443,-4300
149.060402684564,18.9261744966443,-5173
149.127516778523,18.9261744966443,-5491
149.194630872483,18.9261744966443,-5444
149.261744966443,18.9261744966443,-5559
149.328859060403,18.9261744966443,-5572
149.395973154362,18.9261744966443,-5498
149.463087248322,18.9261744966443,-5506
149.530201342282,18.9261744966443,-5484
149.597315436242,18.9261744966443,-5406
149.664429530201,18.9261744966443,-5400
149.731543624161,18.9261744966443,-5379
149.798657718121,18.9261744966443,-5300
149.865771812081,18.9261744966443,-5345
149.93288590604,18.9261744966443,-5420
150,18.9261744966443,-5480
140,18.8590604026846,-4740
140.06711409396,18.8590604026846,-4900
140.134228187919,18.8590604026846,-4891
140.201342281879,18.8590604026846,-4700
140.268456375839,18.8590604026846,-4830
140.335570469799,18.8590604026846,-4951
140.402684563758,18.8590604026846,-4830
140.469798657718,18.8590604026846,-4751
140.536912751678,18.8590604026846,-4689
140.604026845638,18.8590604026846,-4746
140.671140939597,18.8590604026846,-4716
140.738255033557,18.8590604026846,-4740
140.805369127517,18.8590604026846,-4748
140.872483221477,18.8590604026846,-4766
140.939597315436,18.8590604026846,-4660
141.006711409396,18.8590604026846,-4588
141.073825503356,18.8590604026846,-4591
141.140939597315,18.8590604026846,-4636
141.208053691275,18.8590604026846,-4678
141.275167785235,18.8590604026846,-4690
141.342281879195,18.8590604026846,-4699
141.409395973154,18.8590604026846,-4691
141.476510067114,18.8590604026846,-4656
141.543624161074,18.8590604026846,-4611
141.610738255034,18.8590604026846,-4581
141.677852348993,18.8590604026846,-4511
141.744966442953,18.8590604026846,-4454
141.812080536913,18.8590604026846,-4383
141.879194630872,18.8590604026846,-4341
141.946308724832,18.8590604026846,-4314
142.013422818792,18.8590604026846,-4275
142.080536912752,18.8590604026846,-4261
142.147651006711,18.8590604026846,-4240
142.214765100671,18.8590604026846,-4145
142.281879194631,18.8590604026846,-4059
142.348993288591,18.8590604026846,-3963
142.41610738255,18.8590604026846,-3789
142.48322147651,18.8590604026846,-3120
142.55033557047,18.8590604026846,-2148
142.61744966443,18.8590604026846,-2635
142.684563758389,18.8590604026846,-2947
142.751677852349,18.8590604026846,-2804
142.818791946309,18.8590604026846,-2831
142.885906040268,18.8590604026846,-2851
142.953020134228,18.8590604026846,-2367
143.020134228188,18.8590604026846,-1784
143.087248322148,18.8590604026846,-1505
143.154362416107,18.8590604026846,-1134
143.221476510067,18.8590604026846,-1835
143.288590604027,18.8590604026846,-2869
143.355704697987,18.8590604026846,-3384
143.422818791946,18.8590604026846,-3531
143.489932885906,18.8590604026846,-3657
143.557046979866,18.8590604026846,-4185
143.624161073825,18.8590604026846,-4162
143.691275167785,18.8590604026846,-3939
143.758389261745,18.8590604026846,-3972
143.825503355705,18.8590604026846,-3809
143.892617449664,18.8590604026846,-3586
143.959731543624,18.8590604026846,-3936
144.026845637584,18.8590604026846,-3823
144.093959731544,18.8590604026846,-3779
144.161073825503,18.8590604026846,-4022
144.228187919463,18.8590604026846,-3767
144.295302013423,18.8590604026846,-4115
144.362416107383,18.8590604026846,-3777
144.429530201342,18.8590604026846,-3583
144.496644295302,18.8590604026846,-3693
144.563758389262,18.8590604026846,-4057
144.630872483221,18.8590604026846,-3875
144.697986577181,18.8590604026846,-3959
144.765100671141,18.8590604026846,-4020
144.832214765101,18.8590604026846,-3908
144.89932885906,18.8590604026846,-3799
144.96644295302,18.8590604026846,-3768
145.03355704698,18.8590604026846,-3759
145.10067114094,18.8590604026846,-3779
145.167785234899,18.8590604026846,-3622
145.234899328859,18.8590604026846,-3532
145.302013422819,18.8590604026846,-3321
145.369127516779,18.8590604026846,-3203
145.436241610738,18.8590604026846,-3136
145.503355704698,18.8590604026846,-2653
145.570469798658,18.8590604026846,-1394
145.637583892617,18.8590604026846,-372
145.704697986577,18.8590604026846,-721
145.771812080537,18.8590604026846,-2149
145.838926174497,18.8590604026846,-2818
145.906040268456,18.8590604026846,-3027
145.973154362416,18.8590604026846,-3238
146.040268456376,18.8590604026846,-3360
146.107382550336,18.8590604026846,-3506
146.174496644295,18.8590604026846,-3608
146.241610738255,18.8590604026846,-3700
146.308724832215,18.8590604026846,-3744
146.375838926175,18.8590604026846,-3728
146.442953020134,18.8590604026846,-3673
146.510067114094,18.8590604026846,-3741
146.577181208054,18.8590604026846,-3842
146.644295302013,18.8590604026846,-3864
146.711409395973,18.8590604026846,-3718
146.778523489933,18.8590604026846,-3546
146.845637583893,18.8590604026846,-3424
146.912751677852,18.8590604026846,-3148
146.979865771812,18.8590604026846,-2502
147.046979865772,18.8590604026846,-2649
147.114093959732,18.8590604026846,-3345
147.181208053691,18.8590604026846,-3461
147.248322147651,18.8590604026846,-3103
147.315436241611,18.8590604026846,-3463
147.38255033557,18.8590604026846,-4290
147.44966442953,18.8590604026846,-4404
147.51677852349,18.8590604026846,-4835
147.58389261745,18.8590604026846,-5459
147.651006711409,18.8590604026846,-6178
147.718120805369,18.8590604026846,-6457
147.785234899329,18.8590604026846,-6599
147.852348993289,18.8590604026846,-6778
147.919463087248,18.8590604026846,-6702
147.986577181208,18.8590604026846,-6461
148.053691275168,18.8590604026846,-6302
148.120805369128,18.8590604026846,-6164
148.187919463087,18.8590604026846,-6073
148.255033557047,18.8590604026846,-6024
148.322147651007,18.8590604026846,-5876
148.389261744966,18.8590604026846,-5804
148.456375838926,18.8590604026846,-5803
148.523489932886,18.8590604026846,-5668
148.590604026846,18.8590604026846,-5319
148.657718120805,18.8590604026846,-4632
148.724832214765,18.8590604026846,-3652
148.791946308725,18.8590604026846,-3135
148.859060402685,18.8590604026846,-3122
148.926174496644,18.8590604026846,-3787
148.993288590604,18.8590604026846,-4748
149.060402684564,18.8590604026846,-5348
149.127516778523,18.8590604026846,-5447
149.194630872483,18.8590604026846,-5429
149.261744966443,18.8590604026846,-5544
149.328859060403,18.8590604026846,-5560
149.395973154362,18.8590604026846,-5521
149.463087248322,18.8590604026846,-5498
149.530201342282,18.8590604026846,-5453
149.597315436242,18.8590604026846,-5375
149.664429530201,18.8590604026846,-5333
149.731543624161,18.8590604026846,-5320
149.798657718121,18.8590604026846,-5316
149.865771812081,18.8590604026846,-5339
149.93288590604,18.8590604026846,-5402
150,18.8590604026846,-5472
140,18.7919463087248,-4882
140.06711409396,18.7919463087248,-4873
140.134228187919,18.7919463087248,-4922
140.201342281879,18.7919463087248,-4897
140.268456375839,18.7919463087248,-4957
140.335570469799,18.7919463087248,-4960
140.402684563758,18.7919463087248,-4845
140.469798657718,18.7919463087248,-4746
140.536912751678,18.7919463087248,-4628
140.604026845638,18.7919463087248,-4687
140.671140939597,18.7919463087248,-4656
140.738255033557,18.7919463087248,-4687
140.805369127517,18.7919463087248,-4704
140.872483221477,18.7919463087248,-4736
140.939597315436,18.7919463087248,-4697
141.006711409396,18.7919463087248,-4609
141.073825503356,18.7919463087248,-4588
141.140939597315,18.7919463087248,-4619
141.208053691275,18.7919463087248,-4656
141.275167785235,18.7919463087248,-4683
141.342281879195,18.7919463087248,-4706
141.409395973154,18.7919463087248,-4703
141.476510067114,18.7919463087248,-4678
141.543624161074,18.7919463087248,-4626
141.610738255034,18.7919463087248,-4600
141.677852348993,18.7919463087248,-4549
141.744966442953,18.7919463087248,-4456
141.812080536913,18.7919463087248,-4447
141.879194630872,18.7919463087248,-4425
141.946308724832,18.7919463087248,-4374
142.013422818792,18.7919463087248,-4331
142.080536912752,18.7919463087248,-4301
142.147651006711,18.7919463087248,-4217
142.214765100671,18.7919463087248,-4112
142.281879194631,18.7919463087248,-3851
142.348993288591,18.7919463087248,-3685
142.41610738255,18.7919463087248,-3354
142.48322147651,18.7919463087248,-3256
142.55033557047,18.7919463087248,-2837
142.61744966443,18.7919463087248,-3088
142.684563758389,18.7919463087248,-3282
142.751677852349,18.7919463087248,-2997
142.818791946309,18.7919463087248,-3045
142.885906040268,18.7919463087248,-2952
142.953020134228,18.7919463087248,-2563
143.020134228188,18.7919463087248,-2205
143.087248322148,18.7919463087248,-1671
143.154362416107,18.7919463087248,-1907
143.221476510067,18.7919463087248,-2583
143.288590604027,18.7919463087248,-3194
143.355704697987,18.7919463087248,-3625
143.422818791946,18.7919463087248,-4171
143.489932885906,18.7919463087248,-4092
143.557046979866,18.7919463087248,-4390
143.624161073825,18.7919463087248,-4224
143.691275167785,18.7919463087248,-3944
143.758389261745,18.7919463087248,-4037
143.825503355705,18.7919463087248,-3719
143.892617449664,18.7919463087248,-3613
143.959731543624,18.7919463087248,-3975
144.026845637584,18.7919463087248,-3957
144.093959731544,18.7919463087248,-4097
144.161073825503,18.7919463087248,-4217
144.228187919463,18.7919463087248,-4218
144.295302013423,18.7919463087248,-4149
144.362416107383,18.7919463087248,-3900
144.429530201342,18.7919463087248,-3703
144.496644295302,18.7919463087248,-3798
144.563758389262,18.7919463087248,-4012
144.630872483221,18.7919463087248,-4394
144.697986577181,18.7919463087248,-3834
144.765100671141,18.7919463087248,-3900
144.832214765101,18.7919463087248,-4084
144.89932885906,18.7919463087248,-3832
144.96644295302,18.7919463087248,-3790
145.03355704698,18.7919463087248,-3789
145.10067114094,18.7919463087248,-3764
145.167785234899,18.7919463087248,-3601
145.234899328859,18.7919463087248,-3519
145.302013422819,18.7919463087248,-3377
145.369127516779,18.7919463087248,-3106
145.436241610738,18.7919463087248,-3023
145.503355704698,18.7919463087248,-2659
145.570469798658,18.7919463087248,-1468
145.637583892617,18.7919463087248,49
145.704697986577,18.7919463087248,-283
145.771812080537,18.7919463087248,-2014
145.838926174497,18.7919463087248,-2803
145.906040268456,18.7919463087248,-3082
145.973154362416,18.7919463087248,-3318
146.040268456376,18.7919463087248,-3413
146.107382550336,18.7919463087248,-3514
146.174496644295,18.7919463087248,-3621
146.241610738255,18.7919463087248,-3701
146.308724832215,18.7919463087248,-3730
146.375838926175,18.7919463087248,-3734
146.442953020134,18.7919463087248,-3773
146.510067114094,18.7919463087248,-3811
146.577181208054,18.7919463087248,-3763
146.644295302013,18.7919463087248,-3756
146.711409395973,18.7919463087248,-3727
146.778523489933,18.7919463087248,-3558
146.845637583893,18.7919463087248,-3407
146.912751677852,18.7919463087248,-2915
146.979865771812,18.7919463087248,-2426
147.046979865772,18.7919463087248,-2923
147.114093959732,18.7919463087248,-3132
147.181208053691,18.7919463087248,-2842
147.248322147651,18.7919463087248,-2420
147.315436241611,18.7919463087248,-2688
147.38255033557,18.7919463087248,-3547
147.44966442953,18.7919463087248,-3997
147.51677852349,18.7919463087248,-4176
147.58389261745,18.7919463087248,-5135
147.651006711409,18.7919463087248,-6064
147.718120805369,18.7919463087248,-6352
147.785234899329,18.7919463087248,-6711
147.852348993289,18.7919463087248,-6662
147.919463087248,18.7919463087248,-6660
147.986577181208,18.7919463087248,-6490
148.053691275168,18.7919463087248,-6329
148.120805369128,18.7919463087248,-6116
148.187919463087,18.7919463087248,-5993
148.255033557047,18.7919463087248,-6000
148.322147651007,18.7919463087248,-5919
148.389261744966,18.7919463087248,-5829
148.456375838926,18.7919463087248,-5809
148.523489932886,18.7919463087248,-5743
148.590604026846,18.7919463087248,-5443
148.657718120805,18.7919463087248,-4574
148.724832214765,18.7919463087248,-3339
148.791946308725,18.7919463087248,-3285
148.859060402685,18.7919463087248,-3776
148.926174496644,18.7919463087248,-4430
148.993288590604,18.7919463087248,-5068
149.060402684564,18.7919463087248,-5402
149.127516778523,18.7919463087248,-5380
149.194630872483,18.7919463087248,-5381
149.261744966443,18.7919463087248,-5535
149.328859060403,18.7919463087248,-5559
149.395973154362,18.7919463087248,-5514
149.463087248322,18.7919463087248,-5467
149.530201342282,18.7919463087248,-5471
149.597315436242,18.7919463087248,-5446
149.664429530201,18.7919463087248,-5353
149.731543624161,18.7919463087248,-5277
149.798657718121,18.7919463087248,-5337
149.865771812081,18.7919463087248,-5382
149.93288590604,18.7919463087248,-5404
150,18.7919463087248,-5434
140,18.7248322147651,-4947
140.06711409396,18.7248322147651,-4756
140.134228187919,18.7248322147651,-4809
140.201342281879,18.7248322147651,-4931
140.268456375839,18.7248322147651,-5058
140.335570469799,18.7248322147651,-5115
140.402684563758,18.7248322147651,-4959
140.469798657718,18.7248322147651,-4793
140.536912751678,18.7248322147651,-4646
140.604026845638,18.7248322147651,-4680
140.671140939597,18.7248322147651,-4655
140.738255033557,18.7248322147651,-4677
140.805369127517,18.7248322147651,-4686
140.872483221477,18.7248322147651,-4686
140.939597315436,18.7248322147651,-4687
141.006711409396,18.7248322147651,-4671
141.073825503356,18.7248322147651,-4647
141.140939597315,18.7248322147651,-4628
141.208053691275,18.7248322147651,-4637
141.275167785235,18.7248322147651,-4681
141.342281879195,18.7248322147651,-4700
141.409395973154,18.7248322147651,-4703
141.476510067114,18.7248322147651,-4673
141.543624161074,18.7248322147651,-4632
141.610738255034,18.7248322147651,-4623
141.677852348993,18.7248322147651,-4574
141.744966442953,18.7248322147651,-4562
141.812080536913,18.7248322147651,-4501
141.879194630872,18.7248322147651,-4466
141.946308724832,18.7248322147651,-4414
142.013422818792,18.7248322147651,-4347
142.080536912752,18.7248322147651,-4273
142.147651006711,18.7248322147651,-4191
142.214765100671,18.7248322147651,-4037
142.281879194631,18.7248322147651,-3490
142.348993288591,18.7248322147651,-3396
142.41610738255,18.7248322147651,-2678
142.48322147651,18.7248322147651,-3196
142.55033557047,18.7248322147651,-3393
142.61744966443,18.7248322147651,-3439
142.684563758389,18.7248322147651,-3497
142.751677852349,18.7248322147651,-3349
142.818791946309,18.7248322147651,-3289
142.885906040268,18.7248322147651,-3084
142.953020134228,18.7248322147651,-2816
143.020134228188,18.7248322147651,-2586
143.087248322148,18.7248322147651,-2274
143.154362416107,18.7248322147651,-2583
143.221476510067,18.7248322147651,-3126
143.288590604027,18.7248322147651,-3366
143.355704697987,18.7248322147651,-3760
143.422818791946,18.7248322147651,-4186
143.489932885906,18.7248322147651,-4407
143.557046979866,18.7248322147651,-4280
143.624161073825,18.7248322147651,-4027
143.691275167785,18.7248322147651,-3807
143.758389261745,18.7248322147651,-4098
143.825503355705,18.7248322147651,-3940
143.892617449664,18.7248322147651,-3911
143.959731543624,18.7248322147651,-4210
144.026845637584,18.7248322147651,-4302
144.093959731544,18.7248322147651,-4232
144.161073825503,18.7248322147651,-4151
144.228187919463,18.7248322147651,-4293
144.295302013423,18.7248322147651,-4175
144.362416107383,18.7248322147651,-4074
144.429530201342,18.7248322147651,-3941
144.496644295302,18.7248322147651,-3865
144.563758389262,18.7248322147651,-4031
144.630872483221,18.7248322147651,-4649
144.697986577181,18.7248322147651,-4071
144.765100671141,18.7248322147651,-3842
144.832214765101,18.7248322147651,-4040
144.89932885906,18.7248322147651,-3747
144.96644295302,18.7248322147651,-3743
145.03355704698,18.7248322147651,-3792
145.10067114094,18.7248322147651,-3759
145.167785234899,18.7248322147651,-3687
145.234899328859,18.7248322147651,-3591
145.302013422819,18.7248322147651,-3462
145.369127516779,18.7248322147651,-3170
145.436241610738,18.7248322147651,-3033
145.503355704698,18.7248322147651,-2762
145.570469798658,18.7248322147651,-2014
145.637583892617,18.7248322147651,-1096
145.704697986577,18.7248322147651,-1395
145.771812080537,18.7248322147651,-2362
145.838926174497,18.7248322147651,-2764
145.906040268456,18.7248322147651,-3038
145.973154362416,18.7248322147651,-3289
146.040268456376,18.7248322147651,-3441
146.107382550336,18.7248322147651,-3544
146.174496644295,18.7248322147651,-3630
146.241610738255,18.7248322147651,-3693
146.308724832215,18.7248322147651,-3708
146.375838926175,18.7248322147651,-3704
146.442953020134,18.7248322147651,-3797
146.510067114094,18.7248322147651,-3848
146.577181208054,18.7248322147651,-3710
146.644295302013,18.7248322147651,-3665
146.711409395973,18.7248322147651,-3709
146.778523489933,18.7248322147651,-3591
146.845637583893,18.7248322147651,-3442
146.912751677852,18.7248322147651,-3006
146.979865771812,18.7248322147651,-2616
147.046979865772,18.7248322147651,-3129
147.114093959732,18.7248322147651,-3450
147.181208053691,18.7248322147651,-3256
147.248322147651,18.7248322147651,-2774
147.315436241611,18.7248322147651,-2372
147.38255033557,18.7248322147651,-2835
147.44966442953,18.7248322147651,-3506
147.51677852349,18.7248322147651,-3817
147.58389261745,18.7248322147651,-4698
147.651006711409,18.7248322147651,-6007
147.718120805369,18.7248322147651,-6390
147.785234899329,18.7248322147651,-6391
147.852348993289,18.7248322147651,-6277
147.919463087248,18.7248322147651,-6125
147.986577181208,18.7248322147651,-6256
148.053691275168,18.7248322147651,-6153
148.120805369128,18.7248322147651,-5973
148.187919463087,18.7248322147651,-5881
148.255033557047,18.7248322147651,-5942
148.322147651007,18.7248322147651,-5998
148.389261744966,18.7248322147651,-5911
148.456375838926,18.7248322147651,-5848
148.523489932886,18.7248322147651,-5884
148.590604026846,18.7248322147651,-5690
148.657718120805,18.7248322147651,-4772
148.724832214765,18.7248322147651,-3058
148.791946308725,18.7248322147651,-3233
148.859060402685,18.7248322147651,-3974
148.926174496644,18.7248322147651,-4418
148.993288590604,18.7248322147651,-4878
149.060402684564,18.7248322147651,-5359
149.127516778523,18.7248322147651,-5448
149.194630872483,18.7248322147651,-5445
149.261744966443,18.7248322147651,-5555
149.328859060403,18.7248322147651,-5554
149.395973154362,18.7248322147651,-5504
149.463087248322,18.7248322147651,-5456
149.530201342282,18.7248322147651,-5469
149.597315436242,18.7248322147651,-5505
149.664429530201,18.7248322147651,-5400
149.731543624161,18.7248322147651,-5283
149.798657718121,18.7248322147651,-5330
149.865771812081,18.7248322147651,-5397
149.93288590604,18.7248322147651,-5417
150,18.7248322147651,-5384
140,18.6577181208054,-4848
140.06711409396,18.6577181208054,-4710
140.134228187919,18.6577181208054,-4689
140.201342281879,18.6577181208054,-4757
140.268456375839,18.6577181208054,-4894
140.335570469799,18.6577181208054,-5033
140.402684563758,18.6577181208054,-5014
140.469798657718,18.6577181208054,-4827
140.536912751678,18.6577181208054,-4709
140.604026845638,18.6577181208054,-4683
140.671140939597,18.6577181208054,-4668
140.738255033557,18.6577181208054,-4681
140.805369127517,18.6577181208054,-4670
140.872483221477,18.6577181208054,-4646
140.939597315436,18.6577181208054,-4604
141.006711409396,18.6577181208054,-4624
141.073825503356,18.6577181208054,-4654
141.140939597315,18.6577181208054,-4639
141.208053691275,18.6577181208054,-4631
141.275167785235,18.6577181208054,-4659
141.342281879195,18.6577181208054,-4676
141.409395973154,18.6577181208054,-4678
141.476510067114,18.6577181208054,-4631
141.543624161074,18.6577181208054,-4621
141.610738255034,18.6577181208054,-4627
141.677852348993,18.6577181208054,-4561
141.744966442953,18.6577181208054,-4543
141.812080536913,18.6577181208054,-4501
141.879194630872,18.6577181208054,-4459
141.946308724832,18.6577181208054,-4399
142.013422818792,18.6577181208054,-4318
142.080536912752,18.6577181208054,-4264
142.147651006711,18.6577181208054,-4193
142.214765100671,18.6577181208054,-4094
142.281879194631,18.6577181208054,-3943
142.348993288591,18.6577181208054,-3752
142.41610738255,18.6577181208054,-3500
142.48322147651,18.6577181208054,-3639
142.55033557047,18.6577181208054,-3735
142.61744966443,18.6577181208054,-3679
142.684563758389,18.6577181208054,-3555
142.751677852349,18.6577181208054,-3447
142.818791946309,18.6577181208054,-3310
142.885906040268,18.6577181208054,-3122
142.953020134228,18.6577181208054,-2878
143.020134228188,18.6577181208054,-2546
143.087248322148,18.6577181208054,-2232
143.154362416107,18.6577181208054,-2379
143.221476510067,18.6577181208054,-2989
143.288590604027,18.6577181208054,-3359
143.355704697987,18.6577181208054,-3852
143.422818791946,18.6577181208054,-4228
143.489932885906,18.6577181208054,-4531
143.557046979866,18.6577181208054,-4089
143.624161073825,18.6577181208054,-3902
143.691275167785,18.6577181208054,-3934
143.758389261745,18.6577181208054,-4220
143.825503355705,18.6577181208054,-4139
143.892617449664,18.6577181208054,-3942
143.959731543624,18.6577181208054,-4376
144.026845637584,18.6577181208054,-4323
144.093959731544,18.6577181208054,-4205
144.161073825503,18.6577181208054,-4044
144.228187919463,18.6577181208054,-4268
144.295302013423,18.6577181208054,-4218
144.362416107383,18.6577181208054,-4284
144.429530201342,18.6577181208054,-4025
144.496644295302,18.6577181208054,-3771
144.563758389262,18.6577181208054,-4095
144.630872483221,18.6577181208054,-5060
144.697986577181,18.6577181208054,-4106
144.765100671141,18.6577181208054,-3744
144.832214765101,18.6577181208054,-4040
144.89932885906,18.6577181208054,-3722
144.96644295302,18.6577181208054,-3731
145.03355704698,18.6577181208054,-3786
145.10067114094,18.6577181208054,-3757
145.167785234899,18.6577181208054,-3714
145.234899328859,18.6577181208054,-3642
145.302013422819,18.6577181208054,-3543
145.369127516779,18.6577181208054,-3367
145.436241610738,18.6577181208054,-3232
145.503355704698,18.6577181208054,-2984
145.570469798658,18.6577181208054,-2591
145.637583892617,18.6577181208054,-2377
145.704697986577,18.6577181208054,-2500
145.771812080537,18.6577181208054,-2657
145.838926174497,18.6577181208054,-2809
145.906040268456,18.6577181208054,-3069
145.973154362416,18.6577181208054,-3344
146.040268456376,18.6577181208054,-3472
146.107382550336,18.6577181208054,-3553
146.174496644295,18.6577181208054,-3618
146.241610738255,18.6577181208054,-3660
146.308724832215,18.6577181208054,-3698
146.375838926175,18.6577181208054,-3699
146.442953020134,18.6577181208054,-3735
146.510067114094,18.6577181208054,-3731
146.577181208054,18.6577181208054,-3630
146.644295302013,18.6577181208054,-3590
146.711409395973,18.6577181208054,-3669
146.778523489933,18.6577181208054,-3684
146.845637583893,18.6577181208054,-3526
146.912751677852,18.6577181208054,-3132
146.979865771812,18.6577181208054,-2835
147.046979865772,18.6577181208054,-3345
147.114093959732,18.6577181208054,-4010
147.181208053691,18.6577181208054,-3555
147.248322147651,18.6577181208054,-2941
147.315436241611,18.6577181208054,-2782
147.38255033557,18.6577181208054,-3155
147.44966442953,18.6577181208054,-3657
147.51677852349,18.6577181208054,-3797
147.58389261745,18.6577181208054,-4175
147.651006711409,18.6577181208054,-5513
147.718120805369,18.6577181208054,-5830
147.785234899329,18.6577181208054,-5481
147.852348993289,18.6577181208054,-5228
147.919463087248,18.6577181208054,-5210
147.986577181208,18.6577181208054,-5517
148.053691275168,18.6577181208054,-5857
148.120805369128,18.6577181208054,-5788
148.187919463087,18.6577181208054,-5771
148.255033557047,18.6577181208054,-5914
148.322147651007,18.6577181208054,-5943
148.389261744966,18.6577181208054,-5882
148.456375838926,18.6577181208054,-5842
148.523489932886,18.6577181208054,-5939
148.590604026846,18.6577181208054,-5773
148.657718120805,18.6577181208054,-4990
148.724832214765,18.6577181208054,-3982
148.791946308725,18.6577181208054,-3925
148.859060402685,18.6577181208054,-4234
148.926174496644,18.6577181208054,-4195
148.993288590604,18.6577181208054,-4572
149.060402684564,18.6577181208054,-5294
149.127516778523,18.6577181208054,-5575
149.194630872483,18.6577181208054,-5583
149.261744966443,18.6577181208054,-5589
149.328859060403,18.6577181208054,-5566
149.395973154362,18.6577181208054,-5490
149.463087248322,18.6577181208054,-5412
149.530201342282,18.6577181208054,-5435
149.597315436242,18.6577181208054,-5505
149.664429530201,18.6577181208054,-5431
149.731543624161,18.6577181208054,-5324
149.798657718121,18.6577181208054,-5302
149.865771812081,18.6577181208054,-5388
149.93288590604,18.6577181208054,-5446
150,18.6577181208054,-5385
140,18.5906040268456,-4975
140.06711409396,18.5906040268456,-4953
140.134228187919,18.5906040268456,-4878
140.201342281879,18.5906040268456,-4690
140.268456375839,18.5906040268456,-4755
140.335570469799,18.5906040268456,-4980
140.402684563758,18.5906040268456,-5094
140.469798657718,18.5906040268456,-4883
140.536912751678,18.5906040268456,-4736
140.604026845638,18.5906040268456,-4625
140.671140939597,18.5906040268456,-4590
140.738255033557,18.5906040268456,-4682
140.805369127517,18.5906040268456,-4707
140.872483221477,18.5906040268456,-4668
140.939597315436,18.5906040268456,-4614
141.006711409396,18.5906040268456,-4606
141.073825503356,18.5906040268456,-4642
141.140939597315,18.5906040268456,-4676
141.208053691275,18.5906040268456,-4636
141.275167785235,18.5906040268456,-4629
141.342281879195,18.5906040268456,-4618
141.409395973154,18.5906040268456,-4613
141.476510067114,18.5906040268456,-4595
141.543624161074,18.5906040268456,-4625
141.610738255034,18.5906040268456,-4606
141.677852348993,18.5906040268456,-4557
141.744966442953,18.5906040268456,-4521
141.812080536913,18.5906040268456,-4490
141.879194630872,18.5906040268456,-4438
141.946308724832,18.5906040268456,-4356
142.013422818792,18.5906040268456,-4283
142.080536912752,18.5906040268456,-4233
142.147651006711,18.5906040268456,-4165
142.214765100671,18.5906040268456,-4105
142.281879194631,18.5906040268456,-4055
142.348993288591,18.5906040268456,-3981
142.41610738255,18.5906040268456,-3949
142.48322147651,18.5906040268456,-3911
142.55033557047,18.5906040268456,-3791
142.61744966443,18.5906040268456,-3662
142.684563758389,18.5906040268456,-3531
142.751677852349,18.5906040268456,-3381
142.818791946309,18.5906040268456,-3219
142.885906040268,18.5906040268456,-3025
142.953020134228,18.5906040268456,-2653
143.020134228188,18.5906040268456,-2429
143.087248322148,18.5906040268456,-2126
143.154362416107,18.5906040268456,-1958
143.221476510067,18.5906040268456,-2356
143.288590604027,18.5906040268456,-2705
143.355704697987,18.5906040268456,-3616
143.422818791946,18.5906040268456,-4079
143.489932885906,18.5906040268456,-4346
143.557046979866,18.5906040268456,-3757
143.624161073825,18.5906040268456,-3674
143.691275167785,18.5906040268456,-3914
143.758389261745,18.5906040268456,-3942
143.825503355705,18.5906040268456,-3834
143.892617449664,18.5906040268456,-3779
143.959731543624,18.5906040268456,-4204
144.026845637584,18.5906040268456,-4320
144.093959731544,18.5906040268456,-4116
144.161073825503,18.5906040268456,-3917
144.228187919463,18.5906040268456,-4191
144.295302013423,18.5906040268456,-4223
144.362416107383,18.5906040268456,-4117
144.429530201342,18.5906040268456,-3734
144.496644295302,18.5906040268456,-3614
144.563758389262,18.5906040268456,-3847
144.630872483221,18.5906040268456,-4803
144.697986577181,18.5906040268456,-4510
144.765100671141,18.5906040268456,-3769
144.832214765101,18.5906040268456,-3775
144.89932885906,18.5906040268456,-3661
144.96644295302,18.5906040268456,-3806
145.03355704698,18.5906040268456,-3812
145.10067114094,18.5906040268456,-3724
145.167785234899,18.5906040268456,-3707
145.234899328859,18.5906040268456,-3650
145.302013422819,18.5906040268456,-3600
145.369127516779,18.5906040268456,-3521
145.436241610738,18.5906040268456,-3439
145.503355704698,18.5906040268456,-3008
145.570469798658,18.5906040268456,-2917
145.637583892617,18.5906040268456,-2993
145.704697986577,18.5906040268456,-2930
145.771812080537,18.5906040268456,-2864
145.838926174497,18.5906040268456,-2970
145.906040268456,18.5906040268456,-3172
145.973154362416,18.5906040268456,-3351
146.040268456376,18.5906040268456,-3436
146.107382550336,18.5906040268456,-3527
146.174496644295,18.5906040268456,-3600
146.241610738255,18.5906040268456,-3613
146.308724832215,18.5906040268456,-3700
146.375838926175,18.5906040268456,-3722
146.442953020134,18.5906040268456,-3719
146.510067114094,18.5906040268456,-3688
146.577181208054,18.5906040268456,-3638
146.644295302013,18.5906040268456,-3613
146.711409395973,18.5906040268456,-3701
146.778523489933,18.5906040268456,-3762
146.845637583893,18.5906040268456,-3701
146.912751677852,18.5906040268456,-3524
146.979865771812,18.5906040268456,-3422
147.046979865772,18.5906040268456,-3674
147.114093959732,18.5906040268456,-3845
147.181208053691,18.5906040268456,-3301
147.248322147651,18.5906040268456,-3140
147.315436241611,18.5906040268456,-3322
147.38255033557,18.5906040268456,-3902
147.44966442953,18.5906040268456,-4270
147.51677852349,18.5906040268456,-4182
147.58389261745,18.5906040268456,-4073
147.651006711409,18.5906040268456,-4811
147.718120805369,18.5906040268456,-5306
147.785234899329,18.5906040268456,-4483
147.852348993289,18.5906040268456,-4206
147.919463087248,18.5906040268456,-4346
147.986577181208,18.5906040268456,-4758
148.053691275168,18.5906040268456,-5355
148.120805369128,18.5906040268456,-5563
148.187919463087,18.5906040268456,-5703
148.255033557047,18.5906040268456,-5850
148.322147651007,18.5906040268456,-5865
148.389261744966,18.5906040268456,-5874
148.456375838926,18.5906040268456,-5860
148.523489932886,18.5906040268456,-5894
148.590604026846,18.5906040268456,-5824
148.657718120805,18.5906040268456,-5500
148.724832214765,18.5906040268456,-5206
148.791946308725,18.5906040268456,-5176
148.859060402685,18.5906040268456,-5079
148.926174496644,18.5906040268456,-4824
148.993288590604,18.5906040268456,-5003
149.060402684564,18.5906040268456,-5417
149.127516778523,18.5906040268456,-5600
149.194630872483,18.5906040268456,-5637
149.261744966443,18.5906040268456,-5663
149.328859060403,18.5906040268456,-5607
149.395973154362,18.5906040268456,-5545
149.463087248322,18.5906040268456,-5440
149.530201342282,18.5906040268456,-5438
149.597315436242,18.5906040268456,-5453
149.664429530201,18.5906040268456,-5428
149.731543624161,18.5906040268456,-5395
149.798657718121,18.5906040268456,-5331
149.865771812081,18.5906040268456,-5363
149.93288590604,18.5906040268456,-5435
150,18.5906040268456,-5413
140,18.5234899328859,-4715
140.06711409396,18.5234899328859,-4809
140.134228187919,18.5234899328859,-4658
140.201342281879,18.5234899328859,-4644
140.268456375839,18.5234899328859,-4698
140.335570469799,18.5234899328859,-4899
140.402684563758,18.5234899328859,-5083
140.469798657718,18.5234899328859,-4904
140.536912751678,18.5234899328859,-4735
140.604026845638,18.5234899328859,-4629
140.671140939597,18.5234899328859,-4607
140.738255033557,18.5234899328859,-4690
140.805369127517,18.5234899328859,-4717
140.872483221477,18.5234899328859,-4679
140.939597315436,18.5234899328859,-4634
141.006711409396,18.5234899328859,-4604
141.073825503356,18.5234899328859,-4644
141.140939597315,18.5234899328859,-4704
141.208053691275,18.5234899328859,-4641
141.275167785235,18.5234899328859,-4661
141.342281879195,18.5234899328859,-4701
141.409395973154,18.5234899328859,-4613
141.476510067114,18.5234899328859,-4610
141.543624161074,18.5234899328859,-4627
141.610738255034,18.5234899328859,-4614
141.677852348993,18.5234899328859,-4603
141.744966442953,18.5234899328859,-4526
141.812080536913,18.5234899328859,-4453
141.879194630872,18.5234899328859,-4413
141.946308724832,18.5234899328859,-4332
142.013422818792,18.5234899328859,-4267
142.080536912752,18.5234899328859,-4224
142.147651006711,18.5234899328859,-4174
142.214765100671,18.5234899328859,-4112
142.281879194631,18.5234899328859,-4051
142.348993288591,18.5234899328859,-4011
142.41610738255,18.5234899328859,-3987
142.48322147651,18.5234899328859,-3868
142.55033557047,18.5234899328859,-3759
142.61744966443,18.5234899328859,-3608
142.684563758389,18.5234899328859,-3465
142.751677852349,18.5234899328859,-3287
142.818791946309,18.5234899328859,-2981
142.885906040268,18.5234899328859,-2766
142.953020134228,18.5234899328859,-2374
143.020134228188,18.5234899328859,-2067
143.087248322148,18.5234899328859,-1966
143.154362416107,18.5234899328859,-1869
143.221476510067,18.5234899328859,-1980
143.288590604027,18.5234899328859,-2022
143.355704697987,18.5234899328859,-3069
143.422818791946,18.5234899328859,-3299
143.489932885906,18.5234899328859,-3625
143.557046979866,18.5234899328859,-3774
143.624161073825,18.5234899328859,-4138
143.691275167785,18.5234899328859,-4046
143.758389261745,18.5234899328859,-3844
143.825503355705,18.5234899328859,-3746
143.892617449664,18.5234899328859,-3974
143.959731543624,18.5234899328859,-4258
144.026845637584,18.5234899328859,-4222
144.093959731544,18.5234899328859,-4231
144.161073825503,18.5234899328859,-4155
144.228187919463,18.5234899328859,-4221
144.295302013423,18.5234899328859,-4125
144.362416107383,18.5234899328859,-3512
144.429530201342,18.5234899328859,-3234
144.496644295302,18.5234899328859,-3402
144.563758389262,18.5234899328859,-3720
144.630872483221,18.5234899328859,-4465
144.697986577181,18.5234899328859,-4512
144.765100671141,18.5234899328859,-4085
144.832214765101,18.5234899328859,-3644
144.89932885906,18.5234899328859,-3799
144.96644295302,18.5234899328859,-3802
145.03355704698,18.5234899328859,-3812
145.10067114094,18.5234899328859,-3761
145.167785234899,18.5234899328859,-3697
145.234899328859,18.5234899328859,-3635
145.302013422819,18.5234899328859,-3547
145.369127516779,18.5234899328859,-3492
145.436241610738,18.5234899328859,-3424
145.503355704698,18.5234899328859,-3293
145.570469798658,18.5234899328859,-3184
145.637583892617,18.5234899328859,-3076
145.704697986577,18.5234899328859,-3002
145.771812080537,18.5234899328859,-2982
145.838926174497,18.5234899328859,-3067
145.906040268456,18.5234899328859,-3158
145.973154362416,18.5234899328859,-3281
146.040268456376,18.5234899328859,-3395
146.107382550336,18.5234899328859,-3494
146.174496644295,18.5234899328859,-3553
146.241610738255,18.5234899328859,-3605
146.308724832215,18.5234899328859,-3677
146.375838926175,18.5234899328859,-3701
146.442953020134,18.5234899328859,-3701
146.510067114094,18.5234899328859,-3705
146.577181208054,18.5234899328859,-3717
146.644295302013,18.5234899328859,-3709
146.711409395973,18.5234899328859,-3691
146.778523489933,18.5234899328859,-3746
146.845637583893,18.5234899328859,-3834
146.912751677852,18.5234899328859,-3885
146.979865771812,18.5234899328859,-4048
147.046979865772,18.5234899328859,-4082
147.114093959732,18.5234899328859,-3810
147.181208053691,18.5234899328859,-3109
147.248322147651,18.5234899328859,-2837
147.315436241611,18.5234899328859,-3183
147.38255033557,18.5234899328859,-3527
147.44966442953,18.5234899328859,-3733
147.51677852349,18.5234899328859,-3944
147.58389261745,18.5234899328859,-4236
147.651006711409,18.5234899328859,-4868
147.718120805369,18.5234899328859,-4977
147.785234899329,18.5234899328859,-4589
147.852348993289,18.5234899328859,-4243
147.919463087248,18.5234899328859,-4351
147.986577181208,18.5234899328859,-4464
148.053691275168,18.5234899328859,-5075
148.120805369128,18.5234899328859,-5512
148.187919463087,18.5234899328859,-5741
148.255033557047,18.5234899328859,-5866
148.322147651007,18.5234899328859,-5877
148.389261744966,18.5234899328859,-5946
148.456375838926,18.5234899328859,-5932
148.523489932886,18.5234899328859,-5861
148.590604026846,18.5234899328859,-5786
148.657718120805,18.5234899328859,-5739
148.724832214765,18.5234899328859,-5691
148.791946308725,18.5234899328859,-5637
148.859060402685,18.5234899328859,-5593
148.926174496644,18.5234899328859,-5481
148.993288590604,18.5234899328859,-5532
149.060402684564,18.5234899328859,-5586
149.127516778523,18.5234899328859,-5628
149.194630872483,18.5234899328859,-5717
149.261744966443,18.5234899328859,-5453
149.328859060403,18.5234899328859,-4908
149.395973154362,18.5234899328859,-4720
149.463087248322,18.5234899328859,-5142
149.530201342282,18.5234899328859,-5368
149.597315436242,18.5234899328859,-5380
149.664429530201,18.5234899328859,-5425
149.731543624161,18.5234899328859,-5458
149.798657718121,18.5234899328859,-5399
149.865771812081,18.5234899328859,-5362
149.93288590604,18.5234899328859,-5404
150,18.5234899328859,-5435
140,18.4563758389262,-4434
140.06711409396,18.4563758389262,-4523
140.134228187919,18.4563758389262,-4578
140.201342281879,18.4563758389262,-4661
140.268456375839,18.4563758389262,-4552
140.335570469799,18.4563758389262,-4710
140.402684563758,18.4563758389262,-4934
140.469798657718,18.4563758389262,-4941
140.536912751678,18.4563758389262,-4768
140.604026845638,18.4563758389262,-4665
140.671140939597,18.4563758389262,-4642
140.738255033557,18.4563758389262,-4664
140.805369127517,18.4563758389262,-4679
140.872483221477,18.4563758389262,-4663
140.939597315436,18.4563758389262,-4630
141.006711409396,18.4563758389262,-4605
141.073825503356,18.4563758389262,-4630
141.140939597315,18.4563758389262,-4696
141.208053691275,18.4563758389262,-4656
141.275167785235,18.4563758389262,-4667
141.342281879195,18.4563758389262,-4765
141.409395973154,18.4563758389262,-4669
141.476510067114,18.4563758389262,-4651
141.543624161074,18.4563758389262,-4653
141.610738255034,18.4563758389262,-4628
141.677852348993,18.4563758389262,-4615
141.744966442953,18.4563758389262,-4548
141.812080536913,18.4563758389262,-4416
141.879194630872,18.4563758389262,-4410
141.946308724832,18.4563758389262,-4341
142.013422818792,18.4563758389262,-4283
142.080536912752,18.4563758389262,-4239
142.147651006711,18.4563758389262,-4188
142.214765100671,18.4563758389262,-4132
142.281879194631,18.4563758389262,-4077
142.348993288591,18.4563758389262,-4046
142.41610738255,18.4563758389262,-3933
142.48322147651,18.4563758389262,-3847
142.55033557047,18.4563758389262,-3767
142.61744966443,18.4563758389262,-3648
142.684563758389,18.4563758389262,-3302
142.751677852349,18.4563758389262,-3051
142.818791946309,18.4563758389262,-2997
142.885906040268,18.4563758389262,-2780
142.953020134228,18.4563758389262,-2579
143.020134228188,18.4563758389262,-2306
143.087248322148,18.4563758389262,-1925
143.154362416107,18.4563758389262,-1848
143.221476510067,18.4563758389262,-1769
143.288590604027,18.4563758389262,-1878
143.355704697987,18.4563758389262,-3007
143.422818791946,18.4563758389262,-3155
143.489932885906,18.4563758389262,-3557
143.557046979866,18.4563758389262,-3664
143.624161073825,18.4563758389262,-4300
143.691275167785,18.4563758389262,-4157
143.758389261745,18.4563758389262,-3791
143.825503355705,18.4563758389262,-3650
143.892617449664,18.4563758389262,-4079
143.959731543624,18.4563758389262,-4294
144.026845637584,18.4563758389262,-3995
144.093959731544,18.4563758389262,-4263
144.161073825503,18.4563758389262,-4174
144.228187919463,18.4563758389262,-4201
144.295302013423,18.4563758389262,-4123
144.362416107383,18.4563758389262,-3519
144.429530201342,18.4563758389262,-3005
144.496644295302,18.4563758389262,-3383
144.563758389262,18.4563758389262,-4058
144.630872483221,18.4563758389262,-3996
144.697986577181,18.4563758389262,-4227
144.765100671141,18.4563758389262,-3842
144.832214765101,18.4563758389262,-3811
144.89932885906,18.4563758389262,-3859
144.96644295302,18.4563758389262,-3826
145.03355704698,18.4563758389262,-3795
145.10067114094,18.4563758389262,-3748
145.167785234899,18.4563758389262,-3676
145.234899328859,18.4563758389262,-3591
145.302013422819,18.4563758389262,-3487
145.369127516779,18.4563758389262,-3443
145.436241610738,18.4563758389262,-3346
145.503355704698,18.4563758389262,-3214
145.570469798658,18.4563758389262,-3050
145.637583892617,18.4563758389262,-2965
145.704697986577,18.4563758389262,-2917
145.771812080537,18.4563758389262,-2871
145.838926174497,18.4563758389262,-2906
145.906040268456,18.4563758389262,-3027
145.973154362416,18.4563758389262,-3162
146.040268456376,18.4563758389262,-3287
146.107382550336,18.4563758389262,-3387
146.174496644295,18.4563758389262,-3498
146.241610738255,18.4563758389262,-3564
146.308724832215,18.4563758389262,-3661
146.375838926175,18.4563758389262,-3682
146.442953020134,18.4563758389262,-3653
146.510067114094,18.4563758389262,-3662
146.577181208054,18.4563758389262,-3686
146.644295302013,18.4563758389262,-3707
146.711409395973,18.4563758389262,-3728
146.778523489933,18.4563758389262,-3764
146.845637583893,18.4563758389262,-3842
146.912751677852,18.4563758389262,-3866
146.979865771812,18.4563758389262,-3848
147.046979865772,18.4563758389262,-3721
147.114093959732,18.4563758389262,-3448
147.181208053691,18.4563758389262,-3094
147.248322147651,18.4563758389262,-3003
147.315436241611,18.4563758389262,-3158
147.38255033557,18.4563758389262,-3310
147.44966442953,18.4563758389262,-3327
147.51677852349,18.4563758389262,-3847
147.58389261745,18.4563758389262,-4677
147.651006711409,18.4563758389262,-5437
147.718120805369,18.4563758389262,-5749
147.785234899329,18.4563758389262,-5361
147.852348993289,18.4563758389262,-4981
147.919463087248,18.4563758389262,-4706
147.986577181208,18.4563758389262,-4574
148.053691275168,18.4563758389262,-5047
148.120805369128,18.4563758389262,-5653
148.187919463087,18.4563758389262,-5880
148.255033557047,18.4563758389262,-5940
148.322147651007,18.4563758389262,-5923
148.389261744966,18.4563758389262,-5917
148.456375838926,18.4563758389262,-5917
148.523489932886,18.4563758389262,-5811
148.590604026846,18.4563758389262,-5700
148.657718120805,18.4563758389262,-5694
148.724832214765,18.4563758389262,-5723
148.791946308725,18.4563758389262,-5676
148.859060402685,18.4563758389262,-5650
148.926174496644,18.4563758389262,-5626
148.993288590604,18.4563758389262,-5635
149.060402684564,18.4563758389262,-5624
149.127516778523,18.4563758389262,-5686
149.194630872483,18.4563758389262,-5669
149.261744966443,18.4563758389262,-4832
149.328859060403,18.4563758389262,-3393
149.395973154362,18.4563758389262,-3212
149.463087248322,18.4563758389262,-4502
149.530201342282,18.4563758389262,-5270
149.597315436242,18.4563758389262,-5365
149.664429530201,18.4563758389262,-5420
149.731543624161,18.4563758389262,-5466
149.798657718121,18.4563758389262,-5445
149.865771812081,18.4563758389262,-5405
149.93288590604,18.4563758389262,-5407
150,18.4563758389262,-5433
140,18.3892617449664,-4518
140.06711409396,18.3892617449664,-4677
140.134228187919,18.3892617449664,-4742
140.201342281879,18.3892617449664,-4757
140.268456375839,18.3892617449664,-4641
140.335570469799,18.3892617449664,-4589
140.402684563758,18.3892617449664,-4753
140.469798657718,18.3892617449664,-4896
140.536912751678,18.3892617449664,-4799
140.604026845638,18.3892617449664,-4759
140.671140939597,18.3892617449664,-4739
140.738255033557,18.3892617449664,-4712
140.805369127517,18.3892617449664,-4682
140.872483221477,18.3892617449664,-4657
140.939597315436,18.3892617449664,-4630
141.006711409396,18.3892617449664,-4621
141.073825503356,18.3892617449664,-4649
141.140939597315,18.3892617449664,-4664
141.208053691275,18.3892617449664,-4664
141.275167785235,18.3892617449664,-4658
141.342281879195,18.3892617449664,-4696
141.409395973154,18.3892617449664,-4678
141.476510067114,18.3892617449664,-4672
141.543624161074,18.3892617449664,-4658
141.610738255034,18.3892617449664,-4637
141.677852348993,18.3892617449664,-4607
141.744966442953,18.3892617449664,-4563
141.812080536913,18.3892617449664,-4425
141.879194630872,18.3892617449664,-4434
141.946308724832,18.3892617449664,-4385
142.013422818792,18.3892617449664,-4335
142.080536912752,18.3892617449664,-4289
142.147651006711,18.3892617449664,-4230
142.214765100671,18.3892617449664,-4182
142.281879194631,18.3892617449664,-4107
142.348993288591,18.3892617449664,-4007
142.41610738255,18.3892617449664,-3938
142.48322147651,18.3892617449664,-3891
142.55033557047,18.3892617449664,-3810
142.61744966443,18.3892617449664,-3658
142.684563758389,18.3892617449664,-3095
142.751677852349,18.3892617449664,-2491
142.818791946309,18.3892617449664,-2983
142.885906040268,18.3892617449664,-2810
142.953020134228,18.3892617449664,-2518
143.020134228188,18.3892617449664,-2107
143.087248322148,18.3892617449664,-1805
143.154362416107,18.3892617449664,-1925
143.221476510067,18.3892617449664,-2190
143.288590604027,18.3892617449664,-2276
143.355704697987,18.3892617449664,-3095
143.422818791946,18.3892617449664,-3621
143.489932885906,18.3892617449664,-4022
143.557046979866,18.3892617449664,-4220
143.624161073825,18.3892617449664,-4191
143.691275167785,18.3892617449664,-4141
143.758389261745,18.3892617449664,-3796
143.825503355705,18.3892617449664,-3687
143.892617449664,18.3892617449664,-4259
143.959731543624,18.3892617449664,-4258
144.026845637584,18.3892617449664,-4064
144.093959731544,18.3892617449664,-4131
144.161073825503,18.3892617449664,-4042
144.228187919463,18.3892617449664,-4059
144.295302013423,18.3892617449664,-4232
144.362416107383,18.3892617449664,-3680
144.429530201342,18.3892617449664,-3274
144.496644295302,18.3892617449664,-3711
144.563758389262,18.3892617449664,-4124
144.630872483221,18.3892617449664,-3953
144.697986577181,18.3892617449664,-4198
144.765100671141,18.3892617449664,-3667
144.832214765101,18.3892617449664,-3645
144.89932885906,18.3892617449664,-3836
144.96644295302,18.3892617449664,-3803
145.03355704698,18.3892617449664,-3786
145.10067114094,18.3892617449664,-3811
145.167785234899,18.3892617449664,-3715
145.234899328859,18.3892617449664,-3542
145.302013422819,18.3892617449664,-3407
145.369127516779,18.3892617449664,-3384
145.436241610738,18.3892617449664,-3267
145.503355704698,18.3892617449664,-3106
145.570469798658,18.3892617449664,-2924
145.637583892617,18.3892617449664,-2741
145.704697986577,18.3892617449664,-2675
145.771812080537,18.3892617449664,-2639
145.838926174497,18.3892617449664,-2622
145.906040268456,18.3892617449664,-2785
145.973154362416,18.3892617449664,-2973
146.040268456376,18.3892617449664,-3118
146.107382550336,18.3892617449664,-3289
146.174496644295,18.3892617449664,-3422
146.241610738255,18.3892617449664,-3473
146.308724832215,18.3892617449664,-3564
146.375838926175,18.3892617449664,-3660
146.442953020134,18.3892617449664,-3667
146.510067114094,18.3892617449664,-3666
146.577181208054,18.3892617449664,-3675
146.644295302013,18.3892617449664,-3700
146.711409395973,18.3892617449664,-3758
146.778523489933,18.3892617449664,-3754
146.845637583893,18.3892617449664,-3770
146.912751677852,18.3892617449664,-3411
146.979865771812,18.3892617449664,-3244
147.046979865772,18.3892617449664,-2929
147.114093959732,18.3892617449664,-2770
147.181208053691,18.3892617449664,-3033
147.248322147651,18.3892617449664,-3283
147.315436241611,18.3892617449664,-3109
147.38255033557,18.3892617449664,-3496
147.44966442953,18.3892617449664,-3873
147.51677852349,18.3892617449664,-4405
147.58389261745,18.3892617449664,-5170
147.651006711409,18.3892617449664,-5841
147.718120805369,18.3892617449664,-6361
147.785234899329,18.3892617449664,-6612
147.852348993289,18.3892617449664,-6345
147.919463087248,18.3892617449664,-5787
147.986577181208,18.3892617449664,-5329
148.053691275168,18.3892617449664,-5457
148.120805369128,18.3892617449664,-5876
148.187919463087,18.3892617449664,-6090
148.255033557047,18.3892617449664,-6109
148.322147651007,18.3892617449664,-6046
148.389261744966,18.3892617449664,-5910
148.456375838926,18.3892617449664,-5819
148.523489932886,18.3892617449664,-5828
148.590604026846,18.3892617449664,-5709
148.657718120805,18.3892617449664,-5703
148.724832214765,18.3892617449664,-5729
148.791946308725,18.3892617449664,-5699
148.859060402685,18.3892617449664,-5665
148.926174496644,18.3892617449664,-5651
148.993288590604,18.3892617449664,-5614
149.060402684564,18.3892617449664,-5572
149.127516778523,18.3892617449664,-5632
149.194630872483,18.3892617449664,-5522
149.261744966443,18.3892617449664,-4617
149.328859060403,18.3892617449664,-2935
149.395973154362,18.3892617449664,-2814
149.463087248322,18.3892617449664,-4442
149.530201342282,18.3892617449664,-5346
149.597315436242,18.3892617449664,-5429
149.664429530201,18.3892617449664,-5414
149.731543624161,18.3892617449664,-5395
149.798657718121,18.3892617449664,-5386
149.865771812081,18.3892617449664,-5395
149.93288590604,18.3892617449664,-5393
150,18.3892617449664,-5426
140,18.3221476510067,-4775
140.06711409396,18.3221476510067,-4915
140.134228187919,18.3221476510067,-4922
140.201342281879,18.3221476510067,-4898
140.268456375839,18.3221476510067,-4802
140.335570469799,18.3221476510067,-4608
140.402684563758,18.3221476510067,-4615
140.469798657718,18.3221476510067,-4748
140.536912751678,18.3221476510067,-4803
140.604026845638,18.3221476510067,-4847
140.671140939597,18.3221476510067,-4875
140.738255033557,18.3221476510067,-4797
140.805369127517,18.3221476510067,-4698
140.872483221477,18.3221476510067,-4647
140.939597315436,18.3221476510067,-4627
141.006711409396,18.3221476510067,-4629
141.073825503356,18.3221476510067,-4642
141.140939597315,18.3221476510067,-4644
141.208053691275,18.3221476510067,-4655
141.275167785235,18.3221476510067,-4640
141.342281879195,18.3221476510067,-4631
141.409395973154,18.3221476510067,-4638
141.476510067114,18.3221476510067,-4656
141.543624161074,18.3221476510067,-4652
141.610738255034,18.3221476510067,-4635
141.677852348993,18.3221476510067,-4618
141.744966442953,18.3221476510067,-4575
141.812080536913,18.3221476510067,-4475
141.879194630872,18.3221476510067,-4442
141.946308724832,18.3221476510067,-4392
142.013422818792,18.3221476510067,-4338
142.080536912752,18.3221476510067,-4298
142.147651006711,18.3221476510067,-4239
142.214765100671,18.3221476510067,-4176
142.281879194631,18.3221476510067,-4098
142.348993288591,18.3221476510067,-4027
142.41610738255,18.3221476510067,-4000
142.48322147651,18.3221476510067,-3977
142.55033557047,18.3221476510067,-3892
142.61744966443,18.3221476510067,-3772
142.684563758389,18.3221476510067,-3481
142.751677852349,18.3221476510067,-3338
142.818791946309,18.3221476510067,-3186
142.885906040268,18.3221476510067,-2773
142.953020134228,18.3221476510067,-2424
143.020134228188,18.3221476510067,-2104
143.087248322148,18.3221476510067,-1871
143.154362416107,18.3221476510067,-1948
143.221476510067,18.3221476510067,-2558
143.288590604027,18.3221476510067,-2963
143.355704697987,18.3221476510067,-3430
143.422818791946,18.3221476510067,-3785
143.489932885906,18.3221476510067,-4189
143.557046979866,18.3221476510067,-4191
143.624161073825,18.3221476510067,-3744
143.691275167785,18.3221476510067,-3879
143.758389261745,18.3221476510067,-4031
143.825503355705,18.3221476510067,-4067
143.892617449664,18.3221476510067,-4263
143.959731543624,18.3221476510067,-3917
144.026845637584,18.3221476510067,-4011
144.093959731544,18.3221476510067,-4098
144.161073825503,18.3221476510067,-3903
144.228187919463,18.3221476510067,-4173
144.295302013423,18.3221476510067,-3957
144.362416107383,18.3221476510067,-3981
144.429530201342,18.3221476510067,-3636
144.496644295302,18.3221476510067,-3564
144.563758389262,18.3221476510067,-3762
144.630872483221,18.3221476510067,-3895
144.697986577181,18.3221476510067,-3989
144.765100671141,18.3221476510067,-3569
144.832214765101,18.3221476510067,-3363
144.89932885906,18.3221476510067,-3500
144.96644295302,18.3221476510067,-3654
145.03355704698,18.3221476510067,-3797
145.10067114094,18.3221476510067,-3842
145.167785234899,18.3221476510067,-3740
145.234899328859,18.3221476510067,-3596
145.302013422819,18.3221476510067,-3476
145.369127516779,18.3221476510067,-3373
145.436241610738,18.3221476510067,-3200
145.503355704698,18.3221476510067,-2953
145.570469798658,18.3221476510067,-2703
145.637583892617,18.3221476510067,-2428
145.704697986577,18.3221476510067,-2231
145.771812080537,18.3221476510067,-2145
145.838926174497,18.3221476510067,-2282
145.906040268456,18.3221476510067,-2479
145.973154362416,18.3221476510067,-2708
146.040268456376,18.3221476510067,-2930
146.107382550336,18.3221476510067,-3157
146.174496644295,18.3221476510067,-3287
146.241610738255,18.3221476510067,-3324
146.308724832215,18.3221476510067,-3434
146.375838926175,18.3221476510067,-3592
146.442953020134,18.3221476510067,-3675
146.510067114094,18.3221476510067,-3670
146.577181208054,18.3221476510067,-3642
146.644295302013,18.3221476510067,-3694
146.711409395973,18.3221476510067,-3767
146.778523489933,18.3221476510067,-3719
146.845637583893,18.3221476510067,-3678
146.912751677852,18.3221476510067,-3537
146.979865771812,18.3221476510067,-3103
147.046979865772,18.3221476510067,-2414
147.114093959732,18.3221476510067,-2272
147.181208053691,18.3221476510067,-2588
147.248322147651,18.3221476510067,-2643
147.315436241611,18.3221476510067,-3177
147.38255033557,18.3221476510067,-4160
147.44966442953,18.3221476510067,-4558
147.51677852349,18.3221476510067,-5011
147.58389261745,18.3221476510067,-5530
147.651006711409,18.3221476510067,-5910
147.718120805369,18.3221476510067,-6359
147.785234899329,18.3221476510067,-7266
147.852348993289,18.3221476510067,-7228
147.919463087248,18.3221476510067,-6755
147.986577181208,18.3221476510067,-6428
148.053691275168,18.3221476510067,-6152
148.120805369128,18.3221476510067,-6334
148.187919463087,18.3221476510067,-6390
148.255033557047,18.3221476510067,-6276
148.322147651007,18.3221476510067,-6154
148.389261744966,18.3221476510067,-6001
148.456375838926,18.3221476510067,-5866
148.523489932886,18.3221476510067,-5886
148.590604026846,18.3221476510067,-5819
148.657718120805,18.3221476510067,-5781
148.724832214765,18.3221476510067,-5766
148.791946308725,18.3221476510067,-5727
148.859060402685,18.3221476510067,-5708
148.926174496644,18.3221476510067,-5670
148.993288590604,18.3221476510067,-5633
149.060402684564,18.3221476510067,-5593
149.127516778523,18.3221476510067,-5684
149.194630872483,18.3221476510067,-5662
149.261744966443,18.3221476510067,-5206
149.328859060403,18.3221476510067,-4770
149.395973154362,18.3221476510067,-4777
149.463087248322,18.3221476510067,-5147
149.530201342282,18.3221476510067,-5414
149.597315436242,18.3221476510067,-5400
149.664429530201,18.3221476510067,-5369
149.731543624161,18.3221476510067,-5291
149.798657718121,18.3221476510067,-5283
149.865771812081,18.3221476510067,-5331
149.93288590604,18.3221476510067,-5360
150,18.3221476510067,-5470
140,18.255033557047,-4847
140.06711409396,18.255033557047,-5011
140.134228187919,18.255033557047,-4952
140.201342281879,18.255033557047,-4919
140.268456375839,18.255033557047,-4845
140.335570469799,18.255033557047,-4709
140.402684563758,18.255033557047,-4637
140.469798657718,18.255033557047,-4708
140.536912751678,18.255033557047,-4805
140.604026845638,18.255033557047,-4815
140.671140939597,18.255033557047,-4815
140.738255033557,18.255033557047,-4755
140.805369127517,18.255033557047,-4685
140.872483221477,18.255033557047,-4641
140.939597315436,18.255033557047,-4643
141.006711409396,18.255033557047,-4622
141.073825503356,18.255033557047,-4633
141.140939597315,18.255033557047,-4619
141.208053691275,18.255033557047,-4636
141.275167785235,18.255033557047,-4653
141.342281879195,18.255033557047,-4672
141.409395973154,18.255033557047,-4673
141.476510067114,18.255033557047,-4678
141.543624161074,18.255033557047,-4656
141.610738255034,18.255033557047,-4633
141.677852348993,18.255033557047,-4666
141.744966442953,18.255033557047,-4601
141.812080536913,18.255033557047,-4497
141.879194630872,18.255033557047,-4472
141.946308724832,18.255033557047,-4426
142.013422818792,18.255033557047,-4369
142.080536912752,18.255033557047,-4313
142.147651006711,18.255033557047,-4259
142.214765100671,18.255033557047,-4203
142.281879194631,18.255033557047,-4124
142.348993288591,18.255033557047,-4097
142.41610738255,18.255033557047,-4076
142.48322147651,18.255033557047,-3975
142.55033557047,18.255033557047,-3871
142.61744966443,18.255033557047,-3816
142.684563758389,18.255033557047,-3704
142.751677852349,18.255033557047,-3446
142.818791946309,18.255033557047,-3058
142.885906040268,18.255033557047,-2514
142.953020134228,18.255033557047,-2019
143.020134228188,18.255033557047,-1784
143.087248322148,18.255033557047,-1610
143.154362416107,18.255033557047,-1978
143.221476510067,18.255033557047,-2587
143.288590604027,18.255033557047,-2992
143.355704697987,18.255033557047,-3523
143.422818791946,18.255033557047,-3718
143.489932885906,18.255033557047,-3938
143.557046979866,18.255033557047,-3762
143.624161073825,18.255033557047,-3631
143.691275167785,18.255033557047,-3959
143.758389261745,18.255033557047,-4100
143.825503355705,18.255033557047,-3870
143.892617449664,18.255033557047,-4145
143.959731543624,18.255033557047,-3895
144.026845637584,18.255033557047,-3761
144.093959731544,18.255033557047,-4296
144.161073825503,18.255033557047,-4163
144.228187919463,18.255033557047,-4311
144.295302013423,18.255033557047,-3675
144.362416107383,18.255033557047,-3983
144.429530201342,18.255033557047,-3900
144.496644295302,18.255033557047,-3428
144.563758389262,18.255033557047,-3367
144.630872483221,18.255033557047,-3563
144.697986577181,18.255033557047,-3795
144.765100671141,18.255033557047,-3530
144.832214765101,18.255033557047,-3370
144.89932885906,18.255033557047,-3422
144.96644295302,18.255033557047,-3599
145.03355704698,18.255033557047,-3795
145.10067114094,18.255033557047,-3758
145.167785234899,18.255033557047,-3700
145.234899328859,18.255033557047,-3595
145.302013422819,18.255033557047,-3461
145.369127516779,18.255033557047,-3321
145.436241610738,18.255033557047,-3161
145.503355704698,18.255033557047,-2937
145.570469798658,18.255033557047,-2612
145.637583892617,18.255033557047,-2212
145.704697986577,18.255033557047,-1576
145.771812080537,18.255033557047,-1065
145.838926174497,18.255033557047,-1381
145.906040268456,18.255033557047,-2145
145.973154362416,18.255033557047,-2527
146.040268456376,18.255033557047,-2841
146.107382550336,18.255033557047,-3073
146.174496644295,18.255033557047,-3221
146.241610738255,18.255033557047,-3252
146.308724832215,18.255033557047,-3377
146.375838926175,18.255033557047,-3528
146.442953020134,18.255033557047,-3608
146.510067114094,18.255033557047,-3644
146.577181208054,18.255033557047,-3594
146.644295302013,18.255033557047,-3609
146.711409395973,18.255033557047,-3708
146.778523489933,18.255033557047,-3686
146.845637583893,18.255033557047,-3647
146.912751677852,18.255033557047,-3602
146.979865771812,18.255033557047,-3263
147.046979865772,18.255033557047,-2381
147.114093959732,18.255033557047,-2017
147.181208053691,18.255033557047,-2281
147.248322147651,18.255033557047,-2783
147.315436241611,18.255033557047,-3288
147.38255033557,18.255033557047,-4124
147.44966442953,18.255033557047,-4651
147.51677852349,18.255033557047,-5004
147.58389261745,18.255033557047,-5622
147.651006711409,18.255033557047,-6008
147.718120805369,18.255033557047,-6545
147.785234899329,18.255033557047,-7447
147.852348993289,18.255033557047,-7362
147.919463087248,18.255033557047,-7142
147.986577181208,18.255033557047,-6956
148.053691275168,18.255033557047,-6808
148.120805369128,18.255033557047,-6711
148.187919463087,18.255033557047,-6568
148.255033557047,18.255033557047,-6348
148.322147651007,18.255033557047,-6194
148.389261744966,18.255033557047,-6080
148.456375838926,18.255033557047,-5947
148.523489932886,18.255033557047,-5882
148.590604026846,18.255033557047,-5835
148.657718120805,18.255033557047,-5819
148.724832214765,18.255033557047,-5796
148.791946308725,18.255033557047,-5764
148.859060402685,18.255033557047,-5746
148.926174496644,18.255033557047,-5679
148.993288590604,18.255033557047,-5639
149.060402684564,18.255033557047,-5572
149.127516778523,18.255033557047,-5727
149.194630872483,18.255033557047,-5808
149.261744966443,18.255033557047,-5693
149.328859060403,18.255033557047,-5532
149.395973154362,18.255033557047,-5426
149.463087248322,18.255033557047,-5383
149.530201342282,18.255033557047,-5290
149.597315436242,18.255033557047,-5347
149.664429530201,18.255033557047,-5391
149.731543624161,18.255033557047,-5298
149.798657718121,18.255033557047,-5276
149.865771812081,18.255033557047,-5309
149.93288590604,18.255033557047,-5308
150,18.255033557047,-5436
140,18.1879194630872,-4988
140.06711409396,18.1879194630872,-4987
140.134228187919,18.1879194630872,-4906
140.201342281879,18.1879194630872,-4778
140.268456375839,18.1879194630872,-4647
140.335570469799,18.1879194630872,-4641
140.402684563758,18.1879194630872,-4718
140.469798657718,18.1879194630872,-4819
140.536912751678,18.1879194630872,-4869
140.604026845638,18.1879194630872,-4840
140.671140939597,18.1879194630872,-4794
140.738255033557,18.1879194630872,-4760
140.805369127517,18.1879194630872,-4685
140.872483221477,18.1879194630872,-4659
140.939597315436,18.1879194630872,-4672
141.006711409396,18.1879194630872,-4638
141.073825503356,18.1879194630872,-4639
141.140939597315,18.1879194630872,-4640
141.208053691275,18.1879194630872,-4632
141.275167785235,18.1879194630872,-4662
141.342281879195,18.1879194630872,-4738
141.409395973154,18.1879194630872,-4709
141.476510067114,18.1879194630872,-4702
141.543624161074,18.1879194630872,-4667
141.610738255034,18.1879194630872,-4652
141.677852348993,18.1879194630872,-4638
141.744966442953,18.1879194630872,-4601
141.812080536913,18.1879194630872,-4537
141.879194630872,18.1879194630872,-4504
141.946308724832,18.1879194630872,-4472
142.013422818792,18.1879194630872,-4405
142.080536912752,18.1879194630872,-4349
142.147651006711,18.1879194630872,-4283
142.214765100671,18.1879194630872,-4228
142.281879194631,18.1879194630872,-4195
142.348993288591,18.1879194630872,-4119
142.41610738255,18.1879194630872,-4071
142.48322147651,18.1879194630872,-4008
142.55033557047,18.1879194630872,-3939
142.61744966443,18.1879194630872,-3847
142.684563758389,18.1879194630872,-3747
142.751677852349,18.1879194630872,-3412
142.818791946309,18.1879194630872,-2816
142.885906040268,18.1879194630872,-1783
142.953020134228,18.1879194630872,-1421
143.020134228188,18.1879194630872,-1364
143.087248322148,18.1879194630872,-919
143.154362416107,18.1879194630872,-1643
143.221476510067,18.1879194630872,-2443
143.288590604027,18.1879194630872,-2790
143.355704697987,18.1879194630872,-2949
143.422818791946,18.1879194630872,-2976
143.489932885906,18.1879194630872,-3203
143.557046979866,18.1879194630872,-3235
143.624161073825,18.1879194630872,-3858
143.691275167785,18.1879194630872,-4201
143.758389261745,18.1879194630872,-4116
143.825503355705,18.1879194630872,-3808
143.892617449664,18.1879194630872,-3942
143.959731543624,18.1879194630872,-3935
144.026845637584,18.1879194630872,-3946
144.093959731544,18.1879194630872,-4355
144.161073825503,18.1879194630872,-4288
144.228187919463,18.1879194630872,-4288
144.295302013423,18.1879194630872,-3490
144.362416107383,18.1879194630872,-4022
144.429530201342,18.1879194630872,-3960
144.496644295302,18.1879194630872,-3441
144.563758389262,18.1879194630872,-3202
144.630872483221,18.1879194630872,-3428
144.697986577181,18.1879194630872,-3916
144.765100671141,18.1879194630872,-3621
144.832214765101,18.1879194630872,-3269
144.89932885906,18.1879194630872,-3389
144.96644295302,18.1879194630872,-3710
145.03355704698,18.1879194630872,-3770
145.10067114094,18.1879194630872,-3735
145.167785234899,18.1879194630872,-3684
145.234899328859,18.1879194630872,-3588
145.302013422819,18.1879194630872,-3442
145.369127516779,18.1879194630872,-3352
145.436241610738,18.1879194630872,-3241
145.503355704698,18.1879194630872,-2936
145.570469798658,18.1879194630872,-2657
145.637583892617,18.1879194630872,-2176
145.704697986577,18.1879194630872,-1204
145.771812080537,18.1879194630872,-68
145.838926174497,18.1879194630872,-562
145.906040268456,18.1879194630872,-1937
145.973154362416,18.1879194630872,-2555
146.040268456376,18.1879194630872,-2802
146.107382550336,18.1879194630872,-2973
146.174496644295,18.1879194630872,-3129
146.241610738255,18.1879194630872,-3186
146.308724832215,18.1879194630872,-3333
146.375838926175,18.1879194630872,-3494
146.442953020134,18.1879194630872,-3561
146.510067114094,18.1879194630872,-3598
146.577181208054,18.1879194630872,-3569
146.644295302013,18.1879194630872,-3546
146.711409395973,18.1879194630872,-3671
146.778523489933,18.1879194630872,-3690
146.845637583893,18.1879194630872,-3666
146.912751677852,18.1879194630872,-3601
146.979865771812,18.1879194630872,-3235
147.046979865772,18.1879194630872,-2405
147.114093959732,18.1879194630872,-1731
147.181208053691,18.1879194630872,-1900
147.248322147651,18.1879194630872,-2488
147.315436241611,18.1879194630872,-3357
147.38255033557,18.1879194630872,-4008
147.44966442953,18.1879194630872,-4619
147.51677852349,18.1879194630872,-5153
147.58389261745,18.1879194630872,-5856
147.651006711409,18.1879194630872,-6109
147.718120805369,18.1879194630872,-6915
147.785234899329,18.1879194630872,-7885
147.852348993289,18.1879194630872,-7442
147.919463087248,18.1879194630872,-7257
147.986577181208,18.1879194630872,-7048
148.053691275168,18.1879194630872,-6878
148.120805369128,18.1879194630872,-6765
148.187919463087,18.1879194630872,-6592
148.255033557047,18.1879194630872,-6386
148.322147651007,18.1879194630872,-6238
148.389261744966,18.1879194630872,-6140
148.456375838926,18.1879194630872,-6009
148.523489932886,18.1879194630872,-5908
148.590604026846,18.1879194630872,-5857
148.657718120805,18.1879194630872,-5839
148.724832214765,18.1879194630872,-5810
148.791946308725,18.1879194630872,-5774
148.859060402685,18.1879194630872,-5461
148.926174496644,18.1879194630872,-5484
148.993288590604,18.1879194630872,-5667
149.060402684564,18.1879194630872,-5600
149.127516778523,18.1879194630872,-5620
149.194630872483,18.1879194630872,-5637
149.261744966443,18.1879194630872,-5558
149.328859060403,18.1879194630872,-5053
149.395973154362,18.1879194630872,-4658
149.463087248322,18.1879194630872,-5018
149.530201342282,18.1879194630872,-5092
149.597315436242,18.1879194630872,-5250
149.664429530201,18.1879194630872,-5334
149.731543624161,18.1879194630872,-5292
149.798657718121,18.1879194630872,-5270
149.865771812081,18.1879194630872,-5234
149.93288590604,18.1879194630872,-5230
150,18.1879194630872,-5339
140,18.1208053691275,-5273
140.06711409396,18.1208053691275,-4970
140.134228187919,18.1208053691275,-4850
140.201342281879,18.1208053691275,-4526
140.268456375839,18.1208053691275,-4417
140.335570469799,18.1208053691275,-4465
140.402684563758,18.1208053691275,-4731
140.469798657718,18.1208053691275,-4830
140.536912751678,18.1208053691275,-4833
140.604026845638,18.1208053691275,-4829
140.671140939597,18.1208053691275,-4783
140.738255033557,18.1208053691275,-4755
140.805369127517,18.1208053691275,-4739
140.872483221477,18.1208053691275,-4708
140.939597315436,18.1208053691275,-4689
141.006711409396,18.1208053691275,-4673
141.073825503356,18.1208053691275,-4645
141.140939597315,18.1208053691275,-4629
141.208053691275,18.1208053691275,-4649
141.275167785235,18.1208053691275,-4673
141.342281879195,18.1208053691275,-4747
141.409395973154,18.1208053691275,-4712
141.476510067114,18.1208053691275,-4691
141.543624161074,18.1208053691275,-4654
141.610738255034,18.1208053691275,-4659
141.677852348993,18.1208053691275,-4632
141.744966442953,18.1208053691275,-4608
141.812080536913,18.1208053691275,-4599
141.879194630872,18.1208053691275,-4543
141.946308724832,18.1208053691275,-4484
142.013422818792,18.1208053691275,-4425
142.080536912752,18.1208053691275,-4386
142.147651006711,18.1208053691275,-4323
142.214765100671,18.1208053691275,-4290
142.281879194631,18.1208053691275,-4229
142.348993288591,18.1208053691275,-4155
142.41610738255,18.1208053691275,-4109
142.48322147651,18.1208053691275,-4030
142.55033557047,18.1208053691275,-3921
142.61744966443,18.1208053691275,-3838
142.684563758389,18.1208053691275,-3691
142.751677852349,18.1208053691275,-3375
142.818791946309,18.1208053691275,-2999
142.885906040268,18.1208053691275,-2169
142.953020134228,18.1208053691275,-1730
143.020134228188,18.1208053691275,-1403
143.087248322148,18.1208053691275,-744
143.154362416107,18.1208053691275,-1679
143.221476510067,18.1208053691275,-2380
143.288590604027,18.1208053691275,-2378
143.355704697987,18.1208053691275,-2356
143.422818791946,18.1208053691275,-2685
143.489932885906,18.1208053691275,-2970
143.557046979866,18.1208053691275,-3568
143.624161073825,18.1208053691275,-4070
143.691275167785,18.1208053691275,-4529
143.758389261745,18.1208053691275,-4142
143.825503355705,18.1208053691275,-4091
143.892617449664,18.1208053691275,-3801
143.959731543624,18.1208053691275,-3906
144.026845637584,18.1208053691275,-4122
144.093959731544,18.1208053691275,-4269
144.161073825503,18.1208053691275,-4256
144.228187919463,18.1208053691275,-4149
144.295302013423,18.1208053691275,-3653
144.362416107383,18.1208053691275,-3977
144.429530201342,18.1208053691275,-4086
144.496644295302,18.1208053691275,-3572
144.563758389262,18.1208053691275,-3333
144.630872483221,18.1208053691275,-3559
144.697986577181,18.1208053691275,-3945
144.765100671141,18.1208053691275,-3941
144.832214765101,18.1208053691275,-3445
144.89932885906,18.1208053691275,-3629
144.96644295302,18.1208053691275,-3756
145.03355704698,18.1208053691275,-3782
145.10067114094,18.1208053691275,-3730
145.167785234899,18.1208053691275,-3673
145.234899328859,18.1208053691275,-3611
145.302013422819,18.1208053691275,-3489
145.369127516779,18.1208053691275,-3387
145.436241610738,18.1208053691275,-3287
145.503355704698,18.1208053691275,-2941
145.570469798658,18.1208053691275,-2565
145.637583892617,18.1208053691275,-1928
145.704697986577,18.1208053691275,-635
145.771812080537,18.1208053691275,-54
145.838926174497,18.1208053691275,-1029
145.906040268456,18.1208053691275,-2149
145.973154362416,18.1208053691275,-2549
146.040268456376,18.1208053691275,-2772
146.107382550336,18.1208053691275,-2911
146.174496644295,18.1208053691275,-3006
146.241610738255,18.1208053691275,-3143
146.308724832215,18.1208053691275,-3325
146.375838926175,18.1208053691275,-3501
146.442953020134,18.1208053691275,-3565
146.510067114094,18.1208053691275,-3564
146.577181208054,18.1208053691275,-3565
146.644295302013,18.1208053691275,-3581
146.711409395973,18.1208053691275,-3619
146.778523489933,18.1208053691275,-3636
146.845637583893,18.1208053691275,-3615
146.912751677852,18.1208053691275,-3564
146.979865771812,18.1208053691275,-3133
147.046979865772,18.1208053691275,-2073
147.114093959732,18.1208053691275,-1698
147.181208053691,18.1208053691275,-2189
147.248322147651,18.1208053691275,-2884
147.315436241611,18.1208053691275,-3606
147.38255033557,18.1208053691275,-4221
147.44966442953,18.1208053691275,-4206
147.51677852349,18.1208053691275,-4611
147.58389261745,18.1208053691275,-5643
147.651006711409,18.1208053691275,-6524
147.718120805369,18.1208053691275,-7122
147.785234899329,18.1208053691275,-7776
147.852348993289,18.1208053691275,-7105
147.919463087248,18.1208053691275,-6989
147.986577181208,18.1208053691275,-7074
148.053691275168,18.1208053691275,-6938
148.120805369128,18.1208053691275,-6872
148.187919463087,18.1208053691275,-6613
148.255033557047,18.1208053691275,-6432
148.322147651007,18.1208053691275,-6313
148.389261744966,18.1208053691275,-6203
148.456375838926,18.1208053691275,-6071
148.523489932886,18.1208053691275,-5965
148.590604026846,18.1208053691275,-5901
148.657718120805,18.1208053691275,-5858
148.724832214765,18.1208053691275,-5823
148.791946308725,18.1208053691275,-5761
148.859060402685,18.1208053691275,-5166
148.926174496644,18.1208053691275,-5248
148.993288590604,18.1208053691275,-5680
149.060402684564,18.1208053691275,-5599
149.127516778523,18.1208053691275,-5578
149.194630872483,18.1208053691275,-5559
149.261744966443,18.1208053691275,-5467
149.328859060403,18.1208053691275,-4420
149.395973154362,18.1208053691275,-4068
149.463087248322,18.1208053691275,-4909
149.530201342282,18.1208053691275,-5010
149.597315436242,18.1208053691275,-5043
149.664429530201,18.1208053691275,-5129
149.731543624161,18.1208053691275,-5198
149.798657718121,18.1208053691275,-5186
149.865771812081,18.1208053691275,-5126
149.93288590604,18.1208053691275,-5194
150,18.1208053691275,-5136
140,18.0536912751678,-4824
140.06711409396,18.0536912751678,-4746
140.134228187919,18.0536912751678,-4971
140.201342281879,18.0536912751678,-4381
140.268456375839,18.0536912751678,-4492
140.335570469799,18.0536912751678,-4465
140.402684563758,18.0536912751678,-4701
140.469798657718,18.0536912751678,-4809
140.536912751678,18.0536912751678,-4817
140.604026845638,18.0536912751678,-4802
140.671140939597,18.0536912751678,-4795
140.738255033557,18.0536912751678,-4770
140.805369127517,18.0536912751678,-4740
140.872483221477,18.0536912751678,-4718
140.939597315436,18.0536912751678,-4696
141.006711409396,18.0536912751678,-4692
141.073825503356,18.0536912751678,-4664
141.140939597315,18.0536912751678,-4654
141.208053691275,18.0536912751678,-4676
141.275167785235,18.0536912751678,-4632
141.342281879195,18.0536912751678,-4652
141.409395973154,18.0536912751678,-4651
141.476510067114,18.0536912751678,-4681
141.543624161074,18.0536912751678,-4670
141.610738255034,18.0536912751678,-4678
141.677852348993,18.0536912751678,-4646
141.744966442953,18.0536912751678,-4625
141.812080536913,18.0536912751678,-4622
141.879194630872,18.0536912751678,-4558
141.946308724832,18.0536912751678,-4501
142.013422818792,18.0536912751678,-4453
142.080536912752,18.0536912751678,-4390
142.147651006711,18.0536912751678,-4338
142.214765100671,18.0536912751678,-4282
142.281879194631,18.0536912751678,-4213
142.348993288591,18.0536912751678,-4126
142.41610738255,18.0536912751678,-4087
142.48322147651,18.0536912751678,-3977
142.55033557047,18.0536912751678,-3848
142.61744966443,18.0536912751678,-3768
142.684563758389,18.0536912751678,-3578
142.751677852349,18.0536912751678,-3190
142.818791946309,18.0536912751678,-2953
142.885906040268,18.0536912751678,-2287
142.953020134228,18.0536912751678,-1758
143.020134228188,18.0536912751678,-1595
143.087248322148,18.0536912751678,-1749
143.154362416107,18.0536912751678,-1934
143.221476510067,18.0536912751678,-2052
143.288590604027,18.0536912751678,-2142
143.355704697987,18.0536912751678,-2443
143.422818791946,18.0536912751678,-3149
143.489932885906,18.0536912751678,-2940
143.557046979866,18.0536912751678,-3254
143.624161073825,18.0536912751678,-4040
143.691275167785,18.0536912751678,-4630
143.758389261745,18.0536912751678,-4474
143.825503355705,18.0536912751678,-4029
143.892617449664,18.0536912751678,-4006
143.959731543624,18.0536912751678,-4349
144.026845637584,18.0536912751678,-4224
144.093959731544,18.0536912751678,-4055
144.161073825503,18.0536912751678,-3980
144.228187919463,18.0536912751678,-3872
144.295302013423,18.0536912751678,-3844
144.362416107383,18.0536912751678,-3983
144.429530201342,18.0536912751678,-4184
144.496644295302,18.0536912751678,-3729
144.563758389262,18.0536912751678,-3508
144.630872483221,18.0536912751678,-3696
144.697986577181,18.0536912751678,-3906
144.765100671141,18.0536912751678,-4332
144.832214765101,18.0536912751678,-4009
144.89932885906,18.0536912751678,-3960
144.96644295302,18.0536912751678,-3522
145.03355704698,18.0536912751678,-3666
145.10067114094,18.0536912751678,-3722
145.167785234899,18.0536912751678,-3686
145.234899328859,18.0536912751678,-3651
145.302013422819,18.0536912751678,-3492
145.369127516779,18.0536912751678,-3328
145.436241610738,18.0536912751678,-2746
145.503355704698,18.0536912751678,-2318
145.570469798658,18.0536912751678,-2422
145.637583892617,18.0536912751678,-1781
145.704697986577,18.0536912751678,-570
145.771812080537,18.0536912751678,-1389
145.838926174497,18.0536912751678,-1939
145.906040268456,18.0536912751678,-2351
145.973154362416,18.0536912751678,-2609
146.040268456376,18.0536912751678,-2775
146.107382550336,18.0536912751678,-2876
146.174496644295,18.0536912751678,-2941
146.241610738255,18.0536912751678,-3092
146.308724832215,18.0536912751678,-3272
146.375838926175,18.0536912751678,-3426
146.442953020134,18.0536912751678,-3511
146.510067114094,18.0536912751678,-3547
146.577181208054,18.0536912751678,-3572
146.644295302013,18.0536912751678,-3544
146.711409395973,18.0536912751678,-3532
146.778523489933,18.0536912751678,-3624
146.845637583893,18.0536912751678,-3607
146.912751677852,18.0536912751678,-3562
146.979865771812,18.0536912751678,-3358
147.046979865772,18.0536912751678,-2772
147.114093959732,18.0536912751678,-2783
147.181208053691,18.0536912751678,-3119
147.248322147651,18.0536912751678,-3524
147.315436241611,18.0536912751678,-3947
147.38255033557,18.0536912751678,-4110
147.44966442953,18.0536912751678,-3561
147.51677852349,18.0536912751678,-3893
147.58389261745,18.0536912751678,-4720
147.651006711409,18.0536912751678,-5801
147.718120805369,18.0536912751678,-6813
147.785234899329,18.0536912751678,-6942
147.852348993289,18.0536912751678,-6029
147.919463087248,18.0536912751678,-6071
147.986577181208,18.0536912751678,-6689
148.053691275168,18.0536912751678,-6925
148.120805369128,18.0536912751678,-6961
148.187919463087,18.0536912751678,-6651
148.255033557047,18.0536912751678,-6506
148.322147651007,18.0536912751678,-6400
148.389261744966,18.0536912751678,-6256
148.456375838926,18.0536912751678,-6110
148.523489932886,18.0536912751678,-5999
148.590604026846,18.0536912751678,-5934
148.657718120805,18.0536912751678,-5876
148.724832214765,18.0536912751678,-5827
148.791946308725,18.0536912751678,-5780
148.859060402685,18.0536912751678,-5684
148.926174496644,18.0536912751678,-5640
148.993288590604,18.0536912751678,-5678
149.060402684564,18.0536912751678,-5610
149.127516778523,18.0536912751678,-5573
149.194630872483,18.0536912751678,-5563
149.261744966443,18.0536912751678,-5496
149.328859060403,18.0536912751678,-4524
149.395973154362,18.0536912751678,-4484
149.463087248322,18.0536912751678,-5068
149.530201342282,18.0536912751678,-4931
149.597315436242,18.0536912751678,-4786
149.664429530201,18.0536912751678,-4791
149.731543624161,18.0536912751678,-5010
149.798657718121,18.0536912751678,-5039
149.865771812081,18.0536912751678,-5052
149.93288590604,18.0536912751678,-5154
150,18.0536912751678,-5124
140,17.9865771812081,-4724
140.06711409396,17.9865771812081,-4693
140.134228187919,17.9865771812081,-4675
140.201342281879,17.9865771812081,-4727
140.268456375839,17.9865771812081,-4837
140.335570469799,17.9865771812081,-4824
140.402684563758,17.9865771812081,-4812
140.469798657718,17.9865771812081,-4815
140.536912751678,17.9865771812081,-4797
140.604026845638,17.9865771812081,-4800
140.671140939597,17.9865771812081,-4801
140.738255033557,17.9865771812081,-4779
140.805369127517,17.9865771812081,-4718
140.872483221477,17.9865771812081,-4691
140.939597315436,17.9865771812081,-4663
141.006711409396,17.9865771812081,-4643
141.073825503356,17.9865771812081,-4683
141.140939597315,17.9865771812081,-4745
141.208053691275,17.9865771812081,-4666
141.275167785235,17.9865771812081,-4653
141.342281879195,17.9865771812081,-4653
141.409395973154,17.9865771812081,-4699
141.476510067114,17.9865771812081,-4737
141.543624161074,17.9865771812081,-4722
141.610738255034,17.9865771812081,-4703
141.677852348993,17.9865771812081,-4655
141.744966442953,17.9865771812081,-4622
141.812080536913,17.9865771812081,-4596
141.879194630872,17.9865771812081,-4543
141.946308724832,17.9865771812081,-4485
142.013422818792,17.9865771812081,-4430
142.080536912752,17.9865771812081,-4363
142.147651006711,17.9865771812081,-4314
142.214765100671,17.9865771812081,-4267
142.281879194631,17.9865771812081,-4188
142.348993288591,17.9865771812081,-4100
142.41610738255,17.9865771812081,-4031
142.48322147651,17.9865771812081,-3896
142.55033557047,17.9865771812081,-3771
142.61744966443,17.9865771812081,-3742
142.684563758389,17.9865771812081,-3590
142.751677852349,17.9865771812081,-3303
142.818791946309,17.9865771812081,-2958
142.885906040268,17.9865771812081,-2620
142.953020134228,17.9865771812081,-2181
143.020134228188,17.9865771812081,-2070
143.087248322148,17.9865771812081,-2346
143.154362416107,17.9865771812081,-2081
143.221476510067,17.9865771812081,-1742
143.288590604027,17.9865771812081,-2168
143.355704697987,17.9865771812081,-2834
143.422818791946,17.9865771812081,-3901
143.489932885906,17.9865771812081,-4179
143.557046979866,17.9865771812081,-3833
143.624161073825,17.9865771812081,-4111
143.691275167785,17.9865771812081,-4632
143.758389261745,17.9865771812081,-4708
143.825503355705,17.9865771812081,-4179
143.892617449664,17.9865771812081,-4097
143.959731543624,17.9865771812081,-4325
144.026845637584,17.9865771812081,-3995
144.093959731544,17.9865771812081,-3859
144.161073825503,17.9865771812081,-3804
144.228187919463,17.9865771812081,-3879
144.295302013423,17.9865771812081,-4185
144.362416107383,17.9865771812081,-4099
144.429530201342,17.9865771812081,-3855
144.496644295302,17.9865771812081,-3666
144.563758389262,17.9865771812081,-3573
144.630872483221,17.9865771812081,-3808
144.697986577181,17.9865771812081,-3958
144.765100671141,17.9865771812081,-4364
144.832214765101,17.9865771812081,-4552
144.89932885906,17.9865771812081,-4093
144.96644295302,17.9865771812081,-3526
145.03355704698,17.9865771812081,-3340
145.10067114094,17.9865771812081,-3588
145.167785234899,17.9865771812081,-3612
145.234899328859,17.9865771812081,-3667
145.302013422819,17.9865771812081,-3603
145.369127516779,17.9865771812081,-3371
145.436241610738,17.9865771812081,-2382
145.503355704698,17.9865771812081,-1871
145.570469798658,17.9865771812081,-2637
145.637583892617,17.9865771812081,-2447
145.704697986577,17.9865771812081,-2267
145.771812080537,17.9865771812081,-2401
145.838926174497,17.9865771812081,-2381
145.906040268456,17.9865771812081,-2544
145.973154362416,17.9865771812081,-2668
146.040268456376,17.9865771812081,-2761
146.107382550336,17.9865771812081,-2793
146.174496644295,17.9865771812081,-2718
146.241610738255,17.9865771812081,-2882
146.308724832215,17.9865771812081,-3107
146.375838926175,17.9865771812081,-3289
146.442953020134,17.9865771812081,-3439
146.510067114094,17.9865771812081,-3448
146.577181208054,17.9865771812081,-3459
146.644295302013,17.9865771812081,-3500
146.711409395973,17.9865771812081,-3505
146.778523489933,17.9865771812081,-3523
146.845637583893,17.9865771812081,-3335
146.912751677852,17.9865771812081,-3331
146.979865771812,17.9865771812081,-3621
147.046979865772,17.9865771812081,-3650
147.114093959732,17.9865771812081,-3390
147.181208053691,17.9865771812081,-3619
147.248322147651,17.9865771812081,-4041
147.315436241611,17.9865771812081,-4147
147.38255033557,17.9865771812081,-4058
147.44966442953,17.9865771812081,-3492
147.51677852349,17.9865771812081,-3957
147.58389261745,17.9865771812081,-4721
147.651006711409,17.9865771812081,-5740
147.718120805369,17.9865771812081,-6854
147.785234899329,17.9865771812081,-6913
147.852348993289,17.9865771812081,-5944
147.919463087248,17.9865771812081,-6612
147.986577181208,17.9865771812081,-6977
148.053691275168,17.9865771812081,-7020
148.120805369128,17.9865771812081,-6951
148.187919463087,17.9865771812081,-6736
148.255033557047,17.9865771812081,-6539
148.322147651007,17.9865771812081,-6430
148.389261744966,17.9865771812081,-6281
148.456375838926,17.9865771812081,-6159
148.523489932886,17.9865771812081,-6042
148.590604026846,17.9865771812081,-5968
148.657718120805,17.9865771812081,-5894
148.724832214765,17.9865771812081,-5823
148.791946308725,17.9865771812081,-5789
148.859060402685,17.9865771812081,-5768
148.926174496644,17.9865771812081,-5692
148.993288590604,17.9865771812081,-5633
149.060402684564,17.9865771812081,-5610
149.127516778523,17.9865771812081,-5562
149.194630872483,17.9865771812081,-5531
149.261744966443,17.9865771812081,-5458
149.328859060403,17.9865771812081,-5259
149.395973154362,17.9865771812081,-5249
149.463087248322,17.9865771812081,-5196
149.530201342282,17.9865771812081,-5075
149.597315436242,17.9865771812081,-4869
149.664429530201,17.9865771812081,-4493
149.731543624161,17.9865771812081,-4647
149.798657718121,17.9865771812081,-4792
149.865771812081,17.9865771812081,-4967
149.93288590604,17.9865771812081,-4953
150,17.9865771812081,-5125
140,17.9194630872483,-4409
140.06711409396,17.9194630872483,-4513
140.134228187919,17.9194630872483,-4586
140.201342281879,17.9194630872483,-4782
140.268456375839,17.9194630872483,-4911
140.335570469799,17.9194630872483,-4871
140.402684563758,17.9194630872483,-4833
140.469798657718,17.9194630872483,-4817
140.536912751678,17.9194630872483,-4814
140.604026845638,17.9194630872483,-4788
140.671140939597,17.9194630872483,-4714
140.738255033557,17.9194630872483,-4743
140.805369127517,17.9194630872483,-4727
140.872483221477,17.9194630872483,-4691
140.939597315436,17.9194630872483,-4690
141.006711409396,17.9194630872483,-4678
141.073825503356,17.9194630872483,-4757
141.140939597315,17.9194630872483,-4752
141.208053691275,17.9194630872483,-4716
141.275167785235,17.9194630872483,-4709
141.342281879195,17.9194630872483,-4721
141.409395973154,17.9194630872483,-4736
141.476510067114,17.9194630872483,-4742
141.543624161074,17.9194630872483,-4728
141.610738255034,17.9194630872483,-4716
141.677852348993,17.9194630872483,-4665
141.744966442953,17.9194630872483,-4636
141.812080536913,17.9194630872483,-4574
141.879194630872,17.9194630872483,-4508
141.946308724832,17.9194630872483,-4485
142.013422818792,17.9194630872483,-4428
142.080536912752,17.9194630872483,-4371
142.147651006711,17.9194630872483,-4326
142.214765100671,17.9194630872483,-4289
142.281879194631,17.9194630872483,-4225
142.348993288591,17.9194630872483,-4121
142.41610738255,17.9194630872483,-4039
142.48322147651,17.9194630872483,-3937
142.55033557047,17.9194630872483,-3840
142.61744966443,17.9194630872483,-3797
142.684563758389,17.9194630872483,-3527
142.751677852349,17.9194630872483,-3287
142.818791946309,17.9194630872483,-3167
142.885906040268,17.9194630872483,-3036
142.953020134228,17.9194630872483,-2665
143.020134228188,17.9194630872483,-2602
143.087248322148,17.9194630872483,-2251
143.154362416107,17.9194630872483,-2011
143.221476510067,17.9194630872483,-1621
143.288590604027,17.9194630872483,-1892
143.355704697987,17.9194630872483,-3119
143.422818791946,17.9194630872483,-4333
143.489932885906,17.9194630872483,-4955
143.557046979866,17.9194630872483,-4666
143.624161073825,17.9194630872483,-4512
143.691275167785,17.9194630872483,-4487
143.758389261745,17.9194630872483,-4586
143.825503355705,17.9194630872483,-4182
143.892617449664,17.9194630872483,-4118
143.959731543624,17.9194630872483,-4018
144.026845637584,17.9194630872483,-4301
144.093959731544,17.9194630872483,-4516
144.161073825503,17.9194630872483,-4192
144.228187919463,17.9194630872483,-4183
144.295302013423,17.9194630872483,-4250
144.362416107383,17.9194630872483,-4194
144.429530201342,17.9194630872483,-3727
144.496644295302,17.9194630872483,-3667
144.563758389262,17.9194630872483,-3438
144.630872483221,17.9194630872483,-3156
144.697986577181,17.9194630872483,-3601
144.765100671141,17.9194630872483,-3902
144.832214765101,17.9194630872483,-4256
144.89932885906,17.9194630872483,-4166
144.96644295302,17.9194630872483,-3662
145.03355704698,17.9194630872483,-3363
145.10067114094,17.9194630872483,-3448
145.167785234899,17.9194630872483,-3641
145.234899328859,17.9194630872483,-3662
145.302013422819,17.9194630872483,-3528
145.369127516779,17.9194630872483,-3454
145.436241610738,17.9194630872483,-3163
145.503355704698,17.9194630872483,-3011
145.570469798658,17.9194630872483,-3054
145.637583892617,17.9194630872483,-2973
145.704697986577,17.9194630872483,-2874
145.771812080537,17.9194630872483,-2723
145.838926174497,17.9194630872483,-2624
145.906040268456,17.9194630872483,-2646
145.973154362416,17.9194630872483,-2695
146.040268456376,17.9194630872483,-2713
146.107382550336,17.9194630872483,-2710
146.174496644295,17.9194630872483,-2656
146.241610738255,17.9194630872483,-2797
146.308724832215,17.9194630872483,-3022
146.375838926175,17.9194630872483,-3185
146.442953020134,17.9194630872483,-3312
146.510067114094,17.9194630872483,-3404
146.577181208054,17.9194630872483,-3491
146.644295302013,17.9194630872483,-3504
146.711409395973,17.9194630872483,-3457
146.778523489933,17.9194630872483,-3409
146.845637583893,17.9194630872483,-3418
146.912751677852,17.9194630872483,-3424
146.979865771812,17.9194630872483,-3655
147.046979865772,17.9194630872483,-3766
147.114093959732,17.9194630872483,-3638
147.181208053691,17.9194630872483,-3824
147.248322147651,17.9194630872483,-4045
147.315436241611,17.9194630872483,-4111
147.38255033557,17.9194630872483,-4064
147.44966442953,17.9194630872483,-3645
147.51677852349,17.9194630872483,-4208
147.58389261745,17.9194630872483,-5189
147.651006711409,17.9194630872483,-6052
147.718120805369,17.9194630872483,-7088
147.785234899329,17.9194630872483,-7867
147.852348993289,17.9194630872483,-7605
147.919463087248,17.9194630872483,-7393
147.986577181208,17.9194630872483,-7293
148.053691275168,17.9194630872483,-7175
148.120805369128,17.9194630872483,-6998
148.187919463087,17.9194630872483,-6841
148.255033557047,17.9194630872483,-6584
148.322147651007,17.9194630872483,-6455
148.389261744966,17.9194630872483,-6292
148.456375838926,17.9194630872483,-6165
148.523489932886,17.9194630872483,-6073
148.590604026846,17.9194630872483,-5976
148.657718120805,17.9194630872483,-5901
148.724832214765,17.9194630872483,-5840
148.791946308725,17.9194630872483,-5794
148.859060402685,17.9194630872483,-5754
148.926174496644,17.9194630872483,-5689
148.993288590604,17.9194630872483,-5581
149.060402684564,17.9194630872483,-5594
149.127516778523,17.9194630872483,-5554
149.194630872483,17.9194630872483,-5501
149.261744966443,17.9194630872483,-5439
149.328859060403,17.9194630872483,-5352
149.395973154362,17.9194630872483,-5289
149.463087248322,17.9194630872483,-5201
149.530201342282,17.9194630872483,-5157
149.597315436242,17.9194630872483,-5056
149.664429530201,17.9194630872483,-4800
149.731543624161,17.9194630872483,-4549
149.798657718121,17.9194630872483,-4702
149.865771812081,17.9194630872483,-4960
149.93288590604,17.9194630872483,-5064
150,17.9194630872483,-5128
140,17.8523489932886,-4666
140.06711409396,17.8523489932886,-4732
140.134228187919,17.8523489932886,-4802
140.201342281879,17.8523489932886,-4821
140.268456375839,17.8523489932886,-4823
140.335570469799,17.8523489932886,-4823
140.402684563758,17.8523489932886,-4813
140.469798657718,17.8523489932886,-4814
140.536912751678,17.8523489932886,-4825
140.604026845638,17.8523489932886,-4803
140.671140939597,17.8523489932886,-4778
140.738255033557,17.8523489932886,-4763
140.805369127517,17.8523489932886,-4740
140.872483221477,17.8523489932886,-4711
140.939597315436,17.8523489932886,-4693
141.006711409396,17.8523489932886,-4710
141.073825503356,17.8523489932886,-4750
141.140939597315,17.8523489932886,-4702
141.208053691275,17.8523489932886,-4729
141.275167785235,17.8523489932886,-4740
141.342281879195,17.8523489932886,-4746
141.409395973154,17.8523489932886,-4740
141.476510067114,17.8523489932886,-4735
141.543624161074,17.8523489932886,-4716
141.610738255034,17.8523489932886,-4699
141.677852348993,17.8523489932886,-4665
141.744966442953,17.8523489932886,-4622
141.812080536913,17.8523489932886,-4574
141.879194630872,17.8523489932886,-4516
141.946308724832,17.8523489932886,-4479
142.013422818792,17.8523489932886,-4445
142.080536912752,17.8523489932886,-4381
142.147651006711,17.8523489932886,-4335
142.214765100671,17.8523489932886,-4316
142.281879194631,17.8523489932886,-4271
142.348993288591,17.8523489932886,-4175
142.41610738255,17.8523489932886,-4116
142.48322147651,17.8523489932886,-4004
142.55033557047,17.8523489932886,-3918
142.61744966443,17.8523489932886,-3829
142.684563758389,17.8523489932886,-3542
142.751677852349,17.8523489932886,-3099
142.818791946309,17.8523489932886,-2735
142.885906040268,17.8523489932886,-3003
142.953020134228,17.8523489932886,-3016
143.020134228188,17.8523489932886,-2662
143.087248322148,17.8523489932886,-2265
143.154362416107,17.8523489932886,-1951
143.221476510067,17.8523489932886,-1555
143.288590604027,17.8523489932886,-1706
143.355704697987,17.8523489932886,-3062
143.422818791946,17.8523489932886,-4395
143.489932885906,17.8523489932886,-4753
143.557046979866,17.8523489932886,-4798
143.624161073825,17.8523489932886,-4594
143.691275167785,17.8523489932886,-4411
143.758389261745,17.8523489932886,-4522
143.825503355705,17.8523489932886,-4354
143.892617449664,17.8523489932886,-4425
143.959731543624,17.8523489932886,-4363
144.026845637584,17.8523489932886,-4477
144.093959731544,17.8523489932886,-4411
144.161073825503,17.8523489932886,-4282
144.228187919463,17.8523489932886,-4245
144.295302013423,17.8523489932886,-4104
144.362416107383,17.8523489932886,-4232
144.429530201342,17.8523489932886,-3731
144.496644295302,17.8523489932886,-3431
144.563758389262,17.8523489932886,-3374
144.630872483221,17.8523489932886,-2944
144.697986577181,17.8523489932886,-3060
144.765100671141,17.8523489932886,-3383
144.832214765101,17.8523489932886,-3643
144.89932885906,17.8523489932886,-4073
144.96644295302,17.8523489932886,-3676
145.03355704698,17.8523489932886,-3454
145.10067114094,17.8523489932886,-3418
145.167785234899,17.8523489932886,-3640
145.234899328859,17.8523489932886,-3601
145.302013422819,17.8523489932886,-3418
145.369127516779,17.8523489932886,-3338
145.436241610738,17.8523489932886,-3331
145.503355704698,17.8523489932886,-3253
145.570469798658,17.8523489932886,-3134
145.637583892617,17.8523489932886,-2995
145.704697986577,17.8523489932886,-2853
145.771812080537,17.8523489932886,-2513
145.838926174497,17.8523489932886,-2320
145.906040268456,17.8523489932886,-2616
145.973154362416,17.8523489932886,-2706
146.040268456376,17.8523489932886,-2603
146.107382550336,17.8523489932886,-2603
146.174496644295,17.8523489932886,-2651
146.241610738255,17.8523489932886,-2779
146.308724832215,17.8523489932886,-2965
146.375838926175,17.8523489932886,-3143
146.442953020134,17.8523489932886,-3269
146.510067114094,17.8523489932886,-3360
146.577181208054,17.8523489932886,-3322
146.644295302013,17.8523489932886,-3366
146.711409395973,17.8523489932886,-3423
146.778523489933,17.8523489932886,-3501
146.845637583893,17.8523489932886,-3613
146.912751677852,17.8523489932886,-3570
146.979865771812,17.8523489932886,-3618
147.046979865772,17.8523489932886,-3788
147.114093959732,17.8523489932886,-3847
147.181208053691,17.8523489932886,-3894
147.248322147651,17.8523489932886,-4040
147.315436241611,17.8523489932886,-4043
147.38255033557,17.8523489932886,-4062
147.44966442953,17.8523489932886,-4071
147.51677852349,17.8523489932886,-4872
147.58389261745,17.8523489932886,-5684
147.651006711409,17.8523489932886,-6756
147.718120805369,17.8523489932886,-7266
147.785234899329,17.8523489932886,-8251
147.852348993289,17.8523489932886,-8195
147.919463087248,17.8523489932886,-7687
147.986577181208,17.8523489932886,-7505
148.053691275168,17.8523489932886,-7273
148.120805369128,17.8523489932886,-7083
148.187919463087,17.8523489932886,-6883
148.255033557047,17.8523489932886,-6610
148.322147651007,17.8523489932886,-6474
148.389261744966,17.8523489932886,-6287
148.456375838926,17.8523489932886,-6167
148.523489932886,17.8523489932886,-6095
148.590604026846,17.8523489932886,-5991
148.657718120805,17.8523489932886,-5902
148.724832214765,17.8523489932886,-5834
148.791946308725,17.8523489932886,-5788
148.859060402685,17.8523489932886,-5732
148.926174496644,17.8523489932886,-5682
148.993288590604,17.8523489932886,-5642
149.060402684564,17.8523489932886,-5593
149.127516778523,17.8523489932886,-5543
149.194630872483,17.8523489932886,-5490
149.261744966443,17.8523489932886,-5426
149.328859060403,17.8523489932886,-5352
149.395973154362,17.8523489932886,-5235
149.463087248322,17.8523489932886,-5163
149.530201342282,17.8523489932886,-5164
149.597315436242,17.8523489932886,-5127
149.664429530201,17.8523489932886,-5074
149.731543624161,17.8523489932886,-5056
149.798657718121,17.8523489932886,-4977
149.865771812081,17.8523489932886,-5047
149.93288590604,17.8523489932886,-5106
150,17.8523489932886,-5141
140,17.7852348993289,-4837
140.06711409396,17.7852348993289,-4780
140.134228187919,17.7852348993289,-4832
140.201342281879,17.7852348993289,-4849
140.268456375839,17.7852348993289,-4823
140.335570469799,17.7852348993289,-4829
140.402684563758,17.7852348993289,-4811
140.469798657718,17.7852348993289,-4830
140.536912751678,17.7852348993289,-4833
140.604026845638,17.7852348993289,-4844
140.671140939597,17.7852348993289,-4820
140.738255033557,17.7852348993289,-4801
140.805369127517,17.7852348993289,-4774
140.872483221477,17.7852348993289,-4706
140.939597315436,17.7852348993289,-4667
141.006711409396,17.7852348993289,-4717
141.073825503356,17.7852348993289,-4750
141.140939597315,17.7852348993289,-4706
141.208053691275,17.7852348993289,-4726
141.275167785235,17.7852348993289,-4738
141.342281879195,17.7852348993289,-4743
141.409395973154,17.7852348993289,-4745
141.476510067114,17.7852348993289,-4741
141.543624161074,17.7852348993289,-4721
141.610738255034,17.7852348993289,-4683
141.677852348993,17.7852348993289,-4647
141.744966442953,17.7852348993289,-4616
141.812080536913,17.7852348993289,-4565
141.879194630872,17.7852348993289,-4508
141.946308724832,17.7852348993289,-4470
142.013422818792,17.7852348993289,-4452
142.080536912752,17.7852348993289,-4398
142.147651006711,17.7852348993289,-4362
142.214765100671,17.7852348993289,-4350
142.281879194631,17.7852348993289,-4297
142.348993288591,17.7852348993289,-4236
142.41610738255,17.7852348993289,-4145
142.48322147651,17.7852348993289,-4075
142.55033557047,17.7852348993289,-4014
142.61744966443,17.7852348993289,-3831
142.684563758389,17.7852348993289,-3450
142.751677852349,17.7852348993289,-2615
142.818791946309,17.7852348993289,-1520
142.885906040268,17.7852348993289,-2089
142.953020134228,17.7852348993289,-2687
143.020134228188,17.7852348993289,-2497
143.087248322148,17.7852348993289,-2400
143.154362416107,17.7852348993289,-2031
143.221476510067,17.7852348993289,-1643
143.288590604027,17.7852348993289,-2018
143.355704697987,17.7852348993289,-3175
143.422818791946,17.7852348993289,-4260
143.489932885906,17.7852348993289,-4463
143.557046979866,17.7852348993289,-4395
143.624161073825,17.7852348993289,-4411
143.691275167785,17.7852348993289,-4279
143.758389261745,17.7852348993289,-4191
143.825503355705,17.7852348993289,-4107
143.892617449664,17.7852348993289,-4331
143.959731543624,17.7852348993289,-4440
144.026845637584,17.7852348993289,-4314
144.093959731544,17.7852348993289,-4079
144.161073825503,17.7852348993289,-4228
144.228187919463,17.7852348993289,-4146
144.295302013423,17.7852348993289,-3717
144.362416107383,17.7852348993289,-3914
144.429530201342,17.7852348993289,-3521
144.496644295302,17.7852348993289,-3159
144.563758389262,17.7852348993289,-3336
144.630872483221,17.7852348993289,-2951
144.697986577181,17.7852348993289,-2949
144.765100671141,17.7852348993289,-3293
144.832214765101,17.7852348993289,-2974
144.89932885906,17.7852348993289,-3882
144.96644295302,17.7852348993289,-3629
145.03355704698,17.7852348993289,-3369
145.10067114094,17.7852348993289,-3381
145.167785234899,17.7852348993289,-3581
145.234899328859,17.7852348993289,-3613
145.302013422819,17.7852348993289,-3543
145.369127516779,17.7852348993289,-3461
145.436241610738,17.7852348993289,-3410
145.503355704698,17.7852348993289,-3253
145.570469798658,17.7852348993289,-3113
145.637583892617,17.7852348993289,-2897
145.704697986577,17.7852348993289,-2630
145.771812080537,17.7852348993289,-1893
145.838926174497,17.7852348993289,-1534
145.906040268456,17.7852348993289,-1991
145.973154362416,17.7852348993289,-2638
146.040268456376,17.7852348993289,-2549
146.107382550336,17.7852348993289,-2556
146.174496644295,17.7852348993289,-2586
146.241610738255,17.7852348993289,-2751
146.308724832215,17.7852348993289,-2953
146.375838926175,17.7852348993289,-3113
146.442953020134,17.7852348993289,-3212
146.510067114094,17.7852348993289,-3275
146.577181208054,17.7852348993289,-3363
146.644295302013,17.7852348993289,-3485
146.711409395973,17.7852348993289,-3551
146.778523489933,17.7852348993289,-3660
146.845637583893,17.7852348993289,-3717
146.912751677852,17.7852348993289,-3728
146.979865771812,17.7852348993289,-3799
147.046979865772,17.7852348993289,-3897
147.114093959732,17.7852348993289,-3863
147.181208053691,17.7852348993289,-3840
147.248322147651,17.7852348993289,-3988
147.315436241611,17.7852348993289,-3999
147.38255033557,17.7852348993289,-4052
147.44966442953,17.7852348993289,-4396
147.51677852349,17.7852348993289,-5474
147.58389261745,17.7852348993289,-6295
147.651006711409,17.7852348993289,-6965
147.718120805369,17.7852348993289,-7250
147.785234899329,17.7852348993289,-8225
147.852348993289,17.7852348993289,-8346
147.919463087248,17.7852348993289,-7923
147.986577181208,17.7852348993289,-7600
148.053691275168,17.7852348993289,-7336
148.120805369128,17.7852348993289,-7105
148.187919463087,17.7852348993289,-6903
148.255033557047,17.7852348993289,-6622
148.322147651007,17.7852348993289,-6454
148.389261744966,17.7852348993289,-6280
148.456375838926,17.7852348993289,-6182
148.523489932886,17.7852348993289,-6092
148.590604026846,17.7852348993289,-5986
148.657718120805,17.7852348993289,-5891
148.724832214765,17.7852348993289,-5810
148.791946308725,17.7852348993289,-5755
148.859060402685,17.7852348993289,-5718
148.926174496644,17.7852348993289,-5678
148.993288590604,17.7852348993289,-5624
149.060402684564,17.7852348993289,-5580
149.127516778523,17.7852348993289,-5521
149.194630872483,17.7852348993289,-5464
149.261744966443,17.7852348993289,-5419
149.328859060403,17.7852348993289,-5362
149.395973154362,17.7852348993289,-5277
149.463087248322,17.7852348993289,-5226
149.530201342282,17.7852348993289,-5156
149.597315436242,17.7852348993289,-5131
149.664429530201,17.7852348993289,-5129
149.731543624161,17.7852348993289,-5108
149.798657718121,17.7852348993289,-4961
149.865771812081,17.7852348993289,-4975
149.93288590604,17.7852348993289,-5105
150,17.7852348993289,-5158
140,17.7181208053691,-4684
140.06711409396,17.7181208053691,-4731
140.134228187919,17.7181208053691,-4824
140.201342281879,17.7181208053691,-4831
140.268456375839,17.7181208053691,-4826
140.335570469799,17.7181208053691,-4827
140.402684563758,17.7181208053691,-4809
140.469798657718,17.7181208053691,-4822
140.536912751678,17.7181208053691,-4846
140.604026845638,17.7181208053691,-4861
140.671140939597,17.7181208053691,-4815
140.738255033557,17.7181208053691,-4821
140.805369127517,17.7181208053691,-4806
140.872483221477,17.7181208053691,-4684
140.939597315436,17.7181208053691,-4642
141.006711409396,17.7181208053691,-4738
141.073825503356,17.7181208053691,-4780
141.140939597315,17.7181208053691,-4709
141.208053691275,17.7181208053691,-4714
141.275167785235,17.7181208053691,-4737
141.342281879195,17.7181208053691,-4731
141.409395973154,17.7181208053691,-4739
141.476510067114,17.7181208053691,-4736
141.543624161074,17.7181208053691,-4711
141.610738255034,17.7181208053691,-4690
141.677852348993,17.7181208053691,-4646
141.744966442953,17.7181208053691,-4617
141.812080536913,17.7181208053691,-4564
141.879194630872,17.7181208053691,-4528
141.946308724832,17.7181208053691,-4492
142.013422818792,17.7181208053691,-4462
142.080536912752,17.7181208053691,-4417
142.147651006711,17.7181208053691,-4388
142.214765100671,17.7181208053691,-4361
142.281879194631,17.7181208053691,-4303
142.348993288591,17.7181208053691,-4240
142.41610738255,17.7181208053691,-4182
142.48322147651,17.7181208053691,-4130
142.55033557047,17.7181208053691,-4034
142.61744966443,17.7181208053691,-3692
142.684563758389,17.7181208053691,-2879
142.751677852349,17.7181208053691,-1925
142.818791946309,17.7181208053691,-1588
142.885906040268,17.7181208053691,-2243
142.953020134228,17.7181208053691,-2611
143.020134228188,17.7181208053691,-2516
143.087248322148,17.7181208053691,-2447
143.154362416107,17.7181208053691,-2140
143.221476510067,17.7181208053691,-1814
143.288590604027,17.7181208053691,-2610
143.355704697987,17.7181208053691,-3441
143.422818791946,17.7181208053691,-4135
143.489932885906,17.7181208053691,-4521
143.557046979866,17.7181208053691,-4182
143.624161073825,17.7181208053691,-4062
143.691275167785,17.7181208053691,-3974
143.758389261745,17.7181208053691,-3888
143.825503355705,17.7181208053691,-3837
143.892617449664,17.7181208053691,-3819
143.959731543624,17.7181208053691,-4087
144.026845637584,17.7181208053691,-4025
144.093959731544,17.7181208053691,-3839
144.161073825503,17.7181208053691,-3785
144.228187919463,17.7181208053691,-3921
144.295302013423,17.7181208053691,-3556
144.362416107383,17.7181208053691,-3733
144.429530201342,17.7181208053691,-3471
144.496644295302,17.7181208053691,-3226
144.563758389262,17.7181208053691,-3299
144.630872483221,17.7181208053691,-3121
144.697986577181,17.7181208053691,-3403
144.765100671141,17.7181208053691,-3620
144.832214765101,17.7181208053691,-3510
144.89932885906,17.7181208053691,-3996
144.96644295302,17.7181208053691,-3915
145.03355704698,17.7181208053691,-3683
145.10067114094,17.7181208053691,-3640
145.167785234899,17.7181208053691,-3706
145.234899328859,17.7181208053691,-3723
145.302013422819,17.7181208053691,-3627
145.369127516779,17.7181208053691,-3554
145.436241610738,17.7181208053691,-3426
145.503355704698,17.7181208053691,-3264
145.570469798658,17.7181208053691,-3063
145.637583892617,17.7181208053691,-2771
145.704697986577,17.7181208053691,-2422
145.771812080537,17.7181208053691,-1762
145.838926174497,17.7181208053691,-1153
145.906040268456,17.7181208053691,-1957
145.973154362416,17.7181208053691,-2522
146.040268456376,17.7181208053691,-2542
146.107382550336,17.7181208053691,-2556
146.174496644295,17.7181208053691,-2574
146.241610738255,17.7181208053691,-2715
146.308724832215,17.7181208053691,-2897
146.375838926175,17.7181208053691,-3091
146.442953020134,17.7181208053691,-3181
146.510067114094,17.7181208053691,-3271
146.577181208054,17.7181208053691,-3378
146.644295302013,17.7181208053691,-3559
146.711409395973,17.7181208053691,-3678
146.778523489933,17.7181208053691,-3770
146.845637583893,17.7181208053691,-3832
146.912751677852,17.7181208053691,-3835
146.979865771812,17.7181208053691,-3859
147.046979865772,17.7181208053691,-3746
147.114093959732,17.7181208053691,-3502
147.181208053691,17.7181208053691,-3666
147.248322147651,17.7181208053691,-3889
147.315436241611,17.7181208053691,-3942
147.38255033557,17.7181208053691,-4032
147.44966442953,17.7181208053691,-4627
147.51677852349,17.7181208053691,-5655
147.58389261745,17.7181208053691,-6335
147.651006711409,17.7181208053691,-6637
147.718120805369,17.7181208053691,-7241
147.785234899329,17.7181208053691,-8066
147.852348993289,17.7181208053691,-8363
147.919463087248,17.7181208053691,-7989
147.986577181208,17.7181208053691,-7674
148.053691275168,17.7181208053691,-7374
148.120805369128,17.7181208053691,-7122
148.187919463087,17.7181208053691,-6851
148.255033557047,17.7181208053691,-6618
148.322147651007,17.7181208053691,-6411
148.389261744966,17.7181208053691,-6291
148.456375838926,17.7181208053691,-6178
148.523489932886,17.7181208053691,-6065
148.590604026846,17.7181208053691,-5954
148.657718120805,17.7181208053691,-5851
148.724832214765,17.7181208053691,-5779
148.791946308725,17.7181208053691,-5741
148.859060402685,17.7181208053691,-5710
148.926174496644,17.7181208053691,-5680
148.993288590604,17.7181208053691,-5633
149.060402684564,17.7181208053691,-5579
149.127516778523,17.7181208053691,-5522
149.194630872483,17.7181208053691,-5465
149.261744966443,17.7181208053691,-5427
149.328859060403,17.7181208053691,-5369
149.395973154362,17.7181208053691,-5304
149.463087248322,17.7181208053691,-5256
149.530201342282,17.7181208053691,-5204
149.597315436242,17.7181208053691,-5187
149.664429530201,17.7181208053691,-5163
149.731543624161,17.7181208053691,-5147
149.798657718121,17.7181208053691,-4978
149.865771812081,17.7181208053691,-5006
149.93288590604,17.7181208053691,-5147
150,17.7181208053691,-5187
140,17.6510067114094,-4559
140.06711409396,17.6510067114094,-4805
140.134228187919,17.6510067114094,-4815
140.201342281879,17.6510067114094,-4798
140.268456375839,17.6510067114094,-4737
140.335570469799,17.6510067114094,-4790
140.402684563758,17.6510067114094,-4828
140.469798657718,17.6510067114094,-4841
140.536912751678,17.6510067114094,-4845
140.604026845638,17.6510067114094,-4845
140.671140939597,17.6510067114094,-4837
140.738255033557,17.6510067114094,-4840
140.805369127517,17.6510067114094,-4819
140.872483221477,17.6510067114094,-4762
140.939597315436,17.6510067114094,-4719
141.006711409396,17.6510067114094,-4782
141.073825503356,17.6510067114094,-4854
141.140939597315,17.6510067114094,-4745
141.208053691275,17.6510067114094,-4726
141.275167785235,17.6510067114094,-4731
141.342281879195,17.6510067114094,-4720
141.409395973154,17.6510067114094,-4717
141.476510067114,17.6510067114094,-4705
141.543624161074,17.6510067114094,-4704
141.610738255034,17.6510067114094,-4694
141.677852348993,17.6510067114094,-4661
141.744966442953,17.6510067114094,-4618
141.812080536913,17.6510067114094,-4565
141.879194630872,17.6510067114094,-4529
141.946308724832,17.6510067114094,-4556
142.013422818792,17.6510067114094,-4521
142.080536912752,17.6510067114094,-4466
142.147651006711,17.6510067114094,-4418
142.214765100671,17.6510067114094,-4377
142.281879194631,17.6510067114094,-4326
142.348993288591,17.6510067114094,-4273
142.41610738255,17.6510067114094,-4239
142.48322147651,17.6510067114094,-4200
142.55033557047,17.6510067114094,-4049
142.61744966443,17.6510067114094,-3525
142.684563758389,17.6510067114094,-2309
142.751677852349,17.6510067114094,-2399
142.818791946309,17.6510067114094,-2798
142.885906040268,17.6510067114094,-2827
142.953020134228,17.6510067114094,-2931
143.020134228188,17.6510067114094,-2717
143.087248322148,17.6510067114094,-2531
143.154362416107,17.6510067114094,-2387
143.221476510067,17.6510067114094,-2182
143.288590604027,17.6510067114094,-2814
143.355704697987,17.6510067114094,-3343
143.422818791946,17.6510067114094,-3942
143.489932885906,17.6510067114094,-4596
143.557046979866,17.6510067114094,-4376
143.624161073825,17.6510067114094,-3900
143.691275167785,17.6510067114094,-3774
143.758389261745,17.6510067114094,-3962
143.825503355705,17.6510067114094,-3935
143.892617449664,17.6510067114094,-3608
143.959731543624,17.6510067114094,-3496
144.026845637584,17.6510067114094,-3808
144.093959731544,17.6510067114094,-3903
144.161073825503,17.6510067114094,-3618
144.228187919463,17.6510067114094,-3464
144.295302013423,17.6510067114094,-3860
144.362416107383,17.6510067114094,-4099
144.429530201342,17.6510067114094,-3726
144.496644295302,17.6510067114094,-3485
144.563758389262,17.6510067114094,-3435
144.630872483221,17.6510067114094,-3457
144.697986577181,17.6510067114094,-4021
144.765100671141,17.6510067114094,-4224
144.832214765101,17.6510067114094,-4422
144.89932885906,17.6510067114094,-4214
144.96644295302,17.6510067114094,-4037
145.03355704698,17.6510067114094,-3922
145.10067114094,17.6510067114094,-3905
145.167785234899,17.6510067114094,-3827
145.234899328859,17.6510067114094,-3778
145.302013422819,17.6510067114094,-3684
145.369127516779,17.6510067114094,-3578
145.436241610738,17.6510067114094,-3434
145.503355704698,17.6510067114094,-3272
145.570469798658,17.6510067114094,-3078
145.637583892617,17.6510067114094,-2742
145.704697986577,17.6510067114094,-2242
145.771812080537,17.6510067114094,-1300
145.838926174497,17.6510067114094,-233
145.906040268456,17.6510067114094,-1573
145.973154362416,17.6510067114094,-2372
146.040268456376,17.6510067114094,-2439
146.107382550336,17.6510067114094,-2392
146.174496644295,17.6510067114094,-2353
146.241610738255,17.6510067114094,-2614
146.308724832215,17.6510067114094,-2889
146.375838926175,17.6510067114094,-3048
146.442953020134,17.6510067114094,-3205
146.510067114094,17.6510067114094,-3282
146.577181208054,17.6510067114094,-3392
146.644295302013,17.6510067114094,-3525
146.711409395973,17.6510067114094,-3645
146.778523489933,17.6510067114094,-3758
146.845637583893,17.6510067114094,-3813
146.912751677852,17.6510067114094,-3802
146.979865771812,17.6510067114094,-3827
147.046979865772,17.6510067114094,-3648
147.114093959732,17.6510067114094,-3560
147.181208053691,17.6510067114094,-3745
147.248322147651,17.6510067114094,-3904
147.315436241611,17.6510067114094,-3988
147.38255033557,17.6510067114094,-4276
147.44966442953,17.6510067114094,-4919
147.51677852349,17.6510067114094,-5708
147.58389261745,17.6510067114094,-6096
147.651006711409,17.6510067114094,-6266
147.718120805369,17.6510067114094,-7090
147.785234899329,17.6510067114094,-8138
147.852348993289,17.6510067114094,-8389
147.919463087248,17.6510067114094,-8062
147.986577181208,17.6510067114094,-7681
148.053691275168,17.6510067114094,-7430
148.120805369128,17.6510067114094,-7132
148.187919463087,17.6510067114094,-6847
148.255033557047,17.6510067114094,-6578
148.322147651007,17.6510067114094,-6443
148.389261744966,17.6510067114094,-6300
148.456375838926,17.6510067114094,-6141
148.523489932886,17.6510067114094,-6022
148.590604026846,17.6510067114094,-5891
148.657718120805,17.6510067114094,-5780
148.724832214765,17.6510067114094,-5690
148.791946308725,17.6510067114094,-5657
148.859060402685,17.6510067114094,-5673
148.926174496644,17.6510067114094,-5665
148.993288590604,17.6510067114094,-5600
149.060402684564,17.6510067114094,-5560
149.127516778523,17.6510067114094,-5516
149.194630872483,17.6510067114094,-5452
149.261744966443,17.6510067114094,-5402
149.328859060403,17.6510067114094,-5355
149.395973154362,17.6510067114094,-5267
149.463087248322,17.6510067114094,-5184
149.530201342282,17.6510067114094,-5189
149.597315436242,17.6510067114094,-5183
149.664429530201,17.6510067114094,-5170
149.731543624161,17.6510067114094,-5172
149.798657718121,17.6510067114094,-4901
149.865771812081,17.6510067114094,-5031
149.93288590604,17.6510067114094,-5189
150,17.6510067114094,-5217
140,17.5838926174497,-4827
140.06711409396,17.5838926174497,-4861
140.134228187919,17.5838926174497,-4800
140.201342281879,17.5838926174497,-4689
140.268456375839,17.5838926174497,-4736
140.335570469799,17.5838926174497,-4820
140.402684563758,17.5838926174497,-4887
140.469798657718,17.5838926174497,-4889
140.536912751678,17.5838926174497,-4886
140.604026845638,17.5838926174497,-4858
140.671140939597,17.5838926174497,-4853
140.738255033557,17.5838926174497,-4841
140.805369127517,17.5838926174497,-4814
140.872483221477,17.5838926174497,-4805
140.939597315436,17.5838926174497,-4791
141.006711409396,17.5838926174497,-4829
141.073825503356,17.5838926174497,-4854
141.140939597315,17.5838926174497,-4769
141.208053691275,17.5838926174497,-4751
141.275167785235,17.5838926174497,-4763
141.342281879195,17.5838926174497,-4751
141.409395973154,17.5838926174497,-4728
141.476510067114,17.5838926174497,-4686
141.543624161074,17.5838926174497,-4701
141.610738255034,17.5838926174497,-4689
141.677852348993,17.5838926174497,-4661
141.744966442953,17.5838926174497,-4634
141.812080536913,17.5838926174497,-4585
141.879194630872,17.5838926174497,-4544
141.946308724832,17.5838926174497,-4571
142.013422818792,17.5838926174497,-4529
142.080536912752,17.5838926174497,-4463
142.147651006711,17.5838926174497,-4424
142.214765100671,17.5838926174497,-4392
142.281879194631,17.5838926174497,-4342
142.348993288591,17.5838926174497,-4299
142.41610738255,17.5838926174497,-4271
142.48322147651,17.5838926174497,-4202
142.55033557047,17.5838926174497,-4074
142.61744966443,17.5838926174497,-3752
142.684563758389,17.5838926174497,-3191
142.751677852349,17.5838926174497,-3241
142.818791946309,17.5838926174497,-3298
142.885906040268,17.5838926174497,-3282
142.953020134228,17.5838926174497,-3099
143.020134228188,17.5838926174497,-2454
143.087248322148,17.5838926174497,-2330
143.154362416107,17.5838926174497,-2437
143.221476510067,17.5838926174497,-2330
143.288590604027,17.5838926174497,-2876
143.355704697987,17.5838926174497,-3224
143.422818791946,17.5838926174497,-3745
143.489932885906,17.5838926174497,-4368
143.557046979866,17.5838926174497,-4476
143.624161073825,17.5838926174497,-3890
143.691275167785,17.5838926174497,-3820
143.758389261745,17.5838926174497,-4126
143.825503355705,17.5838926174497,-3959
143.892617449664,17.5838926174497,-3693
143.959731543624,17.5838926174497,-3237
144.026845637584,17.5838926174497,-3528
144.093959731544,17.5838926174497,-4109
144.161073825503,17.5838926174497,-3821
144.228187919463,17.5838926174497,-3715
144.295302013423,17.5838926174497,-4125
144.362416107383,17.5838926174497,-4267
144.429530201342,17.5838926174497,-4170
144.496644295302,17.5838926174497,-4004
144.563758389262,17.5838926174497,-3816
144.630872483221,17.5838926174497,-3925
144.697986577181,17.5838926174497,-3893
144.765100671141,17.5838926174497,-4405
144.832214765101,17.5838926174497,-4539
144.89932885906,17.5838926174497,-3924
144.96644295302,17.5838926174497,-3778
145.03355704698,17.5838926174497,-3703
145.10067114094,17.5838926174497,-3820
145.167785234899,17.5838926174497,-3785
145.234899328859,17.5838926174497,-3714
145.302013422819,17.5838926174497,-3564
145.369127516779,17.5838926174497,-3541
145.436241610738,17.5838926174497,-3420
145.503355704698,17.5838926174497,-3270
145.570469798658,17.5838926174497,-3100
145.637583892617,17.5838926174497,-2830
145.704697986577,17.5838926174497,-2443
145.771812080537,17.5838926174497,-1635
145.838926174497,17.5838926174497,-793
145.906040268456,17.5838926174497,-1945
145.973154362416,17.5838926174497,-2295
146.040268456376,17.5838926174497,-2275
146.107382550336,17.5838926174497,-2193
146.174496644295,17.5838926174497,-2026
146.241610738255,17.5838926174497,-2507
146.308724832215,17.5838926174497,-2848
146.375838926175,17.5838926174497,-3003
146.442953020134,17.5838926174497,-3154
146.510067114094,17.5838926174497,-3274
146.577181208054,17.5838926174497,-3381
146.644295302013,17.5838926174497,-3533
146.711409395973,17.5838926174497,-3647
146.778523489933,17.5838926174497,-3709
146.845637583893,17.5838926174497,-3793
146.912751677852,17.5838926174497,-3867
146.979865771812,17.5838926174497,-3913
147.046979865772,17.5838926174497,-3774
147.114093959732,17.5838926174497,-3725
147.181208053691,17.5838926174497,-3909
147.248322147651,17.5838926174497,-3943
147.315436241611,17.5838926174497,-3969
147.38255033557,17.5838926174497,-4333
147.44966442953,17.5838926174497,-4872
147.51677852349,17.5838926174497,-5415
147.58389261745,17.5838926174497,-5639
147.651006711409,17.5838926174497,-5888
147.718120805369,17.5838926174497,-6878
147.785234899329,17.5838926174497,-7921
147.852348993289,17.5838926174497,-8396
147.919463087248,17.5838926174497,-8097
147.986577181208,17.5838926174497,-7682
148.053691275168,17.5838926174497,-7412
148.120805369128,17.5838926174497,-7061
148.187919463087,17.5838926174497,-6710
148.255033557047,17.5838926174497,-6303
148.322147651007,17.5838926174497,-6382
148.389261744966,17.5838926174497,-6249
148.456375838926,17.5838926174497,-6134
148.523489932886,17.5838926174497,-6014
148.590604026846,17.5838926174497,-5769
148.657718120805,17.5838926174497,-5356
148.724832214765,17.5838926174497,-4810
148.791946308725,17.5838926174497,-4735
148.859060402685,17.5838926174497,-5621
148.926174496644,17.5838926174497,-5716
148.993288590604,17.5838926174497,-5555
149.060402684564,17.5838926174497,-5480
149.127516778523,17.5838926174497,-5481
149.194630872483,17.5838926174497,-5432
149.261744966443,17.5838926174497,-5386
149.328859060403,17.5838926174497,-5334
149.395973154362,17.5838926174497,-5269
149.463087248322,17.5838926174497,-5174
149.530201342282,17.5838926174497,-5195
149.597315436242,17.5838926174497,-5192
149.664429530201,17.5838926174497,-5191
149.731543624161,17.5838926174497,-5213
149.798657718121,17.5838926174497,-5224
149.865771812081,17.5838926174497,-5260
149.93288590604,17.5838926174497,-5280
150,17.5838926174497,-5234
140,17.5167785234899,-4890
140.06711409396,17.5167785234899,-4805
140.134228187919,17.5167785234899,-4634
140.201342281879,17.5167785234899,-4649
140.268456375839,17.5167785234899,-4788
140.335570469799,17.5167785234899,-4876
140.402684563758,17.5167785234899,-4903
140.469798657718,17.5167785234899,-4911
140.536912751678,17.5167785234899,-4926
140.604026845638,17.5167785234899,-4873
140.671140939597,17.5167785234899,-4819
140.738255033557,17.5167785234899,-4809
140.805369127517,17.5167785234899,-4845
140.872483221477,17.5167785234899,-4890
140.939597315436,17.5167785234899,-4834
141.006711409396,17.5167785234899,-4861
141.073825503356,17.5167785234899,-4842
141.140939597315,17.5167785234899,-4764
141.208053691275,17.5167785234899,-4762
141.275167785235,17.5167785234899,-4778
141.342281879195,17.5167785234899,-4768
141.409395973154,17.5167785234899,-4740
141.476510067114,17.5167785234899,-4702
141.543624161074,17.5167785234899,-4698
141.610738255034,17.5167785234899,-4682
141.677852348993,17.5167785234899,-4663
141.744966442953,17.5167785234899,-4646
141.812080536913,17.5167785234899,-4616
141.879194630872,17.5167785234899,-4559
141.946308724832,17.5167785234899,-4557
142.013422818792,17.5167785234899,-4522
142.080536912752,17.5167785234899,-4447
142.147651006711,17.5167785234899,-4409
142.214765100671,17.5167785234899,-4363
142.281879194631,17.5167785234899,-4297
142.348993288591,17.5167785234899,-4287
142.41610738255,17.5167785234899,-4242
142.48322147651,17.5167785234899,-4166
142.55033557047,17.5167785234899,-4099
142.61744966443,17.5167785234899,-3937
142.684563758389,17.5167785234899,-3755
142.751677852349,17.5167785234899,-3640
142.818791946309,17.5167785234899,-3554
142.885906040268,17.5167785234899,-3324
142.953020134228,17.5167785234899,-2673
143.020134228188,17.5167785234899,-2403
143.087248322148,17.5167785234899,-2251
143.154362416107,17.5167785234899,-2484
143.221476510067,17.5167785234899,-2482
143.288590604027,17.5167785234899,-2820
143.355704697987,17.5167785234899,-3168
143.422818791946,17.5167785234899,-3798
143.489932885906,17.5167785234899,-4221
143.557046979866,17.5167785234899,-4378
143.624161073825,17.5167785234899,-3797
143.691275167785,17.5167785234899,-3650
143.758389261745,17.5167785234899,-4030
143.825503355705,17.5167785234899,-3818
143.892617449664,17.5167785234899,-3622
143.959731543624,17.5167785234899,-3534
144.026845637584,17.5167785234899,-3707
144.093959731544,17.5167785234899,-4294
144.161073825503,17.5167785234899,-4146
144.228187919463,17.5167785234899,-4068
144.295302013423,17.5167785234899,-4104
144.362416107383,17.5167785234899,-4227
144.429530201342,17.5167785234899,-3979
144.496644295302,17.5167785234899,-3783
144.563758389262,17.5167785234899,-3913
144.630872483221,17.5167785234899,-3975
144.697986577181,17.5167785234899,-3844
144.765100671141,17.5167785234899,-4601
144.832214765101,17.5167785234899,-4389
144.89932885906,17.5167785234899,-3607
144.96644295302,17.5167785234899,-3299
145.03355704698,17.5167785234899,-3619
145.10067114094,17.5167785234899,-3643
145.167785234899,17.5167785234899,-3860
145.234899328859,17.5167785234899,-3768
145.302013422819,17.5167785234899,-3660
145.369127516779,17.5167785234899,-3461
145.436241610738,17.5167785234899,-3393
145.503355704698,17.5167785234899,-3285
145.570469798658,17.5167785234899,-3145
145.637583892617,17.5167785234899,-2962
145.704697986577,17.5167785234899,-2739
145.771812080537,17.5167785234899,-2462
145.838926174497,17.5167785234899,-2209
145.906040268456,17.5167785234899,-2346
145.973154362416,17.5167785234899,-2355
146.040268456376,17.5167785234899,-2180
146.107382550336,17.5167785234899,-2104
146.174496644295,17.5167785234899,-2180
146.241610738255,17.5167785234899,-2509
146.308724832215,17.5167785234899,-2799
146.375838926175,17.5167785234899,-2984
146.442953020134,17.5167785234899,-3130
146.510067114094,17.5167785234899,-3261
146.577181208054,17.5167785234899,-3420
146.644295302013,17.5167785234899,-3565
146.711409395973,17.5167785234899,-3690
146.778523489933,17.5167785234899,-3668
146.845637583893,17.5167785234899,-3593
146.912751677852,17.5167785234899,-3675
146.979865771812,17.5167785234899,-3982
147.046979865772,17.5167785234899,-4035
147.114093959732,17.5167785234899,-4032
147.181208053691,17.5167785234899,-4096
147.248322147651,17.5167785234899,-4075
147.315436241611,17.5167785234899,-3986
147.38255033557,17.5167785234899,-4402
147.44966442953,17.5167785234899,-4818
147.51677852349,17.5167785234899,-4889
147.58389261745,17.5167785234899,-5163
147.651006711409,17.5167785234899,-5877
147.718120805369,17.5167785234899,-6761
147.785234899329,17.5167785234899,-7573
147.852348993289,17.5167785234899,-8289
147.919463087248,17.5167785234899,-8076
147.986577181208,17.5167785234899,-7695
148.053691275168,17.5167785234899,-7380
148.120805369128,17.5167785234899,-6562
148.187919463087,17.5167785234899,-5690
148.255033557047,17.5167785234899,-5951
148.322147651007,17.5167785234899,-6355
148.389261744966,17.5167785234899,-6213
148.456375838926,17.5167785234899,-6144
148.523489932886,17.5167785234899,-6053
148.590604026846,17.5167785234899,-5648
148.657718120805,17.5167785234899,-4362
148.724832214765,17.5167785234899,-3270
148.791946308725,17.5167785234899,-4167
148.859060402685,17.5167785234899,-5629
148.926174496644,17.5167785234899,-5811
148.993288590604,17.5167785234899,-5547
149.060402684564,17.5167785234899,-5411
149.127516778523,17.5167785234899,-5420
149.194630872483,17.5167785234899,-5381
149.261744966443,17.5167785234899,-5283
149.328859060403,17.5167785234899,-5312
149.395973154362,17.5167785234899,-5318
149.463087248322,17.5167785234899,-5268
149.530201342282,17.5167785234899,-5239
149.597315436242,17.5167785234899,-5232
149.664429530201,17.5167785234899,-5240
149.731543624161,17.5167785234899,-5246
149.798657718121,17.5167785234899,-5255
149.865771812081,17.5167785234899,-5290
149.93288590604,17.5167785234899,-5299
150,17.5167785234899,-5264
140,17.4496644295302,-4826
140.06711409396,17.4496644295302,-4810
140.134228187919,17.4496644295302,-4821
140.201342281879,17.4496644295302,-4875
140.268456375839,17.4496644295302,-4902
140.335570469799,17.4496644295302,-4916
140.402684563758,17.4496644295302,-4921
140.469798657718,17.4496644295302,-4891
140.536912751678,17.4496644295302,-4902
140.604026845638,17.4496644295302,-4828
140.671140939597,17.4496644295302,-4730
140.738255033557,17.4496644295302,-4762
140.805369127517,17.4496644295302,-4896
140.872483221477,17.4496644295302,-4907
140.939597315436,17.4496644295302,-4840
141.006711409396,17.4496644295302,-4814
141.073825503356,17.4496644295302,-4809
141.140939597315,17.4496644295302,-4771
141.208053691275,17.4496644295302,-4762
141.275167785235,17.4496644295302,-4767
141.342281879195,17.4496644295302,-4766
141.409395973154,17.4496644295302,-4745
141.476510067114,17.4496644295302,-4729
141.543624161074,17.4496644295302,-4734
141.610738255034,17.4496644295302,-4711
141.677852348993,17.4496644295302,-4681
141.744966442953,17.4496644295302,-4690
141.812080536913,17.4496644295302,-4633
141.879194630872,17.4496644295302,-4582
141.946308724832,17.4496644295302,-4524
142.013422818792,17.4496644295302,-4505
142.080536912752,17.4496644295302,-4433
142.147651006711,17.4496644295302,-4388
142.214765100671,17.4496644295302,-4327
142.281879194631,17.4496644295302,-4251
142.348993288591,17.4496644295302,-4239
142.41610738255,17.4496644295302,-4192
142.48322147651,17.4496644295302,-4141
142.55033557047,17.4496644295302,-4073
142.61744966443,17.4496644295302,-3993
142.684563758389,17.4496644295302,-3876
142.751677852349,17.4496644295302,-3746
142.818791946309,17.4496644295302,-3535
142.885906040268,17.4496644295302,-3085
142.953020134228,17.4496644295302,-2278
143.020134228188,17.4496644295302,-2099
143.087248322148,17.4496644295302,-2116
143.154362416107,17.4496644295302,-2437
143.221476510067,17.4496644295302,-2530
143.288590604027,17.4496644295302,-2930
143.355704697987,17.4496644295302,-3386
143.422818791946,17.4496644295302,-3984
143.489932885906,17.4496644295302,-4279
143.557046979866,17.4496644295302,-4362
143.624161073825,17.4496644295302,-4073
143.691275167785,17.4496644295302,-3764
143.758389261745,17.4496644295302,-3879
143.825503355705,17.4496644295302,-3769
143.892617449664,17.4496644295302,-3943
143.959731543624,17.4496644295302,-4165
144.026845637584,17.4496644295302,-4100
144.093959731544,17.4496644295302,-4252
144.161073825503,17.4496644295302,-4192
144.228187919463,17.4496644295302,-4159
144.295302013423,17.4496644295302,-3974
144.362416107383,17.4496644295302,-4024
144.429530201342,17.4496644295302,-3622
144.496644295302,17.4496644295302,-3426
144.563758389262,17.4496644295302,-3840
144.630872483221,17.4496644295302,-4254
144.697986577181,17.4496644295302,-3924
144.765100671141,17.4496644295302,-4730
144.832214765101,17.4496644295302,-3896
144.89932885906,17.4496644295302,-3185
144.96644295302,17.4496644295302,-3220
145.03355704698,17.4496644295302,-3825
145.10067114094,17.4496644295302,-3690
145.167785234899,17.4496644295302,-3886
145.234899328859,17.4496644295302,-3760
145.302013422819,17.4496644295302,-3617
145.369127516779,17.4496644295302,-3497
145.436241610738,17.4496644295302,-3405
145.503355704698,17.4496644295302,-3326
145.570469798658,17.4496644295302,-3186
145.637583892617,17.4496644295302,-3034
145.704697986577,17.4496644295302,-2814
145.771812080537,17.4496644295302,-2494
145.838926174497,17.4496644295302,-2153
145.906040268456,17.4496644295302,-2274
145.973154362416,17.4496644295302,-2231
146.040268456376,17.4496644295302,-2048
146.107382550336,17.4496644295302,-2053
146.174496644295,17.4496644295302,-2203
146.241610738255,17.4496644295302,-2509
146.308724832215,17.4496644295302,-2747
146.375838926175,17.4496644295302,-2950
146.442953020134,17.4496644295302,-3125
146.510067114094,17.4496644295302,-3327
146.577181208054,17.4496644295302,-3470
146.644295302013,17.4496644295302,-3443
146.711409395973,17.4496644295302,-3469
146.778523489933,17.4496644295302,-3439
146.845637583893,17.4496644295302,-3455
146.912751677852,17.4496644295302,-3601
146.979865771812,17.4496644295302,-4092
147.046979865772,17.4496644295302,-4317
147.114093959732,17.4496644295302,-4396
147.181208053691,17.4496644295302,-4342
147.248322147651,17.4496644295302,-4327
147.315436241611,17.4496644295302,-4317
147.38255033557,17.4496644295302,-4642
147.44966442953,17.4496644295302,-4600
147.51677852349,17.4496644295302,-4162
147.58389261745,17.4496644295302,-4892
147.651006711409,17.4496644295302,-5969
147.718120805369,17.4496644295302,-6550
147.785234899329,17.4496644295302,-7383
147.852348993289,17.4496644295302,-8102
147.919463087248,17.4496644295302,-8037
147.986577181208,17.4496644295302,-7630
148.053691275168,17.4496644295302,-7220
148.120805369128,17.4496644295302,-5943
148.187919463087,17.4496644295302,-4894
148.255033557047,17.4496644295302,-5700
148.322147651007,17.4496644295302,-6382
148.389261744966,17.4496644295302,-6293
148.456375838926,17.4496644295302,-6187
148.523489932886,17.4496644295302,-6075
148.590604026846,17.4496644295302,-5613
148.657718120805,17.4496644295302,-4132
148.724832214765,17.4496644295302,-3469
148.791946308725,17.4496644295302,-4381
148.859060402685,17.4496644295302,-5518
148.926174496644,17.4496644295302,-5756
148.993288590604,17.4496644295302,-5554
149.060402684564,17.4496644295302,-5439
149.127516778523,17.4496644295302,-5396
149.194630872483,17.4496644295302,-5312
149.261744966443,17.4496644295302,-5287
149.328859060403,17.4496644295302,-5317
149.395973154362,17.4496644295302,-5331
149.463087248322,17.4496644295302,-5307
149.530201342282,17.4496644295302,-5268
149.597315436242,17.4496644295302,-5271
149.664429530201,17.4496644295302,-5282
149.731543624161,17.4496644295302,-5307
149.798657718121,17.4496644295302,-5270
149.865771812081,17.4496644295302,-5263
149.93288590604,17.4496644295302,-5032
150,17.4496644295302,-4959
140,17.3825503355705,-4868
140.06711409396,17.3825503355705,-4797
140.134228187919,17.3825503355705,-4769
140.201342281879,17.3825503355705,-4922
140.268456375839,17.3825503355705,-4986
140.335570469799,17.3825503355705,-4925
140.402684563758,17.3825503355705,-4882
140.469798657718,17.3825503355705,-4860
140.536912751678,17.3825503355705,-4844
140.604026845638,17.3825503355705,-4793
140.671140939597,17.3825503355705,-4758
140.738255033557,17.3825503355705,-4816
140.805369127517,17.3825503355705,-4882
140.872483221477,17.3825503355705,-4833
140.939597315436,17.3825503355705,-4795
141.006711409396,17.3825503355705,-4778
141.073825503356,17.3825503355705,-4811
141.140939597315,17.3825503355705,-4797
141.208053691275,17.3825503355705,-4766
141.275167785235,17.3825503355705,-4767
141.342281879195,17.3825503355705,-4768
141.409395973154,17.3825503355705,-4755
141.476510067114,17.3825503355705,-4742
141.543624161074,17.3825503355705,-4765
141.610738255034,17.3825503355705,-4736
141.677852348993,17.3825503355705,-4702
141.744966442953,17.3825503355705,-4669
141.812080536913,17.3825503355705,-4617
141.879194630872,17.3825503355705,-4575
141.946308724832,17.3825503355705,-4520
142.013422818792,17.3825503355705,-4483
142.080536912752,17.3825503355705,-4431
142.147651006711,17.3825503355705,-4386
142.214765100671,17.3825503355705,-4327
142.281879194631,17.3825503355705,-4241
142.348993288591,17.3825503355705,-4178
142.41610738255,17.3825503355705,-4160
142.48322147651,17.3825503355705,-4113
142.55033557047,17.3825503355705,-4067
142.61744966443,17.3825503355705,-3916
142.684563758389,17.3825503355705,-3756
142.751677852349,17.3825503355705,-3620
142.818791946309,17.3825503355705,-3104
142.885906040268,17.3825503355705,-2254
142.953020134228,17.3825503355705,-2359
143.020134228188,17.3825503355705,-2199
143.087248322148,17.3825503355705,-1874
143.154362416107,17.3825503355705,-2311
143.221476510067,17.3825503355705,-2479
143.288590604027,17.3825503355705,-2868
143.355704697987,17.3825503355705,-3468
143.422818791946,17.3825503355705,-3993
143.489932885906,17.3825503355705,-4078
143.557046979866,17.3825503355705,-3934
143.624161073825,17.3825503355705,-3817
143.691275167785,17.3825503355705,-4057
143.758389261745,17.3825503355705,-3887
143.825503355705,17.3825503355705,-3924
143.892617449664,17.3825503355705,-4181
143.959731543624,17.3825503355705,-4124
144.026845637584,17.3825503355705,-3717
144.093959731544,17.3825503355705,-3784
144.161073825503,17.3825503355705,-3993
144.228187919463,17.3825503355705,-4020
144.295302013423,17.3825503355705,-3943
144.362416107383,17.3825503355705,-3814
144.429530201342,17.3825503355705,-3436
144.496644295302,17.3825503355705,-3374
144.563758389262,17.3825503355705,-3260
144.630872483221,17.3825503355705,-4191
144.697986577181,17.3825503355705,-4289
144.765100671141,17.3825503355705,-4677
144.832214765101,17.3825503355705,-3872
144.89932885906,17.3825503355705,-3076
144.96644295302,17.3825503355705,-3206
145.03355704698,17.3825503355705,-3840
145.10067114094,17.3825503355705,-3668
145.167785234899,17.3825503355705,-3824
145.234899328859,17.3825503355705,-3713
145.302013422819,17.3825503355705,-2892
145.369127516779,17.3825503355705,-3326
145.436241610738,17.3825503355705,-3462
145.503355704698,17.3825503355705,-3169
145.570469798658,17.3825503355705,-2811
145.637583892617,17.3825503355705,-2863
145.704697986577,17.3825503355705,-2523
145.771812080537,17.3825503355705,-1700
145.838926174497,17.3825503355705,-1159
145.906040268456,17.3825503355705,-1915
145.973154362416,17.3825503355705,-1985
146.040268456376,17.3825503355705,-2019
146.107382550336,17.3825503355705,-2048
146.174496644295,17.3825503355705,-2187
146.241610738255,17.3825503355705,-2459
146.308724832215,17.3825503355705,-2702
146.375838926175,17.3825503355705,-2905
146.442953020134,17.3825503355705,-3099
146.510067114094,17.3825503355705,-3201
146.577181208054,17.3825503355705,-3343
146.644295302013,17.3825503355705,-3417
146.711409395973,17.3825503355705,-3472
146.778523489933,17.3825503355705,-3563
146.845637583893,17.3825503355705,-3657
146.912751677852,17.3825503355705,-3782
146.979865771812,17.3825503355705,-4099
147.046979865772,17.3825503355705,-4411
147.114093959732,17.3825503355705,-4606
147.181208053691,17.3825503355705,-4584
147.248322147651,17.3825503355705,-4511
147.315436241611,17.3825503355705,-4362
147.38255033557,17.3825503355705,-4433
147.44966442953,17.3825503355705,-4089
147.51677852349,17.3825503355705,-3850
147.58389261745,17.3825503355705,-3998
147.651006711409,17.3825503355705,-5164
147.718120805369,17.3825503355705,-6116
147.785234899329,17.3825503355705,-7452
147.852348993289,17.3825503355705,-8220
147.919463087248,17.3825503355705,-8041
147.986577181208,17.3825503355705,-7605
148.053691275168,17.3825503355705,-7345
148.120805369128,17.3825503355705,-6642
148.187919463087,17.3825503355705,-5967
148.255033557047,17.3825503355705,-6270
148.322147651007,17.3825503355705,-6458
148.389261744966,17.3825503355705,-6337
148.456375838926,17.3825503355705,-6167
148.523489932886,17.3825503355705,-6063
148.590604026846,17.3825503355705,-5750
148.657718120805,17.3825503355705,-5024
148.724832214765,17.3825503355705,-4688
148.791946308725,17.3825503355705,-5270
148.859060402685,17.3825503355705,-5604
148.926174496644,17.3825503355705,-5652
148.993288590604,17.3825503355705,-5525
149.060402684564,17.3825503355705,-5458
149.127516778523,17.3825503355705,-5379
149.194630872483,17.3825503355705,-5338
149.261744966443,17.3825503355705,-5357
149.328859060403,17.3825503355705,-5346
149.395973154362,17.3825503355705,-5351
149.463087248322,17.3825503355705,-5307
149.530201342282,17.3825503355705,-5294
149.597315436242,17.3825503355705,-5296
149.664429530201,17.3825503355705,-5268
149.731543624161,17.3825503355705,-5272
149.798657718121,17.3825503355705,-5275
149.865771812081,17.3825503355705,-5194
149.93288590604,17.3825503355705,-4508
150,17.3825503355705,-3987
140,17.3154362416107,-4897
140.06711409396,17.3154362416107,-4784
140.134228187919,17.3154362416107,-4606
140.201342281879,17.3154362416107,-4739
140.268456375839,17.3154362416107,-4893
140.335570469799,17.3154362416107,-4872
140.402684563758,17.3154362416107,-4788
140.469798657718,17.3154362416107,-4843
140.536912751678,17.3154362416107,-4871
140.604026845638,17.3154362416107,-4869
140.671140939597,17.3154362416107,-4887
140.738255033557,17.3154362416107,-4911
140.805369127517,17.3154362416107,-4857
140.872483221477,17.3154362416107,-4742
140.939597315436,17.3154362416107,-4747
141.006711409396,17.3154362416107,-4768
141.073825503356,17.3154362416107,-4766
141.140939597315,17.3154362416107,-4762
141.208053691275,17.3154362416107,-4792
141.275167785235,17.3154362416107,-4788
141.342281879195,17.3154362416107,-4778
141.409395973154,17.3154362416107,-4761
141.476510067114,17.3154362416107,-4769
141.543624161074,17.3154362416107,-4764
141.610738255034,17.3154362416107,-4720
141.677852348993,17.3154362416107,-4679
141.744966442953,17.3154362416107,-4634
141.812080536913,17.3154362416107,-4610
141.879194630872,17.3154362416107,-4594
141.946308724832,17.3154362416107,-4527
142.013422818792,17.3154362416107,-4451
142.080536912752,17.3154362416107,-4421
142.147651006711,17.3154362416107,-4380
142.214765100671,17.3154362416107,-4314
142.281879194631,17.3154362416107,-4242
142.348993288591,17.3154362416107,-4176
142.41610738255,17.3154362416107,-4126
142.48322147651,17.3154362416107,-4024
142.55033557047,17.3154362416107,-3980
142.61744966443,17.3154362416107,-3714
142.684563758389,17.3154362416107,-3040
142.751677852349,17.3154362416107,-2722
142.818791946309,17.3154362416107,-2532
142.885906040268,17.3154362416107,-2681
142.953020134228,17.3154362416107,-2684
143.020134228188,17.3154362416107,-2170
143.087248322148,17.3154362416107,-1925
143.154362416107,17.3154362416107,-2065
143.221476510067,17.3154362416107,-2154
143.288590604027,17.3154362416107,-2520
143.355704697987,17.3154362416107,-3043
143.422818791946,17.3154362416107,-3509
143.489932885906,17.3154362416107,-3407
143.557046979866,17.3154362416107,-2912
143.624161073825,17.3154362416107,-3178
143.691275167785,17.3154362416107,-4014
143.758389261745,17.3154362416107,-4261
143.825503355705,17.3154362416107,-4268
143.892617449664,17.3154362416107,-4062
143.959731543624,17.3154362416107,-3872
144.026845637584,17.3154362416107,-3690
144.093959731544,17.3154362416107,-3445
144.161073825503,17.3154362416107,-3806
144.228187919463,17.3154362416107,-3690
144.295302013423,17.3154362416107,-3965
144.362416107383,17.3154362416107,-3898
144.429530201342,17.3154362416107,-3597
144.496644295302,17.3154362416107,-3868
144.563758389262,17.3154362416107,-3554
144.630872483221,17.3154362416107,-3765
144.697986577181,17.3154362416107,-4353
144.765100671141,17.3154362416107,-4635
144.832214765101,17.3154362416107,-3982
144.89932885906,17.3154362416107,-3459
144.96644295302,17.3154362416107,-3531
145.03355704698,17.3154362416107,-3812
145.10067114094,17.3154362416107,-3437
145.167785234899,17.3154362416107,-3656
145.234899328859,17.3154362416107,-3700
145.302013422819,17.3154362416107,-3406
145.369127516779,17.3154362416107,-3565
145.436241610738,17.3154362416107,-3481
145.503355704698,17.3154362416107,-2583
145.570469798658,17.3154362416107,-1966
145.637583892617,17.3154362416107,-2525
145.704697986577,17.3154362416107,-1892
145.771812080537,17.3154362416107,-1447
145.838926174497,17.3154362416107,-576
145.906040268456,17.3154362416107,-1759
145.973154362416,17.3154362416107,-1916
146.040268456376,17.3154362416107,-1834
146.107382550336,17.3154362416107,-1531
146.174496644295,17.3154362416107,-1836
146.241610738255,17.3154362416107,-2322
146.308724832215,17.3154362416107,-2624
146.375838926175,17.3154362416107,-2846
146.442953020134,17.3154362416107,-2990
146.510067114094,17.3154362416107,-3077
146.577181208054,17.3154362416107,-3223
146.644295302013,17.3154362416107,-3509
146.711409395973,17.3154362416107,-3714
146.778523489933,17.3154362416107,-3771
146.845637583893,17.3154362416107,-3830
146.912751677852,17.3154362416107,-3877
146.979865771812,17.3154362416107,-4028
147.046979865772,17.3154362416107,-4256
147.114093959732,17.3154362416107,-4489
147.181208053691,17.3154362416107,-4576
147.248322147651,17.3154362416107,-4461
147.315436241611,17.3154362416107,-4018
147.38255033557,17.3154362416107,-3685
147.44966442953,17.3154362416107,-3574
147.51677852349,17.3154362416107,-3733
147.58389261745,17.3154362416107,-3793
147.651006711409,17.3154362416107,-4525
147.718120805369,17.3154362416107,-6120
147.785234899329,17.3154362416107,-7468
147.852348993289,17.3154362416107,-8187
147.919463087248,17.3154362416107,-8040
147.986577181208,17.3154362416107,-7595
148.053691275168,17.3154362416107,-7362
148.120805369128,17.3154362416107,-7157
148.187919463087,17.3154362416107,-6977
148.255033557047,17.3154362416107,-6693
148.322147651007,17.3154362416107,-6552
148.389261744966,17.3154362416107,-6296
148.456375838926,17.3154362416107,-6111
148.523489932886,17.3154362416107,-6016
148.590604026846,17.3154362416107,-5898
148.657718120805,17.3154362416107,-5719
148.724832214765,17.3154362416107,-5565
148.791946308725,17.3154362416107,-5624
148.859060402685,17.3154362416107,-5592
148.926174496644,17.3154362416107,-5556
148.993288590604,17.3154362416107,-5506
149.060402684564,17.3154362416107,-5401
149.127516778523,17.3154362416107,-5317
149.194630872483,17.3154362416107,-5354
149.261744966443,17.3154362416107,-5400
149.328859060403,17.3154362416107,-5363
149.395973154362,17.3154362416107,-5351
149.463087248322,17.3154362416107,-5321
149.530201342282,17.3154362416107,-5328
149.597315436242,17.3154362416107,-5268
149.664429530201,17.3154362416107,-5166
149.731543624161,17.3154362416107,-5127
149.798657718121,17.3154362416107,-5119
149.865771812081,17.3154362416107,-4981
149.93288590604,17.3154362416107,-4031
150,17.3154362416107,-2793
140,17.248322147651,-4756
140.06711409396,17.248322147651,-4657
140.134228187919,17.248322147651,-4528
140.201342281879,17.248322147651,-4649
140.268456375839,17.248322147651,-4805
140.335570469799,17.248322147651,-4890
140.402684563758,17.248322147651,-4835
140.469798657718,17.248322147651,-4859
140.536912751678,17.248322147651,-4944
140.604026845638,17.248322147651,-4973
140.671140939597,17.248322147651,-4936
140.738255033557,17.248322147651,-4895
140.805369127517,17.248322147651,-4842
140.872483221477,17.248322147651,-4719
140.939597315436,17.248322147651,-4732
141.006711409396,17.248322147651,-4749
141.073825503356,17.248322147651,-4739
141.140939597315,17.248322147651,-4774
141.208053691275,17.248322147651,-4822
141.275167785235,17.248322147651,-4786
141.342281879195,17.248322147651,-4786
141.409395973154,17.248322147651,-4751
141.476510067114,17.248322147651,-4749
141.543624161074,17.248322147651,-4743
141.610738255034,17.248322147651,-4704
141.677852348993,17.248322147651,-4672
141.744966442953,17.248322147651,-4609
141.812080536913,17.248322147651,-4580
141.879194630872,17.248322147651,-4579
141.946308724832,17.248322147651,-4554
142.013422818792,17.248322147651,-4432
142.080536912752,17.248322147651,-4393
142.147651006711,17.248322147651,-4365
142.214765100671,17.248322147651,-4320
142.281879194631,17.248322147651,-4241
142.348993288591,17.248322147651,-4126
142.41610738255,17.248322147651,-4069
142.48322147651,17.248322147651,-4001
142.55033557047,17.248322147651,-3859
142.61744966443,17.248322147651,-3597
142.684563758389,17.248322147651,-3185
142.751677852349,17.248322147651,-2898
142.818791946309,17.248322147651,-3031
142.885906040268,17.248322147651,-3056
142.953020134228,17.248322147651,-2786
143.020134228188,17.248322147651,-2467
143.087248322148,17.248322147651,-2043
143.154362416107,17.248322147651,-1746
143.221476510067,17.248322147651,-1622
143.288590604027,17.248322147651,-2149
143.355704697987,17.248322147651,-2748
143.422818791946,17.248322147651,-2967
143.489932885906,17.248322147651,-2910
143.557046979866,17.248322147651,-3009
143.624161073825,17.248322147651,-3570
143.691275167785,17.248322147651,-4165
143.758389261745,17.248322147651,-4288
143.825503355705,17.248322147651,-4248
143.892617449664,17.248322147651,-3952
143.959731543624,17.248322147651,-3739
144.026845637584,17.248322147651,-3713
144.093959731544,17.248322147651,-3808
144.161073825503,17.248322147651,-3791
144.228187919463,17.248322147651,-3504
144.295302013423,17.248322147651,-3788
144.362416107383,17.248322147651,-3920
144.429530201342,17.248322147651,-3566
144.496644295302,17.248322147651,-3875
144.563758389262,17.248322147651,-3664
144.630872483221,17.248322147651,-3621
144.697986577181,17.248322147651,-4098
144.765100671141,17.248322147651,-4452
144.832214765101,17.248322147651,-3976
144.89932885906,17.248322147651,-3348
144.96644295302,17.248322147651,-3749
145.03355704698,17.248322147651,-3721
145.10067114094,17.248322147651,-3726
145.167785234899,17.248322147651,-3798
145.234899328859,17.248322147651,-3723
145.302013422819,17.248322147651,-3631
145.369127516779,17.248322147651,-3566
145.436241610738,17.248322147651,-3425
145.503355704698,17.248322147651,-2678
145.570469798658,17.248322147651,-2199
145.637583892617,17.248322147651,-2736
145.704697986577,17.248322147651,-2544
145.771812080537,17.248322147651,-2294
145.838926174497,17.248322147651,-2221
145.906040268456,17.248322147651,-2207
145.973154362416,17.248322147651,-1803
146.040268456376,17.248322147651,-1417
146.107382550336,17.248322147651,-1227
146.174496644295,17.248322147651,-1800
146.241610738255,17.248322147651,-2317
146.308724832215,17.248322147651,-2545
146.375838926175,17.248322147651,-2810
146.442953020134,17.248322147651,-3022
146.510067114094,17.248322147651,-3184
146.577181208054,17.248322147651,-3408
146.644295302013,17.248322147651,-3583
146.711409395973,17.248322147651,-3754
146.778523489933,17.248322147651,-3864
146.845637583893,17.248322147651,-3933
146.912751677852,17.248322147651,-3942
146.979865771812,17.248322147651,-4110
147.046979865772,17.248322147651,-4209
147.114093959732,17.248322147651,-4312
147.181208053691,17.248322147651,-4489
147.248322147651,17.248322147651,-4674
147.315436241611,17.248322147651,-4749
147.38255033557,17.248322147651,-4368
147.44966442953,17.248322147651,-4009
147.51677852349,17.248322147651,-3885
147.58389261745,17.248322147651,-3847
147.651006711409,17.248322147651,-4762
147.718120805369,17.248322147651,-6477
147.785234899329,17.248322147651,-7566
147.852348993289,17.248322147651,-8157
147.919463087248,17.248322147651,-8152
147.986577181208,17.248322147651,-7754
148.053691275168,17.248322147651,-7302
148.120805369128,17.248322147651,-7196
148.187919463087,17.248322147651,-6904
148.255033557047,17.248322147651,-6652
148.322147651007,17.248322147651,-6428
148.389261744966,17.248322147651,-6234
148.456375838926,17.248322147651,-6105
148.523489932886,17.248322147651,-5994
148.590604026846,17.248322147651,-5903
148.657718120805,17.248322147651,-5774
148.724832214765,17.248322147651,-5658
148.791946308725,17.248322147651,-5575
148.859060402685,17.248322147651,-5549
148.926174496644,17.248322147651,-5527
148.993288590604,17.248322147651,-5506
149.060402684564,17.248322147651,-5449
149.127516778523,17.248322147651,-5322
149.194630872483,17.248322147651,-5340
149.261744966443,17.248322147651,-5395
149.328859060403,17.248322147651,-5382
149.395973154362,17.248322147651,-5350
149.463087248322,17.248322147651,-5312
149.530201342282,17.248322147651,-5286
149.597315436242,17.248322147651,-5235
149.664429530201,17.248322147651,-5125
149.731543624161,17.248322147651,-5039
149.798657718121,17.248322147651,-4989
149.865771812081,17.248322147651,-4788
149.93288590604,17.248322147651,-3769
150,17.248322147651,-1900
140,17.1812080536913,-4381
140.06711409396,17.1812080536913,-4424
140.134228187919,17.1812080536913,-4615
140.201342281879,17.1812080536913,-4691
140.268456375839,17.1812080536913,-4750
140.335570469799,17.1812080536913,-4802
140.402684563758,17.1812080536913,-4755
140.469798657718,17.1812080536913,-4787
140.536912751678,17.1812080536913,-4882
140.604026845638,17.1812080536913,-4951
140.671140939597,17.1812080536913,-4922
140.738255033557,17.1812080536913,-4812
140.805369127517,17.1812080536913,-4821
140.872483221477,17.1812080536913,-4748
140.939597315436,17.1812080536913,-4747
141.006711409396,17.1812080536913,-4752
141.073825503356,17.1812080536913,-4747
141.140939597315,17.1812080536913,-4780
141.208053691275,17.1812080536913,-4804
141.275167785235,17.1812080536913,-4800
141.342281879195,17.1812080536913,-4788
141.409395973154,17.1812080536913,-4752
141.476510067114,17.1812080536913,-4739
141.543624161074,17.1812080536913,-4717
141.610738255034,17.1812080536913,-4712
141.677852348993,17.1812080536913,-4683
141.744966442953,17.1812080536913,-4617
141.812080536913,17.1812080536913,-4589
141.879194630872,17.1812080536913,-4581
141.946308724832,17.1812080536913,-4553
142.013422818792,17.1812080536913,-4465
142.080536912752,17.1812080536913,-4376
142.147651006711,17.1812080536913,-4354
142.214765100671,17.1812080536913,-4311
142.281879194631,17.1812080536913,-4205
142.348993288591,17.1812080536913,-4099
142.41610738255,17.1812080536913,-4025
142.48322147651,17.1812080536913,-3952
142.55033557047,17.1812080536913,-3892
142.61744966443,17.1812080536913,-3737
142.684563758389,17.1812080536913,-3587
142.751677852349,17.1812080536913,-3435
142.818791946309,17.1812080536913,-3360
142.885906040268,17.1812080536913,-3177
142.953020134228,17.1812080536913,-2931
143.020134228188,17.1812080536913,-2660
143.087248322148,17.1812080536913,-2148
143.154362416107,17.1812080536913,-1599
143.221476510067,17.1812080536913,-1114
143.288590604027,17.1812080536913,-1863
143.355704697987,17.1812080536913,-2367
143.422818791946,17.1812080536913,-2655
143.489932885906,17.1812080536913,-2868
143.557046979866,17.1812080536913,-3645
143.624161073825,17.1812080536913,-4172
143.691275167785,17.1812080536913,-4339
143.758389261745,17.1812080536913,-4111
143.825503355705,17.1812080536913,-4182
143.892617449664,17.1812080536913,-3814
143.959731543624,17.1812080536913,-3631
144.026845637584,17.1812080536913,-3745
144.093959731544,17.1812080536913,-4017
144.161073825503,17.1812080536913,-3803
144.228187919463,17.1812080536913,-3795
144.295302013423,17.1812080536913,-4014
144.362416107383,17.1812080536913,-3767
144.429530201342,17.1812080536913,-3362
144.496644295302,17.1812080536913,-3625
144.563758389262,17.1812080536913,-3648
144.630872483221,17.1812080536913,-3641
144.697986577181,17.1812080536913,-3763
144.765100671141,17.1812080536913,-4112
144.832214765101,17.1812080536913,-3975
144.89932885906,17.1812080536913,-3439
144.96644295302,17.1812080536913,-3606
145.03355704698,17.1812080536913,-3729
145.10067114094,17.1812080536913,-3754
145.167785234899,17.1812080536913,-3744
145.234899328859,17.1812080536913,-3687
145.302013422819,17.1812080536913,-3571
145.369127516779,17.1812080536913,-3492
145.436241610738,17.1812080536913,-3397
145.503355704698,17.1812080536913,-3141
145.570469798658,17.1812080536913,-3025
145.637583892617,17.1812080536913,-3097
145.704697986577,17.1812080536913,-2991
145.771812080537,17.1812080536913,-2732
145.838926174497,17.1812080536913,-2520
145.906040268456,17.1812080536913,-2441
145.973154362416,17.1812080536913,-2352
146.040268456376,17.1812080536913,-2076
146.107382550336,17.1812080536913,-1851
146.174496644295,17.1812080536913,-2017
146.241610738255,17.1812080536913,-2346
146.308724832215,17.1812080536913,-2526
146.375838926175,17.1812080536913,-2812
146.442953020134,17.1812080536913,-3104
146.510067114094,17.1812080536913,-3351
146.577181208054,17.1812080536913,-3486
146.644295302013,17.1812080536913,-3587
146.711409395973,17.1812080536913,-3725
146.778523489933,17.1812080536913,-3862
146.845637583893,17.1812080536913,-4021
146.912751677852,17.1812080536913,-4113
146.979865771812,17.1812080536913,-4282
147.046979865772,17.1812080536913,-4352
147.114093959732,17.1812080536913,-4314
147.181208053691,17.1812080536913,-4488
147.248322147651,17.1812080536913,-4825
147.315436241611,17.1812080536913,-5192
147.38255033557,17.1812080536913,-5225
147.44966442953,17.1812080536913,-5040
147.51677852349,17.1812080536913,-4570
147.58389261745,17.1812080536913,-4645
147.651006711409,17.1812080536913,-5556
147.718120805369,17.1812080536913,-6743
147.785234899329,17.1812080536913,-7710
147.852348993289,17.1812080536913,-8165
147.919463087248,17.1812080536913,-8102
147.986577181208,17.1812080536913,-7659
148.053691275168,17.1812080536913,-7285
148.120805369128,17.1812080536913,-7115
148.187919463087,17.1812080536913,-6844
148.255033557047,17.1812080536913,-6605
148.322147651007,17.1812080536913,-6381
148.389261744966,17.1812080536913,-6265
148.456375838926,17.1812080536913,-6109
148.523489932886,17.1812080536913,-5962
148.590604026846,17.1812080536913,-5823
148.657718120805,17.1812080536913,-5717
148.724832214765,17.1812080536913,-5649
148.791946308725,17.1812080536913,-5585
148.859060402685,17.1812080536913,-5551
148.926174496644,17.1812080536913,-5538
148.993288590604,17.1812080536913,-5525
149.060402684564,17.1812080536913,-5499
149.127516778523,17.1812080536913,-5361
149.194630872483,17.1812080536913,-5375
149.261744966443,17.1812080536913,-5440
149.328859060403,17.1812080536913,-5424
149.395973154362,17.1812080536913,-5374
149.463087248322,17.1812080536913,-5297
149.530201342282,17.1812080536913,-5255
149.597315436242,17.1812080536913,-5275
149.664429530201,17.1812080536913,-5219
149.731543624161,17.1812080536913,-5104
149.798657718121,17.1812080536913,-4959
149.865771812081,17.1812080536913,-4484
149.93288590604,17.1812080536913,-3093
150,17.1812080536913,-1654
140,17.1140939597315,-4610
140.06711409396,17.1140939597315,-4543
140.134228187919,17.1140939597315,-4655
140.201342281879,17.1140939597315,-4763
140.268456375839,17.1140939597315,-4802
140.335570469799,17.1140939597315,-4678
140.402684563758,17.1140939597315,-4656
140.469798657718,17.1140939597315,-4685
140.536912751678,17.1140939597315,-4741
140.604026845638,17.1140939597315,-4844
140.671140939597,17.1140939597315,-4903
140.738255033557,17.1140939597315,-4858
140.805369127517,17.1140939597315,-4841
140.872483221477,17.1140939597315,-4815
140.939597315436,17.1140939597315,-4790
141.006711409396,17.1140939597315,-4792
141.073825503356,17.1140939597315,-4775
141.140939597315,17.1140939597315,-4773
141.208053691275,17.1140939597315,-4790
141.275167785235,17.1140939597315,-4811
141.342281879195,17.1140939597315,-4788
141.409395973154,17.1140939597315,-4717
141.476510067114,17.1140939597315,-4730
141.543624161074,17.1140939597315,-4722
141.610738255034,17.1140939597315,-4721
141.677852348993,17.1140939597315,-4700
141.744966442953,17.1140939597315,-4641
141.812080536913,17.1140939597315,-4617
141.879194630872,17.1140939597315,-4566
141.946308724832,17.1140939597315,-4541
142.013422818792,17.1140939597315,-4493
142.080536912752,17.1140939597315,-4402
142.147651006711,17.1140939597315,-4307
142.214765100671,17.1140939597315,-4291
142.281879194631,17.1140939597315,-4192
142.348993288591,17.1140939597315,-4095
142.41610738255,17.1140939597315,-4021
142.48322147651,17.1140939597315,-3963
142.55033557047,17.1140939597315,-3792
142.61744966443,17.1140939597315,-3548
142.684563758389,17.1140939597315,-3508
142.751677852349,17.1140939597315,-3493
142.818791946309,17.1140939597315,-3389
142.885906040268,17.1140939597315,-3223
142.953020134228,17.1140939597315,-3057
143.020134228188,17.1140939597315,-2846
143.087248322148,17.1140939597315,-2426
143.154362416107,17.1140939597315,-2090
143.221476510067,17.1140939597315,-1848
143.288590604027,17.1140939597315,-1915
143.355704697987,17.1140939597315,-2126
143.422818791946,17.1140939597315,-2507
143.489932885906,17.1140939597315,-2783
143.557046979866,17.1140939597315,-3829
143.624161073825,17.1140939597315,-4281
143.691275167785,17.1140939597315,-4296
143.758389261745,17.1140939597315,-4009
143.825503355705,17.1140939597315,-3820
143.892617449664,17.1140939597315,-3808
143.959731543624,17.1140939597315,-3564
144.026845637584,17.1140939597315,-3743
144.093959731544,17.1140939597315,-4080
144.161073825503,17.1140939597315,-3865
144.228187919463,17.1140939597315,-3923
144.295302013423,17.1140939597315,-4096
144.362416107383,17.1140939597315,-4006
144.429530201342,17.1140939597315,-3692
144.496644295302,17.1140939597315,-3760
144.563758389262,17.1140939597315,-3608
144.630872483221,17.1140939597315,-3629
144.697986577181,17.1140939597315,-3583
144.765100671141,17.1140939597315,-3715
144.832214765101,17.1140939597315,-3833
144.89932885906,17.1140939597315,-3527
144.96644295302,17.1140939597315,-3760
145.03355704698,17.1140939597315,-3754
145.10067114094,17.1140939597315,-3714
145.167785234899,17.1140939597315,-3675
145.234899328859,17.1140939597315,-3552
145.302013422819,17.1140939597315,-3462
145.369127516779,17.1140939597315,-3392
145.436241610738,17.1140939597315,-3341
145.503355704698,17.1140939597315,-3241
145.570469798658,17.1140939597315,-3124
145.637583892617,17.1140939597315,-2890
145.704697986577,17.1140939597315,-2647
145.771812080537,17.1140939597315,-2528
145.838926174497,17.1140939597315,-2455
145.906040268456,17.1140939597315,-2415
145.973154362416,17.1140939597315,-2385
146.040268456376,17.1140939597315,-2246
146.107382550336,17.1140939597315,-2030
146.174496644295,17.1140939597315,-2130
146.241610738255,17.1140939597315,-2326
146.308724832215,17.1140939597315,-2526
146.375838926175,17.1140939597315,-2848
146.442953020134,17.1140939597315,-3077
146.510067114094,17.1140939597315,-3383
146.577181208054,17.1140939597315,-3598
146.644295302013,17.1140939597315,-3603
146.711409395973,17.1140939597315,-3674
146.778523489933,17.1140939597315,-3842
146.845637583893,17.1140939597315,-4046
146.912751677852,17.1140939597315,-4172
146.979865771812,17.1140939597315,-4428
147.046979865772,17.1140939597315,-4569
147.114093959732,17.1140939597315,-4429
147.181208053691,17.1140939597315,-4212
147.248322147651,17.1140939597315,-4269
147.315436241611,17.1140939597315,-4772
147.38255033557,17.1140939597315,-4997
147.44966442953,17.1140939597315,-5457
147.51677852349,17.1140939597315,-5540
147.58389261745,17.1140939597315,-5687
147.651006711409,17.1140939597315,-6210
147.718120805369,17.1140939597315,-6931
147.785234899329,17.1140939597315,-7787
147.852348993289,17.1140939597315,-8176
147.919463087248,17.1140939597315,-7958
147.986577181208,17.1140939597315,-7626
148.053691275168,17.1140939597315,-7278
148.120805369128,17.1140939597315,-7027
148.187919463087,17.1140939597315,-6812
148.255033557047,17.1140939597315,-6538
148.322147651007,17.1140939597315,-6337
148.389261744966,17.1140939597315,-6257
148.456375838926,17.1140939597315,-6089
148.523489932886,17.1140939597315,-5926
148.590604026846,17.1140939597315,-5764
148.657718120805,17.1140939597315,-5668
148.724832214765,17.1140939597315,-5644
148.791946308725,17.1140939597315,-5596
148.859060402685,17.1140939597315,-5535
148.926174496644,17.1140939597315,-5495
148.993288590604,17.1140939597315,-5475
149.060402684564,17.1140939597315,-5492
149.127516778523,17.1140939597315,-5466
149.194630872483,17.1140939597315,-5495
149.261744966443,17.1140939597315,-5556
149.328859060403,17.1140939597315,-5537
149.395973154362,17.1140939597315,-5363
149.463087248322,17.1140939597315,-5120
149.530201342282,17.1140939597315,-5162
149.597315436242,17.1140939597315,-5286
149.664429530201,17.1140939597315,-5164
149.731543624161,17.1140939597315,-4930
149.798657718121,17.1140939597315,-4487
149.865771812081,17.1140939597315,-3491
149.93288590604,17.1140939597315,-2188
150,17.1140939597315,-1487
140,17.0469798657718,-4668
140.06711409396,17.0469798657718,-4733
140.134228187919,17.0469798657718,-4783
140.201342281879,17.0469798657718,-4866
140.268456375839,17.0469798657718,-4887
140.335570469799,17.0469798657718,-4758
140.402684563758,17.0469798657718,-4647
140.469798657718,17.0469798657718,-4667
140.536912751678,17.0469798657718,-4683
140.604026845638,17.0469798657718,-4777
140.671140939597,17.0469798657718,-4858
140.738255033557,17.0469798657718,-4818
140.805369127517,17.0469798657718,-4795
140.872483221477,17.0469798657718,-4829
140.939597315436,17.0469798657718,-4827
141.006711409396,17.0469798657718,-4831
141.073825503356,17.0469798657718,-4785
141.140939597315,17.0469798657718,-4758
141.208053691275,17.0469798657718,-4789
141.275167785235,17.0469798657718,-4819
141.342281879195,17.0469798657718,-4778
141.409395973154,17.0469798657718,-4746
141.476510067114,17.0469798657718,-4750
141.543624161074,17.0469798657718,-4728
141.610738255034,17.0469798657718,-4692
141.677852348993,17.0469798657718,-4675
141.744966442953,17.0469798657718,-4634
141.812080536913,17.0469798657718,-4604
141.879194630872,17.0469798657718,-4552
141.946308724832,17.0469798657718,-4517
142.013422818792,17.0469798657718,-4494
142.080536912752,17.0469798657718,-4447
142.147651006711,17.0469798657718,-4378
142.214765100671,17.0469798657718,-4305
142.281879194631,17.0469798657718,-4193
142.348993288591,17.0469798657718,-4111
142.41610738255,17.0469798657718,-4053
142.48322147651,17.0469798657718,-3981
142.55033557047,17.0469798657718,-3752
142.61744966443,17.0469798657718,-3293
142.684563758389,17.0469798657718,-3142
142.751677852349,17.0469798657718,-3053
142.818791946309,17.0469798657718,-2899
142.885906040268,17.0469798657718,-2596
142.953020134228,17.0469798657718,-2858
143.020134228188,17.0469798657718,-2795
143.087248322148,17.0469798657718,-2348
143.154362416107,17.0469798657718,-1921
143.221476510067,17.0469798657718,-1662
143.288590604027,17.0469798657718,-1787
143.355704697987,17.0469798657718,-2247
143.422818791946,17.0469798657718,-2621
143.489932885906,17.0469798657718,-2719
143.557046979866,17.0469798657718,-3521
143.624161073825,17.0469798657718,-4178
143.691275167785,17.0469798657718,-4063
143.758389261745,17.0469798657718,-3822
143.825503355705,17.0469798657718,-3667
143.892617449664,17.0469798657718,-3481
143.959731543624,17.0469798657718,-3460
144.026845637584,17.0469798657718,-3824
144.093959731544,17.0469798657718,-4121
144.161073825503,17.0469798657718,-3814
144.228187919463,17.0469798657718,-3771
144.295302013423,17.0469798657718,-4075
144.362416107383,17.0469798657718,-3975
144.429530201342,17.0469798657718,-3914
144.496644295302,17.0469798657718,-3885
144.563758389262,17.0469798657718,-3554
144.630872483221,17.0469798657718,-3533
144.697986577181,17.0469798657718,-3480
144.765100671141,17.0469798657718,-3420
144.832214765101,17.0469798657718,-3507
144.89932885906,17.0469798657718,-3285
144.96644295302,17.0469798657718,-3615
145.03355704698,17.0469798657718,-3702
145.10067114094,17.0469798657718,-3689
145.167785234899,17.0469798657718,-3658
145.234899328859,17.0469798657718,-3592
145.302013422819,17.0469798657718,-3515
145.369127516779,17.0469798657718,-3412
145.436241610738,17.0469798657718,-3283
145.503355704698,17.0469798657718,-3116
145.570469798658,17.0469798657718,-2848
145.637583892617,17.0469798657718,-2203
145.704697986577,17.0469798657718,-1550
145.771812080537,17.0469798657718,-2049
145.838926174497,17.0469798657718,-2189
145.906040268456,17.0469798657718,-2192
145.973154362416,17.0469798657718,-2243
146.040268456376,17.0469798657718,-2143
146.107382550336,17.0469798657718,-1867
146.174496644295,17.0469798657718,-1964
146.241610738255,17.0469798657718,-2225
146.308724832215,17.0469798657718,-2459
146.375838926175,17.0469798657718,-2714
146.442953020134,17.0469798657718,-2970
146.510067114094,17.0469798657718,-3318
146.577181208054,17.0469798657718,-3620
146.644295302013,17.0469798657718,-3696
146.711409395973,17.0469798657718,-3708
146.778523489933,17.0469798657718,-3796
146.845637583893,17.0469798657718,-3985
146.912751677852,17.0469798657718,-4130
146.979865771812,17.0469798657718,-4410
147.046979865772,17.0469798657718,-4598
147.114093959732,17.0469798657718,-4182
147.181208053691,17.0469798657718,-3571
147.248322147651,17.0469798657718,-3501
147.315436241611,17.0469798657718,-4247
147.38255033557,17.0469798657718,-5034
147.44966442953,17.0469798657718,-6022
147.51677852349,17.0469798657718,-6413
147.58389261745,17.0469798657718,-6361
147.651006711409,17.0469798657718,-6435
147.718120805369,17.0469798657718,-6989
147.785234899329,17.0469798657718,-7767
147.852348993289,17.0469798657718,-8213
147.919463087248,17.0469798657718,-7952
147.986577181208,17.0469798657718,-7582
148.053691275168,17.0469798657718,-7249
148.120805369128,17.0469798657718,-6960
148.187919463087,17.0469798657718,-6746
148.255033557047,17.0469798657718,-6591
148.322147651007,17.0469798657718,-6370
148.389261744966,17.0469798657718,-6193
148.456375838926,17.0469798657718,-6049
148.523489932886,17.0469798657718,-5883
148.590604026846,17.0469798657718,-5719
148.657718120805,17.0469798657718,-5657
148.724832214765,17.0469798657718,-5669
148.791946308725,17.0469798657718,-5592
148.859060402685,17.0469798657718,-5510
148.926174496644,17.0469798657718,-5450
148.993288590604,17.0469798657718,-5450
149.060402684564,17.0469798657718,-5470
149.127516778523,17.0469798657718,-5452
149.194630872483,17.0469798657718,-5443
149.261744966443,17.0469798657718,-5545
149.328859060403,17.0469798657718,-5597
149.395973154362,17.0469798657718,-5035
149.463087248322,17.0469798657718,-4450
149.530201342282,17.0469798657718,-4900
149.597315436242,17.0469798657718,-5245
149.664429530201,17.0469798657718,-4939
149.731543624161,17.0469798657718,-4321
149.798657718121,17.0469798657718,-3214
149.865771812081,17.0469798657718,-2131
149.93288590604,17.0469798657718,-1483
150,17.0469798657718,-1398
140,16.9798657718121,-4926
140.06711409396,16.9798657718121,-4928
140.134228187919,16.9798657718121,-4939
140.201342281879,16.9798657718121,-5100
140.268456375839,16.9798657718121,-5054
140.335570469799,16.9798657718121,-4794
140.402684563758,16.9798657718121,-4730
140.469798657718,16.9798657718121,-4773
140.536912751678,16.9798657718121,-4688
140.604026845638,16.9798657718121,-4739
140.671140939597,16.9798657718121,-4832
140.738255033557,16.9798657718121,-4785
140.805369127517,16.9798657718121,-4724
140.872483221477,16.9798657718121,-4761
140.939597315436,16.9798657718121,-4830
141.006711409396,16.9798657718121,-4827
141.073825503356,16.9798657718121,-4737
141.140939597315,16.9798657718121,-4714
141.208053691275,16.9798657718121,-4772
141.275167785235,16.9798657718121,-4819
141.342281879195,16.9798657718121,-4766
141.409395973154,16.9798657718121,-4786
141.476510067114,16.9798657718121,-4732
141.543624161074,16.9798657718121,-4724
141.610738255034,16.9798657718121,-4692
141.677852348993,16.9798657718121,-4649
141.744966442953,16.9798657718121,-4611
141.812080536913,16.9798657718121,-4587
141.879194630872,16.9798657718121,-4543
141.946308724832,16.9798657718121,-4487
142.013422818792,16.9798657718121,-4464
142.080536912752,16.9798657718121,-4411
142.147651006711,16.9798657718121,-4366
142.214765100671,16.9798657718121,-4307
142.281879194631,16.9798657718121,-4233
142.348993288591,16.9798657718121,-4154
142.41610738255,16.9798657718121,-4090
142.48322147651,16.9798657718121,-3991
142.55033557047,16.9798657718121,-3846
142.61744966443,16.9798657718121,-3659
142.684563758389,16.9798657718121,-3245
142.751677852349,16.9798657718121,-2958
142.818791946309,16.9798657718121,-2522
142.885906040268,16.9798657718121,-2198
142.953020134228,16.9798657718121,-2429
143.020134228188,16.9798657718121,-2414
143.087248322148,16.9798657718121,-2168
143.154362416107,16.9798657718121,-1710
143.221476510067,16.9798657718121,-1344
143.288590604027,16.9798657718121,-1509
143.355704697987,16.9798657718121,-2481
143.422818791946,16.9798657718121,-2842
143.489932885906,16.9798657718121,-3052
143.557046979866,16.9798657718121,-3651
143.624161073825,16.9798657718121,-4010
143.691275167785,16.9798657718121,-3757
143.758389261745,16.9798657718121,-3534
143.825503355705,16.9798657718121,-3667
143.892617449664,16.9798657718121,-3818
143.959731543624,16.9798657718121,-4067
144.026845637584,16.9798657718121,-4381
144.093959731544,16.9798657718121,-4330
144.161073825503,16.9798657718121,-4059
144.228187919463,16.9798657718121,-4122
144.295302013423,16.9798657718121,-4232
144.362416107383,16.9798657718121,-3925
144.429530201342,16.9798657718121,-3902
144.496644295302,16.9798657718121,-3858
144.563758389262,16.9798657718121,-3418
144.630872483221,16.9798657718121,-3499
144.697986577181,16.9798657718121,-3599
144.765100671141,16.9798657718121,-3158
144.832214765101,16.9798657718121,-3256
144.89932885906,16.9798657718121,-3261
144.96644295302,16.9798657718121,-3400
145.03355704698,16.9798657718121,-3625
145.10067114094,16.9798657718121,-3598
145.167785234899,16.9798657718121,-3533
145.234899328859,16.9798657718121,-3558
145.302013422819,16.9798657718121,-3498
145.369127516779,16.9798657718121,-3382
145.436241610738,16.9798657718121,-3154
145.503355704698,16.9798657718121,-2911
145.570469798658,16.9798657718121,-2611
145.637583892617,16.9798657718121,-1947
145.704697986577,16.9798657718121,-1039
145.771812080537,16.9798657718121,-1366
145.838926174497,16.9798657718121,-1119
145.906040268456,16.9798657718121,-1394
145.973154362416,16.9798657718121,-1997
146.040268456376,16.9798657718121,-2008
146.107382550336,16.9798657718121,-1724
146.174496644295,16.9798657718121,-1768
146.241610738255,16.9798657718121,-2120
146.308724832215,16.9798657718121,-2413
146.375838926175,16.9798657718121,-2723
146.442953020134,16.9798657718121,-2992
146.510067114094,16.9798657718121,-3278
146.577181208054,16.9798657718121,-3577
146.644295302013,16.9798657718121,-3759
146.711409395973,16.9798657718121,-3838
146.778523489933,16.9798657718121,-3823
146.845637583893,16.9798657718121,-3920
146.912751677852,16.9798657718121,-4075
146.979865771812,16.9798657718121,-4252
147.046979865772,16.9798657718121,-4392
147.114093959732,16.9798657718121,-4073
147.181208053691,16.9798657718121,-3458
147.248322147651,16.9798657718121,-3606
147.315436241611,16.9798657718121,-4400
147.38255033557,16.9798657718121,-5194
147.44966442953,16.9798657718121,-5935
147.51677852349,16.9798657718121,-6515
147.58389261745,16.9798657718121,-6424
147.651006711409,16.9798657718121,-6449
147.718120805369,16.9798657718121,-6963
147.785234899329,16.9798657718121,-7631
147.852348993289,16.9798657718121,-8345
147.919463087248,16.9798657718121,-8016
147.986577181208,16.9798657718121,-7573
148.053691275168,16.9798657718121,-7224
148.120805369128,16.9798657718121,-6864
148.187919463087,16.9798657718121,-6659
148.255033557047,16.9798657718121,-6643
148.322147651007,16.9798657718121,-6403
148.389261744966,16.9798657718121,-6158
148.456375838926,16.9798657718121,-6027
148.523489932886,16.9798657718121,-5822
148.590604026846,16.9798657718121,-5690
148.657718120805,16.9798657718121,-5721
148.724832214765,16.9798657718121,-5719
148.791946308725,16.9798657718121,-5564
148.859060402685,16.9798657718121,-5473
148.926174496644,16.9798657718121,-5454
148.993288590604,16.9798657718121,-5429
149.060402684564,16.9798657718121,-5412
149.127516778523,16.9798657718121,-5411
149.194630872483,16.9798657718121,-5409
149.261744966443,16.9798657718121,-5448
149.328859060403,16.9798657718121,-5044
149.395973154362,16.9798657718121,-4123
149.463087248322,16.9798657718121,-4118
149.530201342282,16.9798657718121,-5026
149.597315436242,16.9798657718121,-5122
149.664429530201,16.9798657718121,-4653
149.731543624161,16.9798657718121,-3656
149.798657718121,16.9798657718121,-1955
149.865771812081,16.9798657718121,-1394
149.93288590604,16.9798657718121,-1332
150,16.9798657718121,-1357
140,16.9127516778523,-5126
140.06711409396,16.9127516778523,-5114
140.134228187919,16.9127516778523,-5121
140.201342281879,16.9127516778523,-5220
140.268456375839,16.9127516778523,-5166
140.335570469799,16.9127516778523,-4878
140.402684563758,16.9127516778523,-4736
140.469798657718,16.9127516778523,-4726
140.536912751678,16.9127516778523,-4707
140.604026845638,16.9127516778523,-4772
140.671140939597,16.9127516778523,-4851
140.738255033557,16.9127516778523,-4813
140.805369127517,16.9127516778523,-4725
140.872483221477,16.9127516778523,-4690
140.939597315436,16.9127516778523,-4733
141.006711409396,16.9127516778523,-4766
141.073825503356,16.9127516778523,-4721
141.140939597315,16.9127516778523,-4678
141.208053691275,16.9127516778523,-4698
141.275167785235,16.9127516778523,-4755
141.342281879195,16.9127516778523,-4733
141.409395973154,16.9127516778523,-4780
141.476510067114,16.9127516778523,-4699
141.543624161074,16.9127516778523,-4717
141.610738255034,16.9127516778523,-4709
141.677852348993,16.9127516778523,-4647
141.744966442953,16.9127516778523,-4578
141.812080536913,16.9127516778523,-4575
141.879194630872,16.9127516778523,-4538
141.946308724832,16.9127516778523,-4479
142.013422818792,16.9127516778523,-4432
142.080536912752,16.9127516778523,-4376
142.147651006711,16.9127516778523,-4317
142.214765100671,16.9127516778523,-4259
142.281879194631,16.9127516778523,-4218
142.348993288591,16.9127516778523,-4150
142.41610738255,16.9127516778523,-4084
142.48322147651,16.9127516778523,-3999
142.55033557047,16.9127516778523,-3916
142.61744966443,16.9127516778523,-3771
142.684563758389,16.9127516778523,-3470
142.751677852349,16.9127516778523,-3079
142.818791946309,16.9127516778523,-2894
142.885906040268,16.9127516778523,-2682
142.953020134228,16.9127516778523,-2160
143.020134228188,16.9127516778523,-2255
143.087248322148,16.9127516778523,-1942
143.154362416107,16.9127516778523,-1850
143.221476510067,16.9127516778523,-1718
143.288590604027,16.9127516778523,-2243
143.355704697987,16.9127516778523,-2893
143.422818791946,16.9127516778523,-3010
143.489932885906,16.9127516778523,-3123
143.557046979866,16.9127516778523,-3450
143.624161073825,16.9127516778523,-3570
143.691275167785,16.9127516778523,-3603
143.758389261745,16.9127516778523,-3853
143.825503355705,16.9127516778523,-4135
143.892617449664,16.9127516778523,-4302
143.959731543624,16.9127516778523,-4369
144.026845637584,16.9127516778523,-4364
144.093959731544,16.9127516778523,-4179
144.161073825503,16.9127516778523,-3893
144.228187919463,16.9127516778523,-4009
144.295302013423,16.9127516778523,-4271
144.362416107383,16.9127516778523,-4039
144.429530201342,16.9127516778523,-3836
144.496644295302,16.9127516778523,-3738
144.563758389262,16.9127516778523,-3468
144.630872483221,16.9127516778523,-3652
144.697986577181,16.9127516778523,-3906
144.765100671141,16.9127516778523,-3461
144.832214765101,16.9127516778523,-3520
144.89932885906,16.9127516778523,-3586
144.96644295302,16.9127516778523,-3488
145.03355704698,16.9127516778523,-3510
145.10067114094,16.9127516778523,-3504
145.167785234899,16.9127516778523,-3530
145.234899328859,16.9127516778523,-3511
145.302013422819,16.9127516778523,-3443
145.369127516779,16.9127516778523,-3307
145.436241610738,16.9127516778523,-2983
145.503355704698,16.9127516778523,-2753
145.570469798658,16.9127516778523,-2546
145.637583892617,16.9127516778523,-1988
145.704697986577,16.9127516778523,-1483
145.771812080537,16.9127516778523,-994
145.838926174497,16.9127516778523,-379
145.906040268456,16.9127516778523,-776
145.973154362416,16.9127516778523,-1760
146.040268456376,16.9127516778523,-1916
146.107382550336,16.9127516778523,-1684
146.174496644295,16.9127516778523,-1685
146.241610738255,16.9127516778523,-2051
146.308724832215,16.9127516778523,-2372
146.375838926175,16.9127516778523,-2708
146.442953020134,16.9127516778523,-2979
146.510067114094,16.9127516778523,-3245
146.577181208054,16.9127516778523,-3557
146.644295302013,16.9127516778523,-3748
146.711409395973,16.9127516778523,-3791
146.778523489933,16.9127516778523,-3810
146.845637583893,16.9127516778523,-3869
146.912751677852,16.9127516778523,-3981
146.979865771812,16.9127516778523,-4145
147.046979865772,16.9127516778523,-4294
147.114093959732,16.9127516778523,-4366
147.181208053691,16.9127516778523,-4248
147.248322147651,16.9127516778523,-4416
147.315436241611,16.9127516778523,-5026
147.38255033557,16.9127516778523,-5532
147.44966442953,16.9127516778523,-5773
147.51677852349,16.9127516778523,-6112
147.58389261745,16.9127516778523,-6186
147.651006711409,16.9127516778523,-6552
147.718120805369,16.9127516778523,-7061
147.785234899329,16.9127516778523,-7541
147.852348993289,16.9127516778523,-8160
147.919463087248,16.9127516778523,-7875
147.986577181208,16.9127516778523,-7475
148.053691275168,16.9127516778523,-7160
148.120805369128,16.9127516778523,-6882
148.187919463087,16.9127516778523,-6689
148.255033557047,16.9127516778523,-6625
148.322147651007,16.9127516778523,-6420
148.389261744966,16.9127516778523,-6122
148.456375838926,16.9127516778523,-5974
148.523489932886,16.9127516778523,-5791
148.590604026846,16.9127516778523,-5715
148.657718120805,16.9127516778523,-5755
148.724832214765,16.9127516778523,-5676
148.791946308725,16.9127516778523,-5503
148.859060402685,16.9127516778523,-5450
148.926174496644,16.9127516778523,-5430
148.993288590604,16.9127516778523,-5384
149.060402684564,16.9127516778523,-5355
149.127516778523,16.9127516778523,-5348
149.194630872483,16.9127516778523,-5338
149.261744966443,16.9127516778523,-5374
149.328859060403,16.9127516778523,-5014
149.395973154362,16.9127516778523,-4073
149.463087248322,16.9127516778523,-5106
149.530201342282,16.9127516778523,-5375
149.597315436242,16.9127516778523,-5046
149.664429530201,16.9127516778523,-4325
149.731543624161,16.9127516778523,-3467
149.798657718121,16.9127516778523,-2055
149.865771812081,16.9127516778523,-1352
149.93288590604,16.9127516778523,-1262
150,16.9127516778523,-1296
140,16.8456375838926,-4770
140.06711409396,16.8456375838926,-5004
140.134228187919,16.8456375838926,-4910
140.201342281879,16.8456375838926,-5064
140.268456375839,16.8456375838926,-5130
140.335570469799,16.8456375838926,-4869
140.402684563758,16.8456375838926,-4814
140.469798657718,16.8456375838926,-4862
140.536912751678,16.8456375838926,-4743
140.604026845638,16.8456375838926,-4822
140.671140939597,16.8456375838926,-4833
140.738255033557,16.8456375838926,-4808
140.805369127517,16.8456375838926,-4772
140.872483221477,16.8456375838926,-4721
140.939597315436,16.8456375838926,-4709
141.006711409396,16.8456375838926,-4743
141.073825503356,16.8456375838926,-4731
141.140939597315,16.8456375838926,-4665
141.208053691275,16.8456375838926,-4661
141.275167785235,16.8456375838926,-4706
141.342281879195,16.8456375838926,-4714
141.409395973154,16.8456375838926,-4719
141.476510067114,16.8456375838926,-4662
141.543624161074,16.8456375838926,-4687
141.610738255034,16.8456375838926,-4728
141.677852348993,16.8456375838926,-4672
141.744966442953,16.8456375838926,-4579
141.812080536913,16.8456375838926,-4542
141.879194630872,16.8456375838926,-4503
141.946308724832,16.8456375838926,-4471
142.013422818792,16.8456375838926,-4427
142.080536912752,16.8456375838926,-4378
142.147651006711,16.8456375838926,-4339
142.214765100671,16.8456375838926,-4266
142.281879194631,16.8456375838926,-4240
142.348993288591,16.8456375838926,-4167
142.41610738255,16.8456375838926,-4086
142.48322147651,16.8456375838926,-4038
142.55033557047,16.8456375838926,-4005
142.61744966443,16.8456375838926,-3773
142.684563758389,16.8456375838926,-3094
142.751677852349,16.8456375838926,-2195
142.818791946309,16.8456375838926,-2578
142.885906040268,16.8456375838926,-2391
142.953020134228,16.8456375838926,-2497
143.020134228188,16.8456375838926,-2556
143.087248322148,16.8456375838926,-2165
143.154362416107,16.8456375838926,-2035
143.221476510067,16.8456375838926,-1977
143.288590604027,16.8456375838926,-2626
143.355704697987,16.8456375838926,-3086
143.422818791946,16.8456375838926,-3084
143.489932885906,16.8456375838926,-3093
143.557046979866,16.8456375838926,-3126
143.624161073825,16.8456375838926,-3158
143.691275167785,16.8456375838926,-3629
143.758389261745,16.8456375838926,-4071
143.825503355705,16.8456375838926,-4064
143.892617449664,16.8456375838926,-3924
143.959731543624,16.8456375838926,-3913
144.026845637584,16.8456375838926,-3963
144.093959731544,16.8456375838926,-3839
144.161073825503,16.8456375838926,-3857
144.228187919463,16.8456375838926,-3944
144.295302013423,16.8456375838926,-4153
144.362416107383,16.8456375838926,-3912
144.429530201342,16.8456375838926,-3615
144.496644295302,16.8456375838926,-3535
144.563758389262,16.8456375838926,-3463
144.630872483221,16.8456375838926,-3540
144.697986577181,16.8456375838926,-3858
144.765100671141,16.8456375838926,-3567
144.832214765101,16.8456375838926,-3647
144.89932885906,16.8456375838926,-3881
144.96644295302,16.8456375838926,-3622
145.03355704698,16.8456375838926,-3537
145.10067114094,16.8456375838926,-3628
145.167785234899,16.8456375838926,-3584
145.234899328859,16.8456375838926,-3487
145.302013422819,16.8456375838926,-3392
145.369127516779,16.8456375838926,-3232
145.436241610738,16.8456375838926,-3062
145.503355704698,16.8456375838926,-2727
145.570469798658,16.8456375838926,-2311
145.637583892617,16.8456375838926,-2047
145.704697986577,16.8456375838926,-1938
145.771812080537,16.8456375838926,-1262
145.838926174497,16.8456375838926,-993
145.906040268456,16.8456375838926,-1432
145.973154362416,16.8456375838926,-1861
146.040268456376,16.8456375838926,-1707
146.107382550336,16.8456375838926,-1133
146.174496644295,16.8456375838926,-1206
146.241610738255,16.8456375838926,-1937
146.308724832215,16.8456375838926,-2325
146.375838926175,16.8456375838926,-2728
146.442953020134,16.8456375838926,-2969
146.510067114094,16.8456375838926,-3210
146.577181208054,16.8456375838926,-3472
146.644295302013,16.8456375838926,-3645
146.711409395973,16.8456375838926,-3671
146.778523489933,16.8456375838926,-3745
146.845637583893,16.8456375838926,-3780
146.912751677852,16.8456375838926,-3794
146.979865771812,16.8456375838926,-3994
147.046979865772,16.8456375838926,-4177
147.114093959732,16.8456375838926,-4322
147.181208053691,16.8456375838926,-4647
147.248322147651,16.8456375838926,-5026
147.315436241611,16.8456375838926,-5654
147.38255033557,16.8456375838926,-5973
147.44966442953,16.8456375838926,-5900
147.51677852349,16.8456375838926,-5928
147.58389261745,16.8456375838926,-6167
147.651006711409,16.8456375838926,-6659
147.718120805369,16.8456375838926,-7113
147.785234899329,16.8456375838926,-7602
147.852348993289,16.8456375838926,-7966
147.919463087248,16.8456375838926,-7741
147.986577181208,16.8456375838926,-7416
148.053691275168,16.8456375838926,-7054
148.120805369128,16.8456375838926,-6850
148.187919463087,16.8456375838926,-6657
148.255033557047,16.8456375838926,-6498
148.322147651007,16.8456375838926,-6309
148.389261744966,16.8456375838926,-6040
148.456375838926,16.8456375838926,-5855
148.523489932886,16.8456375838926,-5741
148.590604026846,16.8456375838926,-5679
148.657718120805,16.8456375838926,-5656
148.724832214765,16.8456375838926,-5529
148.791946308725,16.8456375838926,-5446
148.859060402685,16.8456375838926,-5403
148.926174496644,16.8456375838926,-5363
148.993288590604,16.8456375838926,-5327
149.060402684564,16.8456375838926,-5312
149.127516778523,16.8456375838926,-5271
149.194630872483,16.8456375838926,-5204
149.261744966443,16.8456375838926,-5016
149.328859060403,16.8456375838926,-4520
149.395973154362,16.8456375838926,-4878
149.463087248322,16.8456375838926,-5424
149.530201342282,16.8456375838926,-5423
149.597315436242,16.8456375838926,-5280
149.664429530201,16.8456375838926,-4549
149.731543624161,16.8456375838926,-3614
149.798657718121,16.8456375838926,-2614
149.865771812081,16.8456375838926,-1850
149.93288590604,16.8456375838926,-1691
150,16.8456375838926,-1643
140,16.7785234899329,-4613
140.06711409396,16.7785234899329,-4622
140.134228187919,16.7785234899329,-4564
140.201342281879,16.7785234899329,-4753
140.268456375839,16.7785234899329,-4922
140.335570469799,16.7785234899329,-4722
140.402684563758,16.7785234899329,-4759
140.469798657718,16.7785234899329,-4855
140.536912751678,16.7785234899329,-4840
140.604026845638,16.7785234899329,-4781
140.671140939597,16.7785234899329,-4700
140.738255033557,16.7785234899329,-4808
140.805369127517,16.7785234899329,-4853
140.872483221477,16.7785234899329,-4813
140.939597315436,16.7785234899329,-4765
141.006711409396,16.7785234899329,-4743
141.073825503356,16.7785234899329,-4729
141.140939597315,16.7785234899329,-4706
141.208053691275,16.7785234899329,-4732
141.275167785235,16.7785234899329,-4731
141.342281879195,16.7785234899329,-4708
141.409395973154,16.7785234899329,-4713
141.476510067114,16.7785234899329,-4660
141.543624161074,16.7785234899329,-4690
141.610738255034,16.7785234899329,-4757
141.677852348993,16.7785234899329,-4694
141.744966442953,16.7785234899329,-4581
141.812080536913,16.7785234899329,-4520
141.879194630872,16.7785234899329,-4443
141.946308724832,16.7785234899329,-4437
142.013422818792,16.7785234899329,-4421
142.080536912752,16.7785234899329,-4377
142.147651006711,16.7785234899329,-4338
142.214765100671,16.7785234899329,-4284
142.281879194631,16.7785234899329,-4220
142.348993288591,16.7785234899329,-4169
142.41610738255,16.7785234899329,-4076
142.48322147651,16.7785234899329,-4027
142.55033557047,16.7785234899329,-3932
142.61744966443,16.7785234899329,-3648
142.684563758389,16.7785234899329,-2736
142.751677852349,16.7785234899329,-2287
142.818791946309,16.7785234899329,-2718
142.885906040268,16.7785234899329,-2679
142.953020134228,16.7785234899329,-2724
143.020134228188,16.7785234899329,-2725
143.087248322148,16.7785234899329,-2492
143.154362416107,16.7785234899329,-2193
143.221476510067,16.7785234899329,-2253
143.288590604027,16.7785234899329,-2799
143.355704697987,16.7785234899329,-3164
143.422818791946,16.7785234899329,-3111
143.489932885906,16.7785234899329,-2972
143.557046979866,16.7785234899329,-2987
143.624161073825,16.7785234899329,-3167
143.691275167785,16.7785234899329,-3673
143.758389261745,16.7785234899329,-3941
143.825503355705,16.7785234899329,-3860
143.892617449664,16.7785234899329,-3505
143.959731543624,16.7785234899329,-3504
144.026845637584,16.7785234899329,-3699
144.093959731544,16.7785234899329,-3657
144.161073825503,16.7785234899329,-3775
144.228187919463,16.7785234899329,-3688
144.295302013423,16.7785234899329,-3779
144.362416107383,16.7785234899329,-3874
144.429530201342,16.7785234899329,-3683
144.496644295302,16.7785234899329,-3328
144.563758389262,16.7785234899329,-3226
144.630872483221,16.7785234899329,-3208
144.697986577181,16.7785234899329,-3510
144.765100671141,16.7785234899329,-3537
144.832214765101,16.7785234899329,-3846
144.89932885906,16.7785234899329,-4009
144.96644295302,16.7785234899329,-3740
145.03355704698,16.7785234899329,-3616
145.10067114094,16.7785234899329,-3639
145.167785234899,16.7785234899329,-3596
145.234899328859,16.7785234899329,-3516
145.302013422819,16.7785234899329,-3397
145.369127516779,16.7785234899329,-3245
145.436241610738,16.7785234899329,-3064
145.503355704698,16.7785234899329,-2565
145.570469798658,16.7785234899329,-1711
145.637583892617,16.7785234899329,-1160
145.704697986577,16.7785234899329,-1759
145.771812080537,16.7785234899329,-350
145.838926174497,16.7785234899329,-871
145.906040268456,16.7785234899329,-1789
145.973154362416,16.7785234899329,-1945
146.040268456376,16.7785234899329,-1441
146.107382550336,16.7785234899329,-739
146.174496644295,16.7785234899329,-1031
146.241610738255,16.7785234899329,-1813
146.308724832215,16.7785234899329,-2305
146.375838926175,16.7785234899329,-2708
146.442953020134,16.7785234899329,-2968
146.510067114094,16.7785234899329,-3192
146.577181208054,16.7785234899329,-3355
146.644295302013,16.7785234899329,-3512
146.711409395973,16.7785234899329,-3601
146.778523489933,16.7785234899329,-3686
146.845637583893,16.7785234899329,-3773
146.912751677852,16.7785234899329,-3784
146.979865771812,16.7785234899329,-3966
147.046979865772,16.7785234899329,-3975
147.114093959732,16.7785234899329,-4096
147.181208053691,16.7785234899329,-4424
147.248322147651,16.7785234899329,-4892
147.315436241611,16.7785234899329,-5216
147.38255033557,16.7785234899329,-5504
147.44966442953,16.7785234899329,-5757
147.51677852349,16.7785234899329,-5990
147.58389261745,16.7785234899329,-6249
147.651006711409,16.7785234899329,-6678
147.718120805369,16.7785234899329,-7074
147.785234899329,16.7785234899329,-7558
147.852348993289,16.7785234899329,-7863
147.919463087248,16.7785234899329,-7630
147.986577181208,16.7785234899329,-7259
148.053691275168,16.7785234899329,-6950
148.120805369128,16.7785234899329,-6811
148.187919463087,16.7785234899329,-6592
148.255033557047,16.7785234899329,-6406
148.322147651007,16.7785234899329,-6192
148.389261744966,16.7785234899329,-5990
148.456375838926,16.7785234899329,-5834
148.523489932886,16.7785234899329,-5710
148.590604026846,16.7785234899329,-5581
148.657718120805,16.7785234899329,-5522
148.724832214765,16.7785234899329,-5457
148.791946308725,16.7785234899329,-5402
148.859060402685,16.7785234899329,-5316
148.926174496644,16.7785234899329,-5248
148.993288590604,16.7785234899329,-5217
149.060402684564,16.7785234899329,-5222
149.127516778523,16.7785234899329,-5163
149.194630872483,16.7785234899329,-5151
149.261744966443,16.7785234899329,-4922
149.328859060403,16.7785234899329,-4439
149.395973154362,16.7785234899329,-4837
149.463087248322,16.7785234899329,-5304
149.530201342282,16.7785234899329,-5470
149.597315436242,16.7785234899329,-5398
149.664429530201,16.7785234899329,-4948
149.731543624161,16.7785234899329,-4309
149.798657718121,16.7785234899329,-3845
149.865771812081,16.7785234899329,-3467
149.93288590604,16.7785234899329,-3170
150,16.7785234899329,-3222
140,16.7114093959732,-4831
140.06711409396,16.7114093959732,-4536
140.134228187919,16.7114093959732,-4520
140.201342281879,16.7114093959732,-4832
140.268456375839,16.7114093959732,-5049
140.335570469799,16.7114093959732,-4974
140.402684563758,16.7114093959732,-4810
140.469798657718,16.7114093959732,-4795
140.536912751678,16.7114093959732,-4854
140.604026845638,16.7114093959732,-4695
140.671140939597,16.7114093959732,-4590
140.738255033557,16.7114093959732,-4781
140.805369127517,16.7114093959732,-4869
140.872483221477,16.7114093959732,-4824
140.939597315436,16.7114093959732,-4776
141.006711409396,16.7114093959732,-4738
141.073825503356,16.7114093959732,-4715
141.140939597315,16.7114093959732,-4706
141.208053691275,16.7114093959732,-4722
141.275167785235,16.7114093959732,-4685
141.342281879195,16.7114093959732,-4697
141.409395973154,16.7114093959732,-4704
141.476510067114,16.7114093959732,-4668
141.543624161074,16.7114093959732,-4683
141.610738255034,16.7114093959732,-4725
141.677852348993,16.7114093959732,-4645
141.744966442953,16.7114093959732,-4565
141.812080536913,16.7114093959732,-4532
141.879194630872,16.7114093959732,-4451
141.946308724832,16.7114093959732,-4421
142.013422818792,16.7114093959732,-4405
142.080536912752,16.7114093959732,-4371
142.147651006711,16.7114093959732,-4329
142.214765100671,16.7114093959732,-4280
142.281879194631,16.7114093959732,-4170
142.348993288591,16.7114093959732,-4025
142.41610738255,16.7114093959732,-3965
142.48322147651,16.7114093959732,-3957
142.55033557047,16.7114093959732,-3772
142.61744966443,16.7114093959732,-3376
142.684563758389,16.7114093959732,-2735
142.751677852349,16.7114093959732,-2919
142.818791946309,16.7114093959732,-3028
142.885906040268,16.7114093959732,-2942
142.953020134228,16.7114093959732,-2794
143.020134228188,16.7114093959732,-2709
143.087248322148,16.7114093959732,-2595
143.154362416107,16.7114093959732,-2314
143.221476510067,16.7114093959732,-2240
143.288590604027,16.7114093959732,-2676
143.355704697987,16.7114093959732,-3118
143.422818791946,16.7114093959732,-3030
143.489932885906,16.7114093959732,-2834
143.557046979866,16.7114093959732,-3040
143.624161073825,16.7114093959732,-3435
143.691275167785,16.7114093959732,-3630
143.758389261745,16.7114093959732,-3484
143.825503355705,16.7114093959732,-3596
143.892617449664,16.7114093959732,-3769
143.959731543624,16.7114093959732,-3840
144.026845637584,16.7114093959732,-3733
144.093959731544,16.7114093959732,-3489
144.161073825503,16.7114093959732,-3590
144.228187919463,16.7114093959732,-3615
144.295302013423,16.7114093959732,-3749
144.362416107383,16.7114093959732,-3932
144.429530201342,16.7114093959732,-3762
144.496644295302,16.7114093959732,-3435
144.563758389262,16.7114093959732,-3270
144.630872483221,16.7114093959732,-3123
144.697986577181,16.7114093959732,-3269
144.765100671141,16.7114093959732,-3807
144.832214765101,16.7114093959732,-4256
144.89932885906,16.7114093959732,-4084
144.96644295302,16.7114093959732,-3657
145.03355704698,16.7114093959732,-3598
145.10067114094,16.7114093959732,-3613
145.167785234899,16.7114093959732,-3586
145.234899328859,16.7114093959732,-3523
145.302013422819,16.7114093959732,-3409
145.369127516779,16.7114093959732,-3271
145.436241610738,16.7114093959732,-3106
145.503355704698,16.7114093959732,-2763
145.570469798658,16.7114093959732,-2314
145.637583892617,16.7114093959732,-1885
145.704697986577,16.7114093959732,-1787
145.771812080537,16.7114093959732,-247
145.838926174497,16.7114093959732,-933
145.906040268456,16.7114093959732,-1875
145.973154362416,16.7114093959732,-1916
146.040268456376,16.7114093959732,-1568
146.107382550336,16.7114093959732,-1154
146.174496644295,16.7114093959732,-1466
146.241610738255,16.7114093959732,-2003
146.308724832215,16.7114093959732,-2390
146.375838926175,16.7114093959732,-2805
146.442953020134,16.7114093959732,-3011
146.510067114094,16.7114093959732,-3246
146.577181208054,16.7114093959732,-3321
146.644295302013,16.7114093959732,-3473
146.711409395973,16.7114093959732,-3574
146.778523489933,16.7114093959732,-3674
146.845637583893,16.7114093959732,-3784
146.912751677852,16.7114093959732,-3854
146.979865771812,16.7114093959732,-3871
147.046979865772,16.7114093959732,-3752
147.114093959732,16.7114093959732,-3917
147.181208053691,16.7114093959732,-4221
147.248322147651,16.7114093959732,-4430
147.315436241611,16.7114093959732,-4463
147.38255033557,16.7114093959732,-4420
147.44966442953,16.7114093959732,-4776
147.51677852349,16.7114093959732,-5456
147.58389261745,16.7114093959732,-6120
147.651006711409,16.7114093959732,-6530
147.718120805369,16.7114093959732,-6944
147.785234899329,16.7114093959732,-7425
147.852348993289,16.7114093959732,-7817
147.919463087248,16.7114093959732,-7534
147.986577181208,16.7114093959732,-7169
148.053691275168,16.7114093959732,-6962
148.120805369128,16.7114093959732,-6809
148.187919463087,16.7114093959732,-6544
148.255033557047,16.7114093959732,-6325
148.322147651007,16.7114093959732,-6090
148.389261744966,16.7114093959732,-5957
148.456375838926,16.7114093959732,-5775
148.523489932886,16.7114093959732,-5629
148.590604026846,16.7114093959732,-5546
148.657718120805,16.7114093959732,-5462
148.724832214765,16.7114093959732,-5406
148.791946308725,16.7114093959732,-5308
148.859060402685,16.7114093959732,-5176
148.926174496644,16.7114093959732,-5053
148.993288590604,16.7114093959732,-5091
149.060402684564,16.7114093959732,-4953
149.127516778523,16.7114093959732,-4879
149.194630872483,16.7114093959732,-5082
149.261744966443,16.7114093959732,-5132
149.328859060403,16.7114093959732,-5100
149.395973154362,16.7114093959732,-5188
149.463087248322,16.7114093959732,-5392
149.530201342282,16.7114093959732,-5557
149.597315436242,16.7114093959732,-5573
149.664429530201,16.7114093959732,-5361
149.731543624161,16.7114093959732,-5147
149.798657718121,16.7114093959732,-5102
149.865771812081,16.7114093959732,-4786
149.93288590604,16.7114093959732,-4223
150,16.7114093959732,-4131
140,16.6442953020134,-4819
140.06711409396,16.6442953020134,-4330
140.134228187919,16.6442953020134,-4679
140.201342281879,16.6442953020134,-5014
140.268456375839,16.6442953020134,-5222
140.335570469799,16.6442953020134,-5221
140.402684563758,16.6442953020134,-4964
140.469798657718,16.6442953020134,-4746
140.536912751678,16.6442953020134,-4763
140.604026845638,16.6442953020134,-4783
140.671140939597,16.6442953020134,-4737
140.738255033557,16.6442953020134,-4792
140.805369127517,16.6442953020134,-4825
140.872483221477,16.6442953020134,-4794
140.939597315436,16.6442953020134,-4746
141.006711409396,16.6442953020134,-4708
141.073825503356,16.6442953020134,-4660
141.140939597315,16.6442953020134,-4726
141.208053691275,16.6442953020134,-4782
141.275167785235,16.6442953020134,-4673
141.342281879195,16.6442953020134,-4662
141.409395973154,16.6442953020134,-4656
141.476510067114,16.6442953020134,-4646
141.543624161074,16.6442953020134,-4632
141.610738255034,16.6442953020134,-4665
141.677852348993,16.6442953020134,-4591
141.744966442953,16.6442953020134,-4522
141.812080536913,16.6442953020134,-4543
141.879194630872,16.6442953020134,-4468
141.946308724832,16.6442953020134,-4414
142.013422818792,16.6442953020134,-4396
142.080536912752,16.6442953020134,-4350
142.147651006711,16.6442953020134,-4314
142.214765100671,16.6442953020134,-4238
142.281879194631,16.6442953020134,-4189
142.348993288591,16.6442953020134,-4090
142.41610738255,16.6442953020134,-3971
142.48322147651,16.6442953020134,-3866
142.55033557047,16.6442953020134,-3562
142.61744966443,16.6442953020134,-2415
142.684563758389,16.6442953020134,-2494
142.751677852349,16.6442953020134,-3162
142.818791946309,16.6442953020134,-3132
142.885906040268,16.6442953020134,-2958
142.953020134228,16.6442953020134,-2619
143.020134228188,16.6442953020134,-2258
143.087248322148,16.6442953020134,-2214
143.154362416107,16.6442953020134,-2003
143.221476510067,16.6442953020134,-1955
143.288590604027,16.6442953020134,-2316
143.355704697987,16.6442953020134,-2715
143.422818791946,16.6442953020134,-2803
143.489932885906,16.6442953020134,-2716
143.557046979866,16.6442953020134,-3016
143.624161073825,16.6442953020134,-3517
143.691275167785,16.6442953020134,-3674
143.758389261745,16.6442953020134,-3589
143.825503355705,16.6442953020134,-3948
143.892617449664,16.6442953020134,-4442
143.959731543624,16.6442953020134,-4113
144.026845637584,16.6442953020134,-3623
144.093959731544,16.6442953020134,-3643
144.161073825503,16.6442953020134,-3725
144.228187919463,16.6442953020134,-3919
144.295302013423,16.6442953020134,-4040
144.362416107383,16.6442953020134,-3994
144.429530201342,16.6442953020134,-3797
144.496644295302,16.6442953020134,-3672
144.563758389262,16.6442953020134,-3504
144.630872483221,16.6442953020134,-3280
144.697986577181,16.6442953020134,-3428
144.765100671141,16.6442953020134,-4045
144.832214765101,16.6442953020134,-4118
144.89932885906,16.6442953020134,-3942
144.96644295302,16.6442953020134,-3531
145.03355704698,16.6442953020134,-3288
145.10067114094,16.6442953020134,-3415
145.167785234899,16.6442953020134,-3548
145.234899328859,16.6442953020134,-3516
145.302013422819,16.6442953020134,-3386
145.369127516779,16.6442953020134,-3242
145.436241610738,16.6442953020134,-3141
145.503355704698,16.6442953020134,-3018
145.570469798658,16.6442953020134,-2894
145.637583892617,16.6442953020134,-2620
145.704697986577,16.6442953020134,-1932
145.771812080537,16.6442953020134,-1094
145.838926174497,16.6442953020134,-1617
145.906040268456,16.6442953020134,-2057
145.973154362416,16.6442953020134,-1749
146.040268456376,16.6442953020134,-1477
146.107382550336,16.6442953020134,-1320
146.174496644295,16.6442953020134,-1652
146.241610738255,16.6442953020134,-2151
146.308724832215,16.6442953020134,-2540
146.375838926175,16.6442953020134,-2917
146.442953020134,16.6442953020134,-3054
146.510067114094,16.6442953020134,-3269
146.577181208054,16.6442953020134,-3386
146.644295302013,16.6442953020134,-3512
146.711409395973,16.6442953020134,-3613
146.778523489933,16.6442953020134,-3710
146.845637583893,16.6442953020134,-3786
146.912751677852,16.6442953020134,-3801
146.979865771812,16.6442953020134,-3785
147.046979865772,16.6442953020134,-3696
147.114093959732,16.6442953020134,-3681
147.181208053691,16.6442953020134,-3531
147.248322147651,16.6442953020134,-3374
147.315436241611,16.6442953020134,-3907
147.38255033557,16.6442953020134,-4055
147.44966442953,16.6442953020134,-4301
147.51677852349,16.6442953020134,-4801
147.58389261745,16.6442953020134,-5665
147.651006711409,16.6442953020134,-6572
147.718120805369,16.6442953020134,-6933
147.785234899329,16.6442953020134,-7355
147.852348993289,16.6442953020134,-7770
147.919463087248,16.6442953020134,-7397
147.986577181208,16.6442953020134,-7074
148.053691275168,16.6442953020134,-6872
148.120805369128,16.6442953020134,-6682
148.187919463087,16.6442953020134,-6453
148.255033557047,16.6442953020134,-6248
148.322147651007,16.6442953020134,-6021
148.389261744966,16.6442953020134,-5837
148.456375838926,16.6442953020134,-5697
148.523489932886,16.6442953020134,-5602
148.590604026846,16.6442953020134,-5511
148.657718120805,16.6442953020134,-5383
148.724832214765,16.6442953020134,-5285
148.791946308725,16.6442953020134,-5181
148.859060402685,16.6442953020134,-4980
148.926174496644,16.6442953020134,-4673
148.993288590604,16.6442953020134,-4547
149.060402684564,16.6442953020134,-3978
149.127516778523,16.6442953020134,-4140
149.194630872483,16.6442953020134,-4915
149.261744966443,16.6442953020134,-5208
149.328859060403,16.6442953020134,-5265
149.395973154362,16.6442953020134,-5389
149.463087248322,16.6442953020134,-5509
149.530201342282,16.6442953020134,-5583
149.597315436242,16.6442953020134,-5628
149.664429530201,16.6442953020134,-5588
149.731543624161,16.6442953020134,-5547
149.798657718121,16.6442953020134,-5568
149.865771812081,16.6442953020134,-5507
149.93288590604,16.6442953020134,-5271
150,16.6442953020134,-5251
140,16.5771812080537,-4720
140.06711409396,16.5771812080537,-4942
140.134228187919,16.5771812080537,-5064
140.201342281879,16.5771812080537,-5015
140.268456375839,16.5771812080537,-5165
140.335570469799,16.5771812080537,-5241
140.402684563758,16.5771812080537,-5001
140.469798657718,16.5771812080537,-4696
140.536912751678,16.5771812080537,-4675
140.604026845638,16.5771812080537,-4814
140.671140939597,16.5771812080537,-4828
140.738255033557,16.5771812080537,-4778
140.805369127517,16.5771812080537,-4787
140.872483221477,16.5771812080537,-4792
140.939597315436,16.5771812080537,-4723
141.006711409396,16.5771812080537,-4599
141.073825503356,16.5771812080537,-4539
141.140939597315,16.5771812080537,-4772
141.208053691275,16.5771812080537,-4882
141.275167785235,16.5771812080537,-4699
141.342281879195,16.5771812080537,-4654
141.409395973154,16.5771812080537,-4657
141.476510067114,16.5771812080537,-4664
141.543624161074,16.5771812080537,-4676
141.610738255034,16.5771812080537,-4664
141.677852348993,16.5771812080537,-4552
141.744966442953,16.5771812080537,-4525
141.812080536913,16.5771812080537,-4538
141.879194630872,16.5771812080537,-4473
141.946308724832,16.5771812080537,-4402
142.013422818792,16.5771812080537,-4359
142.080536912752,16.5771812080537,-4324
142.147651006711,16.5771812080537,-4266
142.214765100671,16.5771812080537,-4168
142.281879194631,16.5771812080537,-4128
142.348993288591,16.5771812080537,-4077
142.41610738255,16.5771812080537,-3984
142.48322147651,16.5771812080537,-3749
142.55033557047,16.5771812080537,-3100
142.61744966443,16.5771812080537,-2845
142.684563758389,16.5771812080537,-3092
142.751677852349,16.5771812080537,-3275
142.818791946309,16.5771812080537,-3169
142.885906040268,16.5771812080537,-2953
142.953020134228,16.5771812080537,-2727
143.020134228188,16.5771812080537,-2530
143.087248322148,16.5771812080537,-2022
143.154362416107,16.5771812080537,-1467
143.221476510067,16.5771812080537,-1567
143.288590604027,16.5771812080537,-1740
143.355704697987,16.5771812080537,-2271
143.422818791946,16.5771812080537,-2864
143.489932885906,16.5771812080537,-3140
143.557046979866,16.5771812080537,-3361
143.624161073825,16.5771812080537,-3613
143.691275167785,16.5771812080537,-3892
143.758389261745,16.5771812080537,-4005
143.825503355705,16.5771812080537,-4173
143.892617449664,16.5771812080537,-4131
143.959731543624,16.5771812080537,-4096
144.026845637584,16.5771812080537,-4078
144.093959731544,16.5771812080537,-4056
144.161073825503,16.5771812080537,-4129
144.228187919463,16.5771812080537,-4052
144.295302013423,16.5771812080537,-4167
144.362416107383,16.5771812080537,-4043
144.429530201342,16.5771812080537,-4061
144.496644295302,16.5771812080537,-4070
144.563758389262,16.5771812080537,-3704
144.630872483221,16.5771812080537,-3527
144.697986577181,16.5771812080537,-3731
144.765100671141,16.5771812080537,-3841
144.832214765101,16.5771812080537,-3823
144.89932885906,16.5771812080537,-3513
144.96644295302,16.5771812080537,-3295
145.03355704698,16.5771812080537,-2997
145.10067114094,16.5771812080537,-3267
145.167785234899,16.5771812080537,-3581
145.234899328859,16.5771812080537,-3542
145.302013422819,16.5771812080537,-3333
145.369127516779,16.5771812080537,-3170
145.436241610738,16.5771812080537,-3056
145.503355704698,16.5771812080537,-2826
145.570469798658,16.5771812080537,-2694
145.637583892617,16.5771812080537,-2418
145.704697986577,16.5771812080537,-1990
145.771812080537,16.5771812080537,-1835
145.838926174497,16.5771812080537,-2034
145.906040268456,16.5771812080537,-1976
145.973154362416,16.5771812080537,-1415
146.040268456376,16.5771812080537,-1084
146.107382550336,16.5771812080537,-793
146.174496644295,16.5771812080537,-1270
146.241610738255,16.5771812080537,-2075
146.308724832215,16.5771812080537,-2640
146.375838926175,16.5771812080537,-2931
146.442953020134,16.5771812080537,-2970
146.510067114094,16.5771812080537,-3239
146.577181208054,16.5771812080537,-3508
146.644295302013,16.5771812080537,-3621
146.711409395973,16.5771812080537,-3718
146.778523489933,16.5771812080537,-3851
146.845637583893,16.5771812080537,-3896
146.912751677852,16.5771812080537,-3905
146.979865771812,16.5771812080537,-3891
147.046979865772,16.5771812080537,-3807
147.114093959732,16.5771812080537,-3651
147.181208053691,16.5771812080537,-2951
147.248322147651,16.5771812080537,-2346
147.315436241611,16.5771812080537,-3538
147.38255033557,16.5771812080537,-4335
147.44966442953,16.5771812080537,-4450
147.51677852349,16.5771812080537,-4471
147.58389261745,16.5771812080537,-5131
147.651006711409,16.5771812080537,-6286
147.718120805369,16.5771812080537,-6903
147.785234899329,16.5771812080537,-8058
147.852348993289,16.5771812080537,-7920
147.919463087248,16.5771812080537,-7290
147.986577181208,16.5771812080537,-7032
148.053691275168,16.5771812080537,-6830
148.120805369128,16.5771812080537,-6606
148.187919463087,16.5771812080537,-6450
148.255033557047,16.5771812080537,-6315
148.322147651007,16.5771812080537,-5892
148.389261744966,16.5771812080537,-5734
148.456375838926,16.5771812080537,-5658
148.523489932886,16.5771812080537,-5580
148.590604026846,16.5771812080537,-5441
148.657718120805,16.5771812080537,-5304
148.724832214765,16.5771812080537,-5168
148.791946308725,16.5771812080537,-4867
148.859060402685,16.5771812080537,-4455
148.926174496644,16.5771812080537,-3582
148.993288590604,16.5771812080537,-2944
149.060402684564,16.5771812080537,-2863
149.127516778523,16.5771812080537,-3764
149.194630872483,16.5771812080537,-4754
149.261744966443,16.5771812080537,-5190
149.328859060403,16.5771812080537,-5268
149.395973154362,16.5771812080537,-5318
149.463087248322,16.5771812080537,-5410
149.530201342282,16.5771812080537,-5534
149.597315436242,16.5771812080537,-5609
149.664429530201,16.5771812080537,-5641
149.731543624161,16.5771812080537,-5680
149.798657718121,16.5771812080537,-5741
149.865771812081,16.5771812080537,-5785
149.93288590604,16.5771812080537,-5875
150,16.5771812080537,-5858
140,16.510067114094,-4824
140.06711409396,16.510067114094,-5203
140.134228187919,16.510067114094,-5018
140.201342281879,16.510067114094,-4962
140.268456375839,16.510067114094,-5182
140.335570469799,16.510067114094,-5223
140.402684563758,16.510067114094,-5034
140.469798657718,16.510067114094,-4731
140.536912751678,16.510067114094,-4621
140.604026845638,16.510067114094,-4761
140.671140939597,16.510067114094,-4839
140.738255033557,16.510067114094,-4781
140.805369127517,16.510067114094,-4755
140.872483221477,16.510067114094,-4823
140.939597315436,16.510067114094,-4789
141.006711409396,16.510067114094,-4591
141.073825503356,16.510067114094,-4507
141.140939597315,16.510067114094,-4774
141.208053691275,16.510067114094,-4843
141.275167785235,16.510067114094,-4656
141.342281879195,16.510067114094,-4628
141.409395973154,16.510067114094,-4670
141.476510067114,16.510067114094,-4667
141.543624161074,16.510067114094,-4705
141.610738255034,16.510067114094,-4682
141.677852348993,16.510067114094,-4507
141.744966442953,16.510067114094,-4441
141.812080536913,16.510067114094,-4492
141.879194630872,16.510067114094,-4438
141.946308724832,16.510067114094,-4375
142.013422818792,16.510067114094,-4309
142.080536912752,16.510067114094,-4275
142.147651006711,16.510067114094,-4225
142.214765100671,16.510067114094,-4149
142.281879194631,16.510067114094,-4080
142.348993288591,16.510067114094,-4038
142.41610738255,16.510067114094,-3990
142.48322147651,16.510067114094,-3769
142.55033557047,16.510067114094,-3370
142.61744966443,16.510067114094,-3347
142.684563758389,16.510067114094,-3398
142.751677852349,16.510067114094,-3313
142.818791946309,16.510067114094,-3073
142.885906040268,16.510067114094,-2654
142.953020134228,16.510067114094,-2190
143.020134228188,16.510067114094,-2309
143.087248322148,16.510067114094,-1896
143.154362416107,16.510067114094,-1522
143.221476510067,16.510067114094,-1862
143.288590604027,16.510067114094,-2030
143.355704697987,16.510067114094,-2519
143.422818791946,16.510067114094,-2996
143.489932885906,16.510067114094,-3316
143.557046979866,16.510067114094,-3832
143.624161073825,16.510067114094,-3852
143.691275167785,16.510067114094,-3852
143.758389261745,16.510067114094,-3803
143.825503355705,16.510067114094,-3872
143.892617449664,16.510067114094,-3977
143.959731543624,16.510067114094,-3927
144.026845637584,16.510067114094,-4126
144.093959731544,16.510067114094,-4256
144.161073825503,16.510067114094,-4347
144.228187919463,16.510067114094,-3961
144.295302013423,16.510067114094,-3815
144.362416107383,16.510067114094,-4022
144.429530201342,16.510067114094,-4257
144.496644295302,16.510067114094,-4052
144.563758389262,16.510067114094,-3753
144.630872483221,16.510067114094,-3411
144.697986577181,16.510067114094,-3631
144.765100671141,16.510067114094,-3737
144.832214765101,16.510067114094,-3697
144.89932885906,16.510067114094,-3590
144.96644295302,16.510067114094,-3218
145.03355704698,16.510067114094,-2733
145.10067114094,16.510067114094,-3286
145.167785234899,16.510067114094,-3665
145.234899328859,16.510067114094,-3591
145.302013422819,16.510067114094,-3371
145.369127516779,16.510067114094,-3160
145.436241610738,16.510067114094,-2941
145.503355704698,16.510067114094,-2649
145.570469798658,16.510067114094,-2398
145.637583892617,16.510067114094,-2084
145.704697986577,16.510067114094,-1957
145.771812080537,16.510067114094,-1955
145.838926174497,16.510067114094,-1945
145.906040268456,16.510067114094,-2035
145.973154362416,16.510067114094,-1434
146.040268456376,16.510067114094,-538
146.107382550336,16.510067114094,-490
146.174496644295,16.510067114094,-1228
146.241610738255,16.510067114094,-2063
146.308724832215,16.510067114094,-2568
146.375838926175,16.510067114094,-2969
146.442953020134,16.510067114094,-3081
146.510067114094,16.510067114094,-3318
146.577181208054,16.510067114094,-3554
146.644295302013,16.510067114094,-3711
146.711409395973,16.510067114094,-3875
146.778523489933,16.510067114094,-4030
146.845637583893,16.510067114094,-3988
146.912751677852,16.510067114094,-3928
146.979865771812,16.510067114094,-3976
147.046979865772,16.510067114094,-3860
147.114093959732,16.510067114094,-3639
147.181208053691,16.510067114094,-3074
147.248322147651,16.510067114094,-2624
147.315436241611,16.510067114094,-3197
147.38255033557,16.510067114094,-3891
147.44966442953,16.510067114094,-4405
147.51677852349,16.510067114094,-4379
147.58389261745,16.510067114094,-4651
147.651006711409,16.510067114094,-5766
147.718120805369,16.510067114094,-6775
147.785234899329,16.510067114094,-7683
147.852348993289,16.510067114094,-7645
147.919463087248,16.510067114094,-7235
147.986577181208,16.510067114094,-7029
148.053691275168,16.510067114094,-6821
148.120805369128,16.510067114094,-6573
148.187919463087,16.510067114094,-6424
148.255033557047,16.510067114094,-6187
148.322147651007,16.510067114094,-5820
148.389261744966,16.510067114094,-5713
148.456375838926,16.510067114094,-5511
148.523489932886,16.510067114094,-5039
148.590604026846,16.510067114094,-4992
148.657718120805,16.510067114094,-5249
148.724832214765,16.510067114094,-5146
148.791946308725,16.510067114094,-4808
148.859060402685,16.510067114094,-4068
148.926174496644,16.510067114094,-2913
148.993288590604,16.510067114094,-2154
149.060402684564,16.510067114094,-2944
149.127516778523,16.510067114094,-4138
149.194630872483,16.510067114094,-4793
149.261744966443,16.510067114094,-4955
149.328859060403,16.510067114094,-4647
149.395973154362,16.510067114094,-4425
149.463087248322,16.510067114094,-4771
149.530201342282,16.510067114094,-5386
149.597315436242,16.510067114094,-5617
149.664429530201,16.510067114094,-5625
149.731543624161,16.510067114094,-5678
149.798657718121,16.510067114094,-5728
149.865771812081,16.510067114094,-5785
149.93288590604,16.510067114094,-5866
150,16.510067114094,-5819
140,16.4429530201342,-4825
140.06711409396,16.4429530201342,-4402
140.134228187919,16.4429530201342,-3983
140.201342281879,16.4429530201342,-4888
140.268456375839,16.4429530201342,-5104
140.335570469799,16.4429530201342,-5128
140.402684563758,16.4429530201342,-5094
140.469798657718,16.4429530201342,-4893
140.536912751678,16.4429530201342,-4815
140.604026845638,16.4429530201342,-4802
140.671140939597,16.4429530201342,-4875
140.738255033557,16.4429530201342,-4854
140.805369127517,16.4429530201342,-4759
140.872483221477,16.4429530201342,-4823
140.939597315436,16.4429530201342,-4822
141.006711409396,16.4429530201342,-4673
141.073825503356,16.4429530201342,-4621
141.140939597315,16.4429530201342,-4771
141.208053691275,16.4429530201342,-4782
141.275167785235,16.4429530201342,-4652
141.342281879195,16.4429530201342,-4641
141.409395973154,16.4429530201342,-4702
141.476510067114,16.4429530201342,-4673
141.543624161074,16.4429530201342,-4673
141.610738255034,16.4429530201342,-4697
141.677852348993,16.4429530201342,-4564
141.744966442953,16.4429530201342,-4442
141.812080536913,16.4429530201342,-4474
141.879194630872,16.4429530201342,-4414
141.946308724832,16.4429530201342,-4359
142.013422818792,16.4429530201342,-4308
142.080536912752,16.4429530201342,-4244
142.147651006711,16.4429530201342,-4194
142.214765100671,16.4429530201342,-4098
142.281879194631,16.4429530201342,-4024
142.348993288591,16.4429530201342,-3946
142.41610738255,16.4429530201342,-3921
142.48322147651,16.4429530201342,-3761
142.55033557047,16.4429530201342,-3566
142.61744966443,16.4429530201342,-3520
142.684563758389,16.4429530201342,-3470
142.751677852349,16.4429530201342,-3201
142.818791946309,16.4429530201342,-2722
142.885906040268,16.4429530201342,-1860
142.953020134228,16.4429530201342,-1801
143.020134228188,16.4429530201342,-2243
143.087248322148,16.4429530201342,-2281
143.154362416107,16.4429530201342,-2321
143.221476510067,16.4429530201342,-2263
143.288590604027,16.4429530201342,-2294
143.355704697987,16.4429530201342,-2639
143.422818791946,16.4429530201342,-3063
143.489932885906,16.4429530201342,-3230
143.557046979866,16.4429530201342,-3809
143.624161073825,16.4429530201342,-3833
143.691275167785,16.4429530201342,-3537
143.758389261745,16.4429530201342,-3528
143.825503355705,16.4429530201342,-3546
143.892617449664,16.4429530201342,-4027
143.959731543624,16.4429530201342,-4234
144.026845637584,16.4429530201342,-4051
144.093959731544,16.4429530201342,-4058
144.161073825503,16.4429530201342,-4204
144.228187919463,16.4429530201342,-4104
144.295302013423,16.4429530201342,-3847
144.362416107383,16.4429530201342,-4222
144.429530201342,16.4429530201342,-4036
144.496644295302,16.4429530201342,-3815
144.563758389262,16.4429530201342,-3969
144.630872483221,16.4429530201342,-3482
144.697986577181,16.4429530201342,-3392
144.765100671141,16.4429530201342,-3738
144.832214765101,16.4429530201342,-3772
144.89932885906,16.4429530201342,-3808
144.96644295302,16.4429530201342,-3570
145.03355704698,16.4429530201342,-3102
145.10067114094,16.4429530201342,-3541
145.167785234899,16.4429530201342,-3669
145.234899328859,16.4429530201342,-3435
145.302013422819,16.4429530201342,-3291
145.369127516779,16.4429530201342,-3141
145.436241610738,16.4429530201342,-2927
145.503355704698,16.4429530201342,-2628
145.570469798658,16.4429530201342,-2130
145.637583892617,16.4429530201342,-1604
145.704697986577,16.4429530201342,-1425
145.771812080537,16.4429530201342,-1207
145.838926174497,16.4429530201342,-1570
145.906040268456,16.4429530201342,-2095
145.973154362416,16.4429530201342,-1432
146.040268456376,16.4429530201342,-579
146.107382550336,16.4429530201342,-855
146.174496644295,16.4429530201342,-1681
146.241610738255,16.4429530201342,-2199
146.308724832215,16.4429530201342,-2477
146.375838926175,16.4429530201342,-2948
146.442953020134,16.4429530201342,-3216
146.510067114094,16.4429530201342,-3445
146.577181208054,16.4429530201342,-3696
146.644295302013,16.4429530201342,-3852
146.711409395973,16.4429530201342,-4072
146.778523489933,16.4429530201342,-4164
146.845637583893,16.4429530201342,-4105
146.912751677852,16.4429530201342,-4035
146.979865771812,16.4429530201342,-4032
147.046979865772,16.4429530201342,-3870
147.114093959732,16.4429530201342,-3699
147.181208053691,16.4429530201342,-3385
147.248322147651,16.4429530201342,-3197
147.315436241611,16.4429530201342,-3283
147.38255033557,16.4429530201342,-3532
147.44966442953,16.4429530201342,-4040
147.51677852349,16.4429530201342,-4157
147.58389261745,16.4429530201342,-4286
147.651006711409,16.4429530201342,-5179
147.718120805369,16.4429530201342,-6337
147.785234899329,16.4429530201342,-7071
147.852348993289,16.4429530201342,-7116
147.919463087248,16.4429530201342,-7027
147.986577181208,16.4429530201342,-6933
148.053691275168,16.4429530201342,-6722
148.120805369128,16.4429530201342,-6495
148.187919463087,16.4429530201342,-6308
148.255033557047,16.4429530201342,-5965
148.322147651007,16.4429530201342,-5778
148.389261744966,16.4429530201342,-5578
148.456375838926,16.4429530201342,-5007
148.523489932886,16.4429530201342,-4345
148.590604026846,16.4429530201342,-4678
148.657718120805,16.4429530201342,-5226
148.724832214765,16.4429530201342,-5159
148.791946308725,16.4429530201342,-4947
148.859060402685,16.4429530201342,-4356
148.926174496644,16.4429530201342,-3244
148.993288590604,16.4429530201342,-3309
149.060402684564,16.4429530201342,-4072
149.127516778523,16.4429530201342,-4600
149.194630872483,16.4429530201342,-4838
149.261744966443,16.4429530201342,-4546
149.328859060403,16.4429530201342,-3424
149.395973154362,16.4429530201342,-3292
149.463087248322,16.4429530201342,-4007
149.530201342282,16.4429530201342,-5312
149.597315436242,16.4429530201342,-5647
149.664429530201,16.4429530201342,-5632
149.731543624161,16.4429530201342,-5648
149.798657718121,16.4429530201342,-5695
149.865771812081,16.4429530201342,-5744
149.93288590604,16.4429530201342,-5805
150,16.4429530201342,-5765
140,16.3758389261745,-4348
140.06711409396,16.3758389261745,-4196
140.134228187919,16.3758389261745,-4450
140.201342281879,16.3758389261745,-5223
140.268456375839,16.3758389261745,-4953
140.335570469799,16.3758389261745,-4940
140.402684563758,16.3758389261745,-5007
140.469798657718,16.3758389261745,-4867
140.536912751678,16.3758389261745,-4849
140.604026845638,16.3758389261745,-4859
140.671140939597,16.3758389261745,-4866
140.738255033557,16.3758389261745,-4817
140.805369127517,16.3758389261745,-4727
140.872483221477,16.3758389261745,-4758
140.939597315436,16.3758389261745,-4740
141.006711409396,16.3758389261745,-4729
141.073825503356,16.3758389261745,-4753
141.140939597315,16.3758389261745,-4765
141.208053691275,16.3758389261745,-4747
141.275167785235,16.3758389261745,-4662
141.342281879195,16.3758389261745,-4653
141.409395973154,16.3758389261745,-4718
141.476510067114,16.3758389261745,-4676
141.543624161074,16.3758389261745,-4649
141.610738255034,16.3758389261745,-4657
141.677852348993,16.3758389261745,-4583
141.744966442953,16.3758389261745,-4479
141.812080536913,16.3758389261745,-4454
141.879194630872,16.3758389261745,-4394
141.946308724832,16.3758389261745,-4354
142.013422818792,16.3758389261745,-4326
142.080536912752,16.3758389261745,-4239
142.147651006711,16.3758389261745,-4180
142.214765100671,16.3758389261745,-4112
142.281879194631,16.3758389261745,-4037
142.348993288591,16.3758389261745,-3964
142.41610738255,16.3758389261745,-3901
142.48322147651,16.3758389261745,-3796
142.55033557047,16.3758389261745,-3663
142.61744966443,16.3758389261745,-3606
142.684563758389,16.3758389261745,-3447
142.751677852349,16.3758389261745,-3008
142.818791946309,16.3758389261745,-2462
142.885906040268,16.3758389261745,-2206
142.953020134228,16.3758389261745,-2340
143.020134228188,16.3758389261745,-2368
143.087248322148,16.3758389261745,-2419
143.154362416107,16.3758389261745,-2526
143.221476510067,16.3758389261745,-2470
143.288590604027,16.3758389261745,-2483
143.355704697987,16.3758389261745,-2996
143.422818791946,16.3758389261745,-3268
143.489932885906,16.3758389261745,-3281
143.557046979866,16.3758389261745,-3627
143.624161073825,16.3758389261745,-3593
143.691275167785,16.3758389261745,-3320
143.758389261745,16.3758389261745,-3435
143.825503355705,16.3758389261745,-3800
143.892617449664,16.3758389261745,-4226
143.959731543624,16.3758389261745,-4268
144.026845637584,16.3758389261745,-4049
144.093959731544,16.3758389261745,-3861
144.161073825503,16.3758389261745,-3846
144.228187919463,16.3758389261745,-4051
144.295302013423,16.3758389261745,-4364
144.362416107383,16.3758389261745,-4238
144.429530201342,16.3758389261745,-3739
144.496644295302,16.3758389261745,-3712
144.563758389262,16.3758389261745,-4058
144.630872483221,16.3758389261745,-3674
144.697986577181,16.3758389261745,-3262
144.765100671141,16.3758389261745,-3804
144.832214765101,16.3758389261745,-4076
144.89932885906,16.3758389261745,-3743
144.96644295302,16.3758389261745,-3323
145.03355704698,16.3758389261745,-3132
145.10067114094,16.3758389261745,-3594
145.167785234899,16.3758389261745,-3654
145.234899328859,16.3758389261745,-3503
145.302013422819,16.3758389261745,-3221
145.369127516779,16.3758389261745,-3130
145.436241610738,16.3758389261745,-2945
145.503355704698,16.3758389261745,-2529
145.570469798658,16.3758389261745,-1427
145.637583892617,16.3758389261745,-284
145.704697986577,16.3758389261745,-206
145.771812080537,16.3758389261745,-1468
145.838926174497,16.3758389261745,-1918
145.906040268456,16.3758389261745,-1830
145.973154362416,16.3758389261745,-1069
146.040268456376,16.3758389261745,-546
146.107382550336,16.3758389261745,-1267
146.174496644295,16.3758389261745,-1886
146.241610738255,16.3758389261745,-2286
146.308724832215,16.3758389261745,-2569
146.375838926175,16.3758389261745,-2960
146.442953020134,16.3758389261745,-3263
146.510067114094,16.3758389261745,-3561
146.577181208054,16.3758389261745,-3840
146.644295302013,16.3758389261745,-4041
146.711409395973,16.3758389261745,-4194
146.778523489933,16.3758389261745,-4289
146.845637583893,16.3758389261745,-4327
146.912751677852,16.3758389261745,-4414
146.979865771812,16.3758389261745,-4260
147.046979865772,16.3758389261745,-4066
147.114093959732,16.3758389261745,-3805
147.181208053691,16.3758389261745,-3645
147.248322147651,16.3758389261745,-3487
147.315436241611,16.3758389261745,-3445
147.38255033557,16.3758389261745,-3440
147.44966442953,16.3758389261745,-3715
147.51677852349,16.3758389261745,-3829
147.58389261745,16.3758389261745,-4110
147.651006711409,16.3758389261745,-4854
147.718120805369,16.3758389261745,-5641
147.785234899329,16.3758389261745,-6100
147.852348993289,16.3758389261745,-6301
147.919463087248,16.3758389261745,-6555
147.986577181208,16.3758389261745,-6770
148.053691275168,16.3758389261745,-6672
148.120805369128,16.3758389261745,-6435
148.187919463087,16.3758389261745,-6278
148.255033557047,16.3758389261745,-5880
148.322147651007,16.3758389261745,-5756
148.389261744966,16.3758389261745,-5509
148.456375838926,16.3758389261745,-4911
148.523489932886,16.3758389261745,-4653
148.590604026846,16.3758389261745,-5033
148.657718120805,16.3758389261745,-5191
148.724832214765,16.3758389261745,-5108
148.791946308725,16.3758389261745,-4982
148.859060402685,16.3758389261745,-4644
148.926174496644,16.3758389261745,-4139
148.993288590604,16.3758389261745,-4370
149.060402684564,16.3758389261745,-4816
149.127516778523,16.3758389261745,-4910
149.194630872483,16.3758389261745,-4973
149.261744966443,16.3758389261745,-4684
149.328859060403,16.3758389261745,-3405
149.395973154362,16.3758389261745,-3207
149.463087248322,16.3758389261745,-4540
149.530201342282,16.3758389261745,-5592
149.597315436242,16.3758389261745,-5663
149.664429530201,16.3758389261745,-5640
149.731543624161,16.3758389261745,-5643
149.798657718121,16.3758389261745,-5650
149.865771812081,16.3758389261745,-5699
149.93288590604,16.3758389261745,-5738
150,16.3758389261745,-5734
140,16.3087248322148,-4515
140.06711409396,16.3087248322148,-4612
140.134228187919,16.3087248322148,-4992
140.201342281879,16.3087248322148,-5202
140.268456375839,16.3087248322148,-4923
140.335570469799,16.3087248322148,-4959
140.402684563758,16.3087248322148,-5010
140.469798657718,16.3087248322148,-4830
140.536912751678,16.3087248322148,-4864
140.604026845638,16.3087248322148,-4859
140.671140939597,16.3087248322148,-4834
140.738255033557,16.3087248322148,-4750
140.805369127517,16.3087248322148,-4684
140.872483221477,16.3087248322148,-4714
140.939597315436,16.3087248322148,-4709
141.006711409396,16.3087248322148,-4728
141.073825503356,16.3087248322148,-4724
141.140939597315,16.3087248322148,-4723
141.208053691275,16.3087248322148,-4727
141.275167785235,16.3087248322148,-4691
141.342281879195,16.3087248322148,-4666
141.409395973154,16.3087248322148,-4663
141.476510067114,16.3087248322148,-4636
141.543624161074,16.3087248322148,-4627
141.610738255034,16.3087248322148,-4580
141.677852348993,16.3087248322148,-4539
141.744966442953,16.3087248322148,-4512
141.812080536913,16.3087248322148,-4454
141.879194630872,16.3087248322148,-4399
141.946308724832,16.3087248322148,-4341
142.013422818792,16.3087248322148,-4321
142.080536912752,16.3087248322148,-4244
142.147651006711,16.3087248322148,-4202
142.214765100671,16.3087248322148,-4151
142.281879194631,16.3087248322148,-4079
142.348993288591,16.3087248322148,-4001
142.41610738255,16.3087248322148,-3920
142.48322147651,16.3087248322148,-3804
142.55033557047,16.3087248322148,-3703
142.61744966443,16.3087248322148,-3458
142.684563758389,16.3087248322148,-2958
142.751677852349,16.3087248322148,-2558
142.818791946309,16.3087248322148,-2733
142.885906040268,16.3087248322148,-2719
142.953020134228,16.3087248322148,-2542
143.020134228188,16.3087248322148,-2428
143.087248322148,16.3087248322148,-2482
143.154362416107,16.3087248322148,-2565
143.221476510067,16.3087248322148,-2567
143.288590604027,16.3087248322148,-2600
143.355704697987,16.3087248322148,-2857
143.422818791946,16.3087248322148,-2992
143.489932885906,16.3087248322148,-3221
143.557046979866,16.3087248322148,-3459
143.624161073825,16.3087248322148,-3295
143.691275167785,16.3087248322148,-3399
143.758389261745,16.3087248322148,-3904
143.825503355705,16.3087248322148,-4190
143.892617449664,16.3087248322148,-4297
143.959731543624,16.3087248322148,-4156
144.026845637584,16.3087248322148,-3902
144.093959731544,16.3087248322148,-3704
144.161073825503,16.3087248322148,-3785
144.228187919463,16.3087248322148,-3906
144.295302013423,16.3087248322148,-4298
144.362416107383,16.3087248322148,-4127
144.429530201342,16.3087248322148,-3647
144.496644295302,16.3087248322148,-3670
144.563758389262,16.3087248322148,-3916
144.630872483221,16.3087248322148,-3600
144.697986577181,16.3087248322148,-3309
144.765100671141,16.3087248322148,-3919
144.832214765101,16.3087248322148,-4304
144.89932885906,16.3087248322148,-3677
144.96644295302,16.3087248322148,-3326
145.03355704698,16.3087248322148,-3387
145.10067114094,16.3087248322148,-3672
145.167785234899,16.3087248322148,-3614
145.234899328859,16.3087248322148,-3508
145.302013422819,16.3087248322148,-3270
145.369127516779,16.3087248322148,-3164
145.436241610738,16.3087248322148,-3055
145.503355704698,16.3087248322148,-2728
145.570469798658,16.3087248322148,-2168
145.637583892617,16.3087248322148,-1285
145.704697986577,16.3087248322148,-1398
145.771812080537,16.3087248322148,-2020
145.838926174497,16.3087248322148,-1935
145.906040268456,16.3087248322148,-1413
145.973154362416,16.3087248322148,-612
146.040268456376,16.3087248322148,-134
146.107382550336,16.3087248322148,-1066
146.174496644295,16.3087248322148,-1693
146.241610738255,16.3087248322148,-2262
146.308724832215,16.3087248322148,-2682
146.375838926175,16.3087248322148,-3014
146.442953020134,16.3087248322148,-3317
146.510067114094,16.3087248322148,-3669
146.577181208054,16.3087248322148,-3988
146.644295302013,16.3087248322148,-4200
146.711409395973,16.3087248322148,-4348
146.778523489933,16.3087248322148,-4502
146.845637583893,16.3087248322148,-4650
146.912751677852,16.3087248322148,-4781
146.979865771812,16.3087248322148,-4768
147.046979865772,16.3087248322148,-4589
147.114093959732,16.3087248322148,-4319
147.181208053691,16.3087248322148,-4116
147.248322147651,16.3087248322148,-3796
147.315436241611,16.3087248322148,-3532
147.38255033557,16.3087248322148,-3532
147.44966442953,16.3087248322148,-3649
147.51677852349,16.3087248322148,-3667
147.58389261745,16.3087248322148,-3894
147.651006711409,16.3087248322148,-4535
147.718120805369,16.3087248322148,-4913
147.785234899329,16.3087248322148,-5217
147.852348993289,16.3087248322148,-5388
147.919463087248,16.3087248322148,-5745
147.986577181208,16.3087248322148,-6294
148.053691275168,16.3087248322148,-6316
148.120805369128,16.3087248322148,-6275
148.187919463087,16.3087248322148,-6081
148.255033557047,16.3087248322148,-5446
148.322147651007,16.3087248322148,-5214
148.389261744966,16.3087248322148,-5343
148.456375838926,16.3087248322148,-5385
148.523489932886,16.3087248322148,-5299
148.590604026846,16.3087248322148,-5252
148.657718120805,16.3087248322148,-5196
148.724832214765,16.3087248322148,-5096
148.791946308725,16.3087248322148,-4989
148.859060402685,16.3087248322148,-4758
148.926174496644,16.3087248322148,-4727
148.993288590604,16.3087248322148,-4814
149.060402684564,16.3087248322148,-4889
149.127516778523,16.3087248322148,-4969
149.194630872483,16.3087248322148,-5077
149.261744966443,16.3087248322148,-5003
149.328859060403,16.3087248322148,-4434
149.395973154362,16.3087248322148,-4612
149.463087248322,16.3087248322148,-5302
149.530201342282,16.3087248322148,-5668
149.597315436242,16.3087248322148,-5660
149.664429530201,16.3087248322148,-5641
149.731543624161,16.3087248322148,-5645
149.798657718121,16.3087248322148,-5655
149.865771812081,16.3087248322148,-5677
149.93288590604,16.3087248322148,-5720
150,16.3087248322148,-5736
140,16.241610738255,-4697
140.06711409396,16.241610738255,-4744
140.134228187919,16.241610738255,-4820
140.201342281879,16.241610738255,-5164
140.268456375839,16.241610738255,-5262
140.335570469799,16.241610738255,-5036
140.402684563758,16.241610738255,-5036
140.469798657718,16.241610738255,-4926
140.536912751678,16.241610738255,-4891
140.604026845638,16.241610738255,-4797
140.671140939597,16.241610738255,-4782
140.738255033557,16.241610738255,-4748
140.805369127517,16.241610738255,-4677
140.872483221477,16.241610738255,-4706
140.939597315436,16.241610738255,-4712
141.006711409396,16.241610738255,-4718
141.073825503356,16.241610738255,-4655
141.140939597315,16.241610738255,-4635
141.208053691275,16.241610738255,-4717
141.275167785235,16.241610738255,-4692
141.342281879195,16.241610738255,-4672
141.409395973154,16.241610738255,-4643
141.476510067114,16.241610738255,-4689
141.543624161074,16.241610738255,-4664
141.610738255034,16.241610738255,-4593
141.677852348993,16.241610738255,-4591
141.744966442953,16.241610738255,-4552
141.812080536913,16.241610738255,-4479
141.879194630872,16.241610738255,-4459
141.946308724832,16.241610738255,-4388
142.013422818792,16.241610738255,-4327
142.080536912752,16.241610738255,-4283
142.147651006711,16.241610738255,-4249
142.214765100671,16.241610738255,-4195
142.281879194631,16.241610738255,-4146
142.348993288591,16.241610738255,-4057
142.41610738255,16.241610738255,-3967
142.48322147651,16.241610738255,-3838
142.55033557047,16.241610738255,-3685
142.61744966443,16.241610738255,-3206
142.684563758389,16.241610738255,-2203
142.751677852349,16.241610738255,-2718
142.818791946309,16.241610738255,-3036
142.885906040268,16.241610738255,-2984
142.953020134228,16.241610738255,-2800
143.020134228188,16.241610738255,-2661
143.087248322148,16.241610738255,-2481
143.154362416107,16.241610738255,-2494
143.221476510067,16.241610738255,-2578
143.288590604027,16.241610738255,-2445
143.355704697987,16.241610738255,-2321
143.422818791946,16.241610738255,-2569
143.489932885906,16.241610738255,-3303
143.557046979866,16.241610738255,-3477
143.624161073825,16.241610738255,-3334
143.691275167785,16.241610738255,-3576
143.758389261745,16.241610738255,-3858
143.825503355705,16.241610738255,-4099
143.892617449664,16.241610738255,-4037
143.959731543624,16.241610738255,-3847
144.026845637584,16.241610738255,-3717
144.093959731544,16.241610738255,-3782
144.161073825503,16.241610738255,-4199
144.228187919463,16.241610738255,-4133
144.295302013423,16.241610738255,-4167
144.362416107383,16.241610738255,-4582
144.429530201342,16.241610738255,-3983
144.496644295302,16.241610738255,-3766
144.563758389262,16.241610738255,-3989
144.630872483221,16.241610738255,-3600
144.697986577181,16.241610738255,-3340
144.765100671141,16.241610738255,-3920
144.832214765101,16.241610738255,-3934
144.89932885906,16.241610738255,-3598
144.96644295302,16.241610738255,-3163
145.03355704698,16.241610738255,-3249
145.10067114094,16.241610738255,-3712
145.167785234899,16.241610738255,-3614
145.234899328859,16.241610738255,-3517
145.302013422819,16.241610738255,-3388
145.369127516779,16.241610738255,-3272
145.436241610738,16.241610738255,-3157
145.503355704698,16.241610738255,-2897
145.570469798658,16.241610738255,-2658
145.637583892617,16.241610738255,-2569
145.704697986577,16.241610738255,-2426
145.771812080537,16.241610738255,-2269
145.838926174497,16.241610738255,-1763
145.906040268456,16.241610738255,-1211
145.973154362416,16.241610738255,-935
146.040268456376,16.241610738255,-764
146.107382550336,16.241610738255,-856
146.174496644295,16.241610738255,-1553
146.241610738255,16.241610738255,-2322
146.308724832215,16.241610738255,-2735
146.375838926175,16.241610738255,-3086
146.442953020134,16.241610738255,-3472
146.510067114094,16.241610738255,-3848
146.577181208054,16.241610738255,-4111
146.644295302013,16.241610738255,-4296
146.711409395973,16.241610738255,-4460
146.778523489933,16.241610738255,-4577
146.845637583893,16.241610738255,-4787
146.912751677852,16.241610738255,-4898
146.979865771812,16.241610738255,-4981
147.046979865772,16.241610738255,-4977
147.114093959732,16.241610738255,-4783
147.181208053691,16.241610738255,-4458
147.248322147651,16.241610738255,-4151
147.315436241611,16.241610738255,-3753
147.38255033557,16.241610738255,-3638
147.44966442953,16.241610738255,-3790
147.51677852349,16.241610738255,-3628
147.58389261745,16.241610738255,-3714
147.651006711409,16.241610738255,-4330
147.718120805369,16.241610738255,-5018
147.785234899329,16.241610738255,-5304
147.852348993289,16.241610738255,-5059
147.919463087248,16.241610738255,-5216
147.986577181208,16.241610738255,-5663
148.053691275168,16.241610738255,-5676
148.120805369128,16.241610738255,-5704
148.187919463087,16.241610738255,-5453
148.255033557047,16.241610738255,-4636
148.322147651007,16.241610738255,-3878
148.389261744966,16.241610738255,-4251
148.456375838926,16.241610738255,-4998
148.523489932886,16.241610738255,-5264
148.590604026846,16.241610738255,-5225
148.657718120805,16.241610738255,-5129
148.724832214765,16.241610738255,-5070
148.791946308725,16.241610738255,-4947
148.859060402685,16.241610738255,-4879
148.926174496644,16.241610738255,-4906
148.993288590604,16.241610738255,-4900
149.060402684564,16.241610738255,-4956
149.127516778523,16.241610738255,-5028
149.194630872483,16.241610738255,-5115
149.261744966443,16.241610738255,-5216
149.328859060403,16.241610738255,-5239
149.395973154362,16.241610738255,-5357
149.463087248322,16.241610738255,-5569
149.530201342282,16.241610738255,-5651
149.597315436242,16.241610738255,-5655
149.664429530201,16.241610738255,-5641
149.731543624161,16.241610738255,-5649
149.798657718121,16.241610738255,-5670
149.865771812081,16.241610738255,-5682
149.93288590604,16.241610738255,-5701
150,16.241610738255,-5710
140,16.1744966442953,-4865
140.06711409396,16.1744966442953,-4832
140.134228187919,16.1744966442953,-4826
140.201342281879,16.1744966442953,-5036
140.268456375839,16.1744966442953,-5213
140.335570469799,16.1744966442953,-4939
140.402684563758,16.1744966442953,-4939
140.469798657718,16.1744966442953,-4918
140.536912751678,16.1744966442953,-4866
140.604026845638,16.1744966442953,-4814
140.671140939597,16.1744966442953,-4803
140.738255033557,16.1744966442953,-4683
140.805369127517,16.1744966442953,-4612
140.872483221477,16.1744966442953,-4666
140.939597315436,16.1744966442953,-4725
141.006711409396,16.1744966442953,-4725
141.073825503356,16.1744966442953,-4693
141.140939597315,16.1744966442953,-4682
141.208053691275,16.1744966442953,-4688
141.275167785235,16.1744966442953,-4686
141.342281879195,16.1744966442953,-4687
141.409395973154,16.1744966442953,-4635
141.476510067114,16.1744966442953,-4654
141.543624161074,16.1744966442953,-4613
141.610738255034,16.1744966442953,-4561
141.677852348993,16.1744966442953,-4552
141.744966442953,16.1744966442953,-4552
141.812080536913,16.1744966442953,-4462
141.879194630872,16.1744966442953,-4435
141.946308724832,16.1744966442953,-4395
142.013422818792,16.1744966442953,-4354
142.080536912752,16.1744966442953,-4310
142.147651006711,16.1744966442953,-4265
142.214765100671,16.1744966442953,-4206
142.281879194631,16.1744966442953,-4132
142.348993288591,16.1744966442953,-4068
142.41610738255,16.1744966442953,-3965
142.48322147651,16.1744966442953,-3822
142.55033557047,16.1744966442953,-3727
142.61744966443,16.1744966442953,-3431
142.684563758389,16.1744966442953,-3147
142.751677852349,16.1744966442953,-3336
142.818791946309,16.1744966442953,-3198
142.885906040268,16.1744966442953,-3102
142.953020134228,16.1744966442953,-2999
143.020134228188,16.1744966442953,-2810
143.087248322148,16.1744966442953,-2540
143.154362416107,16.1744966442953,-2366
143.221476510067,16.1744966442953,-2324
143.288590604027,16.1744966442953,-2167
143.355704697987,16.1744966442953,-1971
143.422818791946,16.1744966442953,-2530
143.489932885906,16.1744966442953,-3626
143.557046979866,16.1744966442953,-3716
143.624161073825,16.1744966442953,-3692
143.691275167785,16.1744966442953,-4074
143.758389261745,16.1744966442953,-3895
143.825503355705,16.1744966442953,-3806
143.892617449664,16.1744966442953,-3694
143.959731543624,16.1744966442953,-3558
144.026845637584,16.1744966442953,-3585
144.093959731544,16.1744966442953,-3805
144.161073825503,16.1744966442953,-4211
144.228187919463,16.1744966442953,-3997
144.295302013423,16.1744966442953,-4269
144.362416107383,16.1744966442953,-4709
144.429530201342,16.1744966442953,-3965
144.496644295302,16.1744966442953,-3617
144.563758389262,16.1744966442953,-3809
144.630872483221,16.1744966442953,-3227
144.697986577181,16.1744966442953,-3283
144.765100671141,16.1744966442953,-3731
144.832214765101,16.1744966442953,-3445
144.89932885906,16.1744966442953,-2967
144.96644295302,16.1744966442953,-3025
145.03355704698,16.1744966442953,-3458
145.10067114094,16.1744966442953,-3737
145.167785234899,16.1744966442953,-3625
145.234899328859,16.1744966442953,-3538
145.302013422819,16.1744966442953,-3418
145.369127516779,16.1744966442953,-3274
145.436241610738,16.1744966442953,-3078
145.503355704698,16.1744966442953,-2871
145.570469798658,16.1744966442953,-2730
145.637583892617,16.1744966442953,-2622
145.704697986577,16.1744966442953,-2551
145.771812080537,16.1744966442953,-2324
145.838926174497,16.1744966442953,-1659
145.906040268456,16.1744966442953,-1011
145.973154362416,16.1744966442953,-947
146.040268456376,16.1744966442953,-703
146.107382550336,16.1744966442953,-377
146.174496644295,16.1744966442953,-1531
146.241610738255,16.1744966442953,-2548
146.308724832215,16.1744966442953,-2903
146.375838926175,16.1744966442953,-3309
146.442953020134,16.1744966442953,-3732
146.510067114094,16.1744966442953,-4173
146.577181208054,16.1744966442953,-4303
146.644295302013,16.1744966442953,-4405
146.711409395973,16.1744966442953,-4553
146.778523489933,16.1744966442953,-4717
146.845637583893,16.1744966442953,-4897
146.912751677852,16.1744966442953,-4865
146.979865771812,16.1744966442953,-4918
147.046979865772,16.1744966442953,-4984
147.114093959732,16.1744966442953,-4807
147.181208053691,16.1744966442953,-4680
147.248322147651,16.1744966442953,-4451
147.315436241611,16.1744966442953,-4295
147.38255033557,16.1744966442953,-4104
147.44966442953,16.1744966442953,-3943
147.51677852349,16.1744966442953,-3553
147.58389261745,16.1744966442953,-3642
147.651006711409,16.1744966442953,-4281
147.718120805369,16.1744966442953,-5145
147.785234899329,16.1744966442953,-5289
147.852348993289,16.1744966442953,-5169
147.919463087248,16.1744966442953,-5171
147.986577181208,16.1744966442953,-5226
148.053691275168,16.1744966442953,-5227
148.120805369128,16.1744966442953,-5339
148.187919463087,16.1744966442953,-5174
148.255033557047,16.1744966442953,-4222
148.322147651007,16.1744966442953,-2795
148.389261744966,16.1744966442953,-2790
148.456375838926,16.1744966442953,-4030
148.523489932886,16.1744966442953,-4530
148.590604026846,16.1744966442953,-4879
148.657718120805,16.1744966442953,-5081
148.724832214765,16.1744966442953,-5067
148.791946308725,16.1744966442953,-5005
148.859060402685,16.1744966442953,-4885
148.926174496644,16.1744966442953,-4914
148.993288590604,16.1744966442953,-4992
149.060402684564,16.1744966442953,-5087
149.127516778523,16.1744966442953,-5104
149.194630872483,16.1744966442953,-5129
149.261744966443,16.1744966442953,-5210
149.328859060403,16.1744966442953,-5320
149.395973154362,16.1744966442953,-5402
149.463087248322,16.1744966442953,-5514
149.530201342282,16.1744966442953,-5453
149.597315436242,16.1744966442953,-5513
149.664429530201,16.1744966442953,-5642
149.731543624161,16.1744966442953,-5683
149.798657718121,16.1744966442953,-5671
149.865771812081,16.1744966442953,-5667
149.93288590604,16.1744966442953,-5682
150,16.1744966442953,-5684
140,16.1073825503356,-5118
140.06711409396,16.1073825503356,-4930
140.134228187919,16.1073825503356,-4702
140.201342281879,16.1073825503356,-4884
140.268456375839,16.1073825503356,-5011
140.335570469799,16.1073825503356,-4828
140.402684563758,16.1073825503356,-4937
140.469798657718,16.1073825503356,-4934
140.536912751678,16.1073825503356,-4889
140.604026845638,16.1073825503356,-4859
140.671140939597,16.1073825503356,-4759
140.738255033557,16.1073825503356,-4635
140.805369127517,16.1073825503356,-4640
140.872483221477,16.1073825503356,-4714
140.939597315436,16.1073825503356,-4742
141.006711409396,16.1073825503356,-4710
141.073825503356,16.1073825503356,-4727
141.140939597315,16.1073825503356,-4741
141.208053691275,16.1073825503356,-4678
141.275167785235,16.1073825503356,-4642
141.342281879195,16.1073825503356,-4661
141.409395973154,16.1073825503356,-4629
141.476510067114,16.1073825503356,-4622
141.543624161074,16.1073825503356,-4595
141.610738255034,16.1073825503356,-4582
141.677852348993,16.1073825503356,-4567
141.744966442953,16.1073825503356,-4555
141.812080536913,16.1073825503356,-4470
141.879194630872,16.1073825503356,-4465
141.946308724832,16.1073825503356,-4425
142.013422818792,16.1073825503356,-4359
142.080536912752,16.1073825503356,-4319
142.147651006711,16.1073825503356,-4292
142.214765100671,16.1073825503356,-4240
142.281879194631,16.1073825503356,-4169
142.348993288591,16.1073825503356,-4094
142.41610738255,16.1073825503356,-3914
142.48322147651,16.1073825503356,-3748
142.55033557047,16.1073825503356,-3716
142.61744966443,16.1073825503356,-3625
142.684563758389,16.1073825503356,-3476
142.751677852349,16.1073825503356,-3170
142.818791946309,16.1073825503356,-2557
142.885906040268,16.1073825503356,-2721
142.953020134228,16.1073825503356,-2893
143.020134228188,16.1073825503356,-2731
143.087248322148,16.1073825503356,-2456
143.154362416107,16.1073825503356,-2176
143.221476510067,16.1073825503356,-2049
143.288590604027,16.1073825503356,-1892
143.355704697987,16.1073825503356,-1907
143.422818791946,16.1073825503356,-2554
143.489932885906,16.1073825503356,-3736
143.557046979866,16.1073825503356,-3984
143.624161073825,16.1073825503356,-3974
143.691275167785,16.1073825503356,-4102
143.758389261745,16.1073825503356,-3843
143.825503355705,16.1073825503356,-3728
143.892617449664,16.1073825503356,-3780
143.959731543624,16.1073825503356,-3633
144.026845637584,16.1073825503356,-3564
144.093959731544,16.1073825503356,-3720
144.161073825503,16.1073825503356,-4155
144.228187919463,16.1073825503356,-3917
144.295302013423,16.1073825503356,-3995
144.362416107383,16.1073825503356,-4402
144.429530201342,16.1073825503356,-4042
144.496644295302,16.1073825503356,-3832
144.563758389262,16.1073825503356,-3646
144.630872483221,16.1073825503356,-3158
144.697986577181,16.1073825503356,-3525
144.765100671141,16.1073825503356,-3546
144.832214765101,16.1073825503356,-3196
144.89932885906,16.1073825503356,-2946
144.96644295302,16.1073825503356,-2966
145.03355704698,16.1073825503356,-3607
145.10067114094,16.1073825503356,-3686
145.167785234899,16.1073825503356,-3637
145.234899328859,16.1073825503356,-3554
145.302013422819,16.1073825503356,-3368
145.369127516779,16.1073825503356,-3092
145.436241610738,16.1073825503356,-2873
145.503355704698,16.1073825503356,-2756
145.570469798658,16.1073825503356,-2593
145.637583892617,16.1073825503356,-2262
145.704697986577,16.1073825503356,-2248
145.771812080537,16.1073825503356,-2090
145.838926174497,16.1073825503356,-1358
145.906040268456,16.1073825503356,-401
145.973154362416,16.1073825503356,-325
146.040268456376,16.1073825503356,-130
146.107382550336,16.1073825503356,-59
146.174496644295,16.1073825503356,-1511
146.241610738255,16.1073825503356,-2622
146.308724832215,16.1073825503356,-2993
146.375838926175,16.1073825503356,-3461
146.442953020134,16.1073825503356,-3912
146.510067114094,16.1073825503356,-4251
146.577181208054,16.1073825503356,-4358
146.644295302013,16.1073825503356,-4515
146.711409395973,16.1073825503356,-4667
146.778523489933,16.1073825503356,-4863
146.845637583893,16.1073825503356,-5072
146.912751677852,16.1073825503356,-5218
146.979865771812,16.1073825503356,-5299
147.046979865772,16.1073825503356,-4851
147.114093959732,16.1073825503356,-4285
147.181208053691,16.1073825503356,-4545
147.248322147651,16.1073825503356,-4500
147.315436241611,16.1073825503356,-4415
147.38255033557,16.1073825503356,-4423
147.44966442953,16.1073825503356,-4201
147.51677852349,16.1073825503356,-3767
147.58389261745,16.1073825503356,-3841
147.651006711409,16.1073825503356,-4549
147.718120805369,16.1073825503356,-5365
147.785234899329,16.1073825503356,-5306
147.852348993289,16.1073825503356,-4621
147.919463087248,16.1073825503356,-4840
147.986577181208,16.1073825503356,-4670
148.053691275168,16.1073825503356,-4523
148.120805369128,16.1073825503356,-4961
148.187919463087,16.1073825503356,-4919
148.255033557047,16.1073825503356,-4087
148.322147651007,16.1073825503356,-2857
148.389261744966,16.1073825503356,-2268
148.456375838926,16.1073825503356,-2897
148.523489932886,16.1073825503356,-3288
148.590604026846,16.1073825503356,-4436
148.657718120805,16.1073825503356,-5134
148.724832214765,16.1073825503356,-5166
148.791946308725,16.1073825503356,-5039
148.859060402685,16.1073825503356,-4637
148.926174496644,16.1073825503356,-4433
148.993288590604,16.1073825503356,-4799
149.060402684564,16.1073825503356,-5147
149.127516778523,16.1073825503356,-5151
149.194630872483,16.1073825503356,-5172
149.261744966443,16.1073825503356,-5208
149.328859060403,16.1073825503356,-5323
149.395973154362,16.1073825503356,-5417
149.463087248322,16.1073825503356,-5252
149.530201342282,16.1073825503356,-4766
149.597315436242,16.1073825503356,-4734
149.664429530201,16.1073825503356,-5311
149.731543624161,16.1073825503356,-5687
149.798657718121,16.1073825503356,-5692
149.865771812081,16.1073825503356,-5658
149.93288590604,16.1073825503356,-5669
150,16.1073825503356,-5671
140,16.0402684563758,-5085
140.06711409396,16.0402684563758,-4748
140.134228187919,16.0402684563758,-4626
140.201342281879,16.0402684563758,-4680
140.268456375839,16.0402684563758,-4722
140.335570469799,16.0402684563758,-4781
140.402684563758,16.0402684563758,-4942
140.469798657718,16.0402684563758,-4870
140.536912751678,16.0402684563758,-4837
140.604026845638,16.0402684563758,-4814
140.671140939597,16.0402684563758,-4794
140.738255033557,16.0402684563758,-4735
140.805369127517,16.0402684563758,-4773
140.872483221477,16.0402684563758,-4789
140.939597315436,16.0402684563758,-4740
141.006711409396,16.0402684563758,-4645
141.073825503356,16.0402684563758,-4652
141.140939597315,16.0402684563758,-4736
141.208053691275,16.0402684563758,-4721
141.275167785235,16.0402684563758,-4690
141.342281879195,16.0402684563758,-4696
141.409395973154,16.0402684563758,-4660
141.476510067114,16.0402684563758,-4614
141.543624161074,16.0402684563758,-4602
141.610738255034,16.0402684563758,-4636
141.677852348993,16.0402684563758,-4654
141.744966442953,16.0402684563758,-4614
141.812080536913,16.0402684563758,-4512
141.879194630872,16.0402684563758,-4535
141.946308724832,16.0402684563758,-4517
142.013422818792,16.0402684563758,-4396
142.080536912752,16.0402684563758,-4350
142.147651006711,16.0402684563758,-4325
142.214765100671,16.0402684563758,-4267
142.281879194631,16.0402684563758,-4202
142.348993288591,16.0402684563758,-4135
142.41610738255,16.0402684563758,-3942
142.48322147651,16.0402684563758,-3832
142.55033557047,16.0402684563758,-3746
142.61744966443,16.0402684563758,-3679
142.684563758389,16.0402684563758,-3452
142.751677852349,16.0402684563758,-2841
142.818791946309,16.0402684563758,-2659
142.885906040268,16.0402684563758,-2584
142.953020134228,16.0402684563758,-2695
143.020134228188,16.0402684563758,-2536
143.087248322148,16.0402684563758,-2361
143.154362416107,16.0402684563758,-2274
143.221476510067,16.0402684563758,-2224
143.288590604027,16.0402684563758,-2139
143.355704697987,16.0402684563758,-2160
143.422818791946,16.0402684563758,-3213
143.489932885906,16.0402684563758,-4134
143.557046979866,16.0402684563758,-4235
143.624161073825,16.0402684563758,-4258
143.691275167785,16.0402684563758,-4045
143.758389261745,16.0402684563758,-3757
143.825503355705,16.0402684563758,-3768
143.892617449664,16.0402684563758,-3892
143.959731543624,16.0402684563758,-3786
144.026845637584,16.0402684563758,-3661
144.093959731544,16.0402684563758,-3939
144.161073825503,16.0402684563758,-4005
144.228187919463,16.0402684563758,-3868
144.295302013423,16.0402684563758,-3878
144.362416107383,16.0402684563758,-4043
144.429530201342,16.0402684563758,-4017
144.496644295302,16.0402684563758,-3933
144.563758389262,16.0402684563758,-3784
144.630872483221,16.0402684563758,-3475
144.697986577181,16.0402684563758,-3916
144.765100671141,16.0402684563758,-3757
144.832214765101,16.0402684563758,-3292
144.89932885906,16.0402684563758,-3076
144.96644295302,16.0402684563758,-2877
145.03355704698,16.0402684563758,-3442
145.10067114094,16.0402684563758,-3694
145.167785234899,16.0402684563758,-3695
145.234899328859,16.0402684563758,-3548
145.302013422819,16.0402684563758,-3060
145.369127516779,16.0402684563758,-2432
145.436241610738,16.0402684563758,-2177
145.503355704698,16.0402684563758,-2512
145.570469798658,16.0402684563758,-2212
145.637583892617,16.0402684563758,-1639
145.704697986577,16.0402684563758,-1555
145.771812080537,16.0402684563758,-1703
145.838926174497,16.0402684563758,-1304
145.906040268456,16.0402684563758,-469
145.973154362416,16.0402684563758,-41
146.040268456376,16.0402684563758,-2
146.107382550336,16.0402684563758,-191
146.174496644295,16.0402684563758,-1702
146.241610738255,16.0402684563758,-2624
146.308724832215,16.0402684563758,-3110
146.375838926175,16.0402684563758,-3547
146.442953020134,16.0402684563758,-3987
146.510067114094,16.0402684563758,-4218
146.577181208054,16.0402684563758,-4407
146.644295302013,16.0402684563758,-4693
146.711409395973,16.0402684563758,-4737
146.778523489933,16.0402684563758,-4871
146.845637583893,16.0402684563758,-5292
146.912751677852,16.0402684563758,-5563
146.979865771812,16.0402684563758,-5556
147.046979865772,16.0402684563758,-4900
147.114093959732,16.0402684563758,-3934
147.181208053691,16.0402684563758,-4304
147.248322147651,16.0402684563758,-4473
147.315436241611,16.0402684563758,-4407
147.38255033557,16.0402684563758,-4580
147.44966442953,16.0402684563758,-4563
147.51677852349,16.0402684563758,-4311
147.58389261745,16.0402684563758,-4318
147.651006711409,16.0402684563758,-4688
147.718120805369,16.0402684563758,-5526
147.785234899329,16.0402684563758,-5568
147.852348993289,16.0402684563758,-4899
147.919463087248,16.0402684563758,-4867
147.986577181208,16.0402684563758,-5081
148.053691275168,16.0402684563758,-5030
148.120805369128,16.0402684563758,-4969
148.187919463087,16.0402684563758,-4464
148.255033557047,16.0402684563758,-3709
148.322147651007,16.0402684563758,-2740
148.389261744966,16.0402684563758,-2230
148.456375838926,16.0402684563758,-2215
148.523489932886,16.0402684563758,-3053
148.590604026846,16.0402684563758,-3930
148.657718120805,16.0402684563758,-4677
148.724832214765,16.0402684563758,-4908
148.791946308725,16.0402684563758,-4841
148.859060402685,16.0402684563758,-4179
148.926174496644,16.0402684563758,-3620
148.993288590604,16.0402684563758,-4042
149.060402684564,16.0402684563758,-4878
149.127516778523,16.0402684563758,-5023
149.194630872483,16.0402684563758,-5103
149.261744966443,16.0402684563758,-5279
149.328859060403,16.0402684563758,-5334
149.395973154362,16.0402684563758,-5490
149.463087248322,16.0402684563758,-5065
149.530201342282,16.0402684563758,-4065
149.597315436242,16.0402684563758,-3893
149.664429530201,16.0402684563758,-4818
149.731543624161,16.0402684563758,-5585
149.798657718121,16.0402684563758,-5721
149.865771812081,16.0402684563758,-5665
149.93288590604,16.0402684563758,-5649
150,16.0402684563758,-5655
140,15.9731543624161,-4856
140.06711409396,15.9731543624161,-4696
140.134228187919,15.9731543624161,-4707
140.201342281879,15.9731543624161,-4730
140.268456375839,15.9731543624161,-4719
140.335570469799,15.9731543624161,-4858
140.402684563758,15.9731543624161,-4947
140.469798657718,15.9731543624161,-4913
140.536912751678,15.9731543624161,-4923
140.604026845638,15.9731543624161,-4899
140.671140939597,15.9731543624161,-4839
140.738255033557,15.9731543624161,-4833
140.805369127517,15.9731543624161,-4825
140.872483221477,15.9731543624161,-4777
140.939597315436,15.9731543624161,-4736
141.006711409396,15.9731543624161,-4711
141.073825503356,15.9731543624161,-4750
141.140939597315,15.9731543624161,-4778
141.208053691275,15.9731543624161,-4740
141.275167785235,15.9731543624161,-4711
141.342281879195,15.9731543624161,-4723
141.409395973154,15.9731543624161,-4734
141.476510067114,15.9731543624161,-4652
141.543624161074,15.9731543624161,-4585
141.610738255034,15.9731543624161,-4593
141.677852348993,15.9731543624161,-4654
141.744966442953,15.9731543624161,-4664
141.812080536913,15.9731543624161,-4579
141.879194630872,15.9731543624161,-4590
141.946308724832,15.9731543624161,-4559
142.013422818792,15.9731543624161,-4417
142.080536912752,15.9731543624161,-4375
142.147651006711,15.9731543624161,-4338
142.214765100671,15.9731543624161,-4273
142.281879194631,15.9731543624161,-4204
142.348993288591,15.9731543624161,-4130
142.41610738255,15.9731543624161,-4000
142.48322147651,15.9731543624161,-3913
142.55033557047,15.9731543624161,-3844
142.61744966443,15.9731543624161,-3734
142.684563758389,15.9731543624161,-3522
142.751677852349,15.9731543624161,-3332
142.818791946309,15.9731543624161,-3035
142.885906040268,15.9731543624161,-2432
142.953020134228,15.9731543624161,-2680
143.020134228188,15.9731543624161,-2567
143.087248322148,15.9731543624161,-2531
143.154362416107,15.9731543624161,-2475
143.221476510067,15.9731543624161,-2499
143.288590604027,15.9731543624161,-2439
143.355704697987,15.9731543624161,-2353
143.422818791946,15.9731543624161,-3493
143.489932885906,15.9731543624161,-4293
143.557046979866,15.9731543624161,-4263
143.624161073825,15.9731543624161,-4219
143.691275167785,15.9731543624161,-3833
143.758389261745,15.9731543624161,-3487
143.825503355705,15.9731543624161,-3680
143.892617449664,15.9731543624161,-3700
143.959731543624,15.9731543624161,-3681
144.026845637584,15.9731543624161,-4062
144.093959731544,15.9731543624161,-4247
144.161073825503,15.9731543624161,-3865
144.228187919463,15.9731543624161,-3621
144.295302013423,15.9731543624161,-3810
144.362416107383,15.9731543624161,-3876
144.429530201342,15.9731543624161,-3841
144.496644295302,15.9731543624161,-3806
144.563758389262,15.9731543624161,-3765
144.630872483221,15.9731543624161,-3573
144.697986577181,15.9731543624161,-3958
144.765100671141,15.9731543624161,-3669
144.832214765101,15.9731543624161,-3550
144.89932885906,15.9731543624161,-3269
144.96644295302,15.9731543624161,-2769
145.03355704698,15.9731543624161,-3662
145.10067114094,15.9731543624161,-3690
145.167785234899,15.9731543624161,-3678
145.234899328859,15.9731543624161,-3568
145.302013422819,15.9731543624161,-2949
145.369127516779,15.9731543624161,-1848
145.436241610738,15.9731543624161,-1581
145.503355704698,15.9731543624161,-2154
145.570469798658,15.9731543624161,-1656
145.637583892617,15.9731543624161,-652
145.704697986577,15.9731543624161,-611
145.771812080537,15.9731543624161,-1308
145.838926174497,15.9731543624161,-1344
145.906040268456,15.9731543624161,-928
145.973154362416,15.9731543624161,-220
146.040268456376,15.9731543624161,-87
146.107382550336,15.9731543624161,-813
146.174496644295,15.9731543624161,-2017
146.241610738255,15.9731543624161,-2720
146.308724832215,15.9731543624161,-3246
146.375838926175,15.9731543624161,-3653
146.442953020134,15.9731543624161,-4069
146.510067114094,15.9731543624161,-4277
146.577181208054,15.9731543624161,-4485
146.644295302013,15.9731543624161,-4744
146.711409395973,15.9731543624161,-4799
146.778523489933,15.9731543624161,-4849
146.845637583893,15.9731543624161,-5315
146.912751677852,15.9731543624161,-5553
146.979865771812,15.9731543624161,-5510
147.046979865772,15.9731543624161,-5211
147.114093959732,15.9731543624161,-4700
147.181208053691,15.9731543624161,-4684
147.248322147651,15.9731543624161,-4548
147.315436241611,15.9731543624161,-4417
147.38255033557,15.9731543624161,-4499
147.44966442953,15.9731543624161,-4527
147.51677852349,15.9731543624161,-4591
147.58389261745,15.9731543624161,-4758
147.651006711409,15.9731543624161,-5027
147.718120805369,15.9731543624161,-5918
147.785234899329,15.9731543624161,-5659
147.852348993289,15.9731543624161,-5061
147.919463087248,15.9731543624161,-5289
147.986577181208,15.9731543624161,-5606
148.053691275168,15.9731543624161,-5569
148.120805369128,15.9731543624161,-5421
148.187919463087,15.9731543624161,-5116
148.255033557047,15.9731543624161,-3989
148.322147651007,15.9731543624161,-2731
148.389261744966,15.9731543624161,-2355
148.456375838926,15.9731543624161,-2415
148.523489932886,15.9731543624161,-2646
148.590604026846,15.9731543624161,-3072
148.657718120805,15.9731543624161,-3409
148.724832214765,15.9731543624161,-3586
148.791946308725,15.9731543624161,-3690
148.859060402685,15.9731543624161,-3263
148.926174496644,15.9731543624161,-2622
148.993288590604,15.9731543624161,-2864
149.060402684564,15.9731543624161,-3673
149.127516778523,15.9731543624161,-4064
149.194630872483,15.9731543624161,-4517
149.261744966443,15.9731543624161,-5077
149.328859060403,15.9731543624161,-5307
149.395973154362,15.9731543624161,-5398
149.463087248322,15.9731543624161,-5035
149.530201342282,15.9731543624161,-4175
149.597315436242,15.9731543624161,-4018
149.664429530201,15.9731543624161,-4854
149.731543624161,15.9731543624161,-5573
149.798657718121,15.9731543624161,-5711
149.865771812081,15.9731543624161,-5652
149.93288590604,15.9731543624161,-5629
150,15.9731543624161,-5641
140,15.9060402684564,-5066
140.06711409396,15.9060402684564,-4864
140.134228187919,15.9060402684564,-4761
140.201342281879,15.9060402684564,-4802
140.268456375839,15.9060402684564,-4811
140.335570469799,15.9060402684564,-4918
140.402684563758,15.9060402684564,-4944
140.469798657718,15.9060402684564,-4898
140.536912751678,15.9060402684564,-4942
140.604026845638,15.9060402684564,-4911
140.671140939597,15.9060402684564,-4889
140.738255033557,15.9060402684564,-4900
140.805369127517,15.9060402684564,-4874
140.872483221477,15.9060402684564,-4764
140.939597315436,15.9060402684564,-4745
141.006711409396,15.9060402684564,-4876
141.073825503356,15.9060402684564,-4904
141.140939597315,15.9060402684564,-4810
141.208053691275,15.9060402684564,-4720
141.275167785235,15.9060402684564,-4678
141.342281879195,15.9060402684564,-4654
141.409395973154,15.9060402684564,-4705
141.476510067114,15.9060402684564,-4672
141.543624161074,15.9060402684564,-4604
141.610738255034,15.9060402684564,-4557
141.677852348993,15.9060402684564,-4619
141.744966442953,15.9060402684564,-4676
141.812080536913,15.9060402684564,-4606
141.879194630872,15.9060402684564,-4590
141.946308724832,15.9060402684564,-4536
142.013422818792,15.9060402684564,-4414
142.080536912752,15.9060402684564,-4372
142.147651006711,15.9060402684564,-4332
142.214765100671,15.9060402684564,-4257
142.281879194631,15.9060402684564,-4197
142.348993288591,15.9060402684564,-4133
142.41610738255,15.9060402684564,-4032
142.48322147651,15.9060402684564,-3950
142.55033557047,15.9060402684564,-3875
142.61744966443,15.9060402684564,-3754
142.684563758389,15.9060402684564,-3546
142.751677852349,15.9060402684564,-3402
142.818791946309,15.9060402684564,-3202
142.885906040268,15.9060402684564,-2902
142.953020134228,15.9060402684564,-2953
143.020134228188,15.9060402684564,-2817
143.087248322148,15.9060402684564,-2723
143.154362416107,15.9060402684564,-2589
143.221476510067,15.9060402684564,-2753
143.288590604027,15.9060402684564,-2589
143.355704697987,15.9060402684564,-2701
143.422818791946,15.9060402684564,-3215
143.489932885906,15.9060402684564,-4344
143.557046979866,15.9060402684564,-4111
143.624161073825,15.9060402684564,-3703
143.691275167785,15.9060402684564,-3491
143.758389261745,15.9060402684564,-3431
143.825503355705,15.9060402684564,-3643
143.892617449664,15.9060402684564,-3900
143.959731543624,15.9060402684564,-4088
144.026845637584,15.9060402684564,-4291
144.093959731544,15.9060402684564,-4080
144.161073825503,15.9060402684564,-3789
144.228187919463,15.9060402684564,-3532
144.295302013423,15.9060402684564,-3697
144.362416107383,15.9060402684564,-3836
144.429530201342,15.9060402684564,-3595
144.496644295302,15.9060402684564,-3602
144.563758389262,15.9060402684564,-3738
144.630872483221,15.9060402684564,-3360
144.697986577181,15.9060402684564,-3594
144.765100671141,15.9060402684564,-3551
144.832214765101,15.9060402684564,-3801
144.89932885906,15.9060402684564,-3441
144.96644295302,15.9060402684564,-3050
145.03355704698,15.9060402684564,-3637
145.10067114094,15.9060402684564,-3684
145.167785234899,15.9060402684564,-3701
145.234899328859,15.9060402684564,-3613
145.302013422819,15.9060402684564,-3173
145.369127516779,15.9060402684564,-2499
145.436241610738,15.9060402684564,-2533
145.503355704698,15.9060402684564,-2630
145.570469798658,15.9060402684564,-1833
145.637583892617,15.9060402684564,-1091
145.704697986577,15.9060402684564,-1284
145.771812080537,15.9060402684564,-1519
145.838926174497,15.9060402684564,-1296
145.906040268456,15.9060402684564,-1047
145.973154362416,15.9060402684564,-258
146.040268456376,15.9060402684564,-388
146.107382550336,15.9060402684564,-1508
146.174496644295,15.9060402684564,-2141
146.241610738255,15.9060402684564,-2785
146.308724832215,15.9060402684564,-3292
146.375838926175,15.9060402684564,-3749
146.442953020134,15.9060402684564,-4071
146.510067114094,15.9060402684564,-4329
146.577181208054,15.9060402684564,-4647
146.644295302013,15.9060402684564,-4949
146.711409395973,15.9060402684564,-5024
146.778523489933,15.9060402684564,-5061
146.845637583893,15.9060402684564,-5243
146.912751677852,15.9060402684564,-5313
146.979865771812,15.9060402684564,-5368
147.046979865772,15.9060402684564,-5388
147.114093959732,15.9060402684564,-5268
147.181208053691,15.9060402684564,-4975
147.248322147651,15.9060402684564,-4588
147.315436241611,15.9060402684564,-4328
147.38255033557,15.9060402684564,-4189
147.44966442953,15.9060402684564,-4222
147.51677852349,15.9060402684564,-4699
147.58389261745,15.9060402684564,-5153
147.651006711409,15.9060402684564,-5622
147.718120805369,15.9060402684564,-6609
147.785234899329,15.9060402684564,-6154
147.852348993289,15.9060402684564,-5565
147.919463087248,15.9060402684564,-5669
147.986577181208,15.9060402684564,-6077
148.053691275168,15.9060402684564,-6045
148.120805369128,15.9060402684564,-5814
148.187919463087,15.9060402684564,-5657
148.255033557047,15.9060402684564,-4746
148.322147651007,15.9060402684564,-3115
148.389261744966,15.9060402684564,-2960
148.456375838926,15.9060402684564,-3401
148.523489932886,15.9060402684564,-3482
148.590604026846,15.9060402684564,-3088
148.657718120805,15.9060402684564,-2501
148.724832214765,15.9060402684564,-2082
148.791946308725,15.9060402684564,-1958
148.859060402685,15.9060402684564,-2094
148.926174496644,15.9060402684564,-2069
148.993288590604,15.9060402684564,-2151
149.060402684564,15.9060402684564,-2745
149.127516778523,15.9060402684564,-3297
149.194630872483,15.9060402684564,-3954
149.261744966443,15.9060402684564,-4621
149.328859060403,15.9060402684564,-4998
149.395973154362,15.9060402684564,-5058
149.463087248322,15.9060402684564,-4949
149.530201342282,15.9060402684564,-4636
149.597315436242,15.9060402684564,-4758
149.664429530201,15.9060402684564,-5339
149.731543624161,15.9060402684564,-5676
149.798657718121,15.9060402684564,-5622
149.865771812081,15.9060402684564,-5574
149.93288590604,15.9060402684564,-5617
150,15.9060402684564,-5612
140,15.8389261744966,-4778
140.06711409396,15.8389261744966,-4922
140.134228187919,15.8389261744966,-4709
140.201342281879,15.8389261744966,-4719
140.268456375839,15.8389261744966,-4820
140.335570469799,15.8389261744966,-4917
140.402684563758,15.8389261744966,-4891
140.469798657718,15.8389261744966,-4871
140.536912751678,15.8389261744966,-4986
140.604026845638,15.8389261744966,-4929
140.671140939597,15.8389261744966,-4905
140.738255033557,15.8389261744966,-4903
140.805369127517,15.8389261744966,-4874
140.872483221477,15.8389261744966,-4721
140.939597315436,15.8389261744966,-4776
141.006711409396,15.8389261744966,-4839
141.073825503356,15.8389261744966,-4843
141.140939597315,15.8389261744966,-4762
141.208053691275,15.8389261744966,-4684
141.275167785235,15.8389261744966,-4640
141.342281879195,15.8389261744966,-4576
141.409395973154,15.8389261744966,-4606
141.476510067114,15.8389261744966,-4659
141.543624161074,15.8389261744966,-4630
141.610738255034,15.8389261744966,-4574
141.677852348993,15.8389261744966,-4610
141.744966442953,15.8389261744966,-4658
141.812080536913,15.8389261744966,-4618
141.879194630872,15.8389261744966,-4570
141.946308724832,15.8389261744966,-4474
142.013422818792,15.8389261744966,-4399
142.080536912752,15.8389261744966,-4357
142.147651006711,15.8389261744966,-4314
142.214765100671,15.8389261744966,-4267
142.281879194631,15.8389261744966,-4205
142.348993288591,15.8389261744966,-4174
142.41610738255,15.8389261744966,-4094
142.48322147651,15.8389261744966,-3996
142.55033557047,15.8389261744966,-3936
142.61744966443,15.8389261744966,-3757
142.684563758389,15.8389261744966,-3495
142.751677852349,15.8389261744966,-3345
142.818791946309,15.8389261744966,-3273
142.885906040268,15.8389261744966,-3177
142.953020134228,15.8389261744966,-3119
143.020134228188,15.8389261744966,-2978
143.087248322148,15.8389261744966,-2903
143.154362416107,15.8389261744966,-2952
143.221476510067,15.8389261744966,-3035
143.288590604027,15.8389261744966,-2803
143.355704697987,15.8389261744966,-3191
143.422818791946,15.8389261744966,-3475
143.489932885906,15.8389261744966,-4166
143.557046979866,15.8389261744966,-4063
143.624161073825,15.8389261744966,-3532
143.691275167785,15.8389261744966,-3353
143.758389261745,15.8389261744966,-3585
143.825503355705,15.8389261744966,-3992
143.892617449664,15.8389261744966,-4317
143.959731543624,15.8389261744966,-4200
144.026845637584,15.8389261744966,-4082
144.093959731544,15.8389261744966,-4005
144.161073825503,15.8389261744966,-3674
144.228187919463,15.8389261744966,-3457
144.295302013423,15.8389261744966,-3471
144.362416107383,15.8389261744966,-3685
144.429530201342,15.8389261744966,-3405
144.496644295302,15.8389261744966,-3358
144.563758389262,15.8389261744966,-3505
144.630872483221,15.8389261744966,-3257
144.697986577181,15.8389261744966,-3167
144.765100671141,15.8389261744966,-3676
144.832214765101,15.8389261744966,-4005
144.89932885906,15.8389261744966,-3548
144.96644295302,15.8389261744966,-3490
145.03355704698,15.8389261744966,-3832
145.10067114094,15.8389261744966,-3651
145.167785234899,15.8389261744966,-3641
145.234899328859,15.8389261744966,-3546
145.302013422819,15.8389261744966,-3373
145.369127516779,15.8389261744966,-3147
145.436241610738,15.8389261744966,-3036
145.503355704698,15.8389261744966,-2901
145.570469798658,15.8389261744966,-2304
145.637583892617,15.8389261744966,-2055
145.704697986577,15.8389261744966,-1982
145.771812080537,15.8389261744966,-1793
145.838926174497,15.8389261744966,-1489
145.906040268456,15.8389261744966,-1274
145.973154362416,15.8389261744966,-561
146.040268456376,15.8389261744966,-676
146.107382550336,15.8389261744966,-1857
146.174496644295,15.8389261744966,-2402
146.241610738255,15.8389261744966,-2879
146.308724832215,15.8389261744966,-3388
146.375838926175,15.8389261744966,-3795
146.442953020134,15.8389261744966,-4096
146.510067114094,15.8389261744966,-4384
146.577181208054,15.8389261744966,-4727
146.644295302013,15.8389261744966,-4962
146.711409395973,15.8389261744966,-5218
146.778523489933,15.8389261744966,-5327
146.845637583893,15.8389261744966,-5271
146.912751677852,15.8389261744966,-5302
146.979865771812,15.8389261744966,-5507
147.046979865772,15.8389261744966,-5516
147.114093959732,15.8389261744966,-5121
147.181208053691,15.8389261744966,-4580
147.248322147651,15.8389261744966,-4271
147.315436241611,15.8389261744966,-4182
147.38255033557,15.8389261744966,-4085
147.44966442953,15.8389261744966,-4109
147.51677852349,15.8389261744966,-4582
147.58389261745,15.8389261744966,-5334
147.651006711409,15.8389261744966,-6145
147.718120805369,15.8389261744966,-6969
147.785234899329,15.8389261744966,-6367
147.852348993289,15.8389261744966,-5858
147.919463087248,15.8389261744966,-5996
147.986577181208,15.8389261744966,-6285
148.053691275168,15.8389261744966,-6190
148.120805369128,15.8389261744966,-5985
148.187919463087,15.8389261744966,-5730
148.255033557047,15.8389261744966,-4871
148.322147651007,15.8389261744966,-3672
148.389261744966,15.8389261744966,-3857
148.456375838926,15.8389261744966,-4223
148.523489932886,15.8389261744966,-4269
148.590604026846,15.8389261744966,-3715
148.657718120805,15.8389261744966,-2812
148.724832214765,15.8389261744966,-1939
148.791946308725,15.8389261744966,-1634
148.859060402685,15.8389261744966,-1697
148.926174496644,15.8389261744966,-2146
148.993288590604,15.8389261744966,-2609
149.060402684564,15.8389261744966,-3325
149.127516778523,15.8389261744966,-4025
149.194630872483,15.8389261744966,-4291
149.261744966443,15.8389261744966,-4533
149.328859060403,15.8389261744966,-4879
149.395973154362,15.8389261744966,-5064
149.463087248322,15.8389261744966,-5185
149.530201342282,15.8389261744966,-5164
149.597315436242,15.8389261744966,-5358
149.664429530201,15.8389261744966,-5691
149.731543624161,15.8389261744966,-5740
149.798657718121,15.8389261744966,-5560
149.865771812081,15.8389261744966,-5541
149.93288590604,15.8389261744966,-5623
150,15.8389261744966,-5620
140,15.7718120805369,-4534
140.06711409396,15.7718120805369,-5045
140.134228187919,15.7718120805369,-4847
140.201342281879,15.7718120805369,-4804
140.268456375839,15.7718120805369,-4923
140.335570469799,15.7718120805369,-4962
140.402684563758,15.7718120805369,-4939
140.469798657718,15.7718120805369,-4906
140.536912751678,15.7718120805369,-4978
140.604026845638,15.7718120805369,-4984
140.671140939597,15.7718120805369,-4921
140.738255033557,15.7718120805369,-4901
140.805369127517,15.7718120805369,-4867
140.872483221477,15.7718120805369,-4796
140.939597315436,15.7718120805369,-4825
141.006711409396,15.7718120805369,-4823
141.073825503356,15.7718120805369,-4797
141.140939597315,15.7718120805369,-4757
141.208053691275,15.7718120805369,-4662
141.275167785235,15.7718120805369,-4645
141.342281879195,15.7718120805369,-4612
141.409395973154,15.7718120805369,-4611
141.476510067114,15.7718120805369,-4651
141.543624161074,15.7718120805369,-4611
141.610738255034,15.7718120805369,-4584
141.677852348993,15.7718120805369,-4594
141.744966442953,15.7718120805369,-4603
141.812080536913,15.7718120805369,-4593
141.879194630872,15.7718120805369,-4542
141.946308724832,15.7718120805369,-4407
142.013422818792,15.7718120805369,-4394
142.080536912752,15.7718120805369,-4390
142.147651006711,15.7718120805369,-4342
142.214765100671,15.7718120805369,-4272
142.281879194631,15.7718120805369,-4071
142.348993288591,15.7718120805369,-4120
142.41610738255,15.7718120805369,-4117
142.48322147651,15.7718120805369,-4043
142.55033557047,15.7718120805369,-3958
142.61744966443,15.7718120805369,-3686
142.684563758389,15.7718120805369,-3369
142.751677852349,15.7718120805369,-3168
142.818791946309,15.7718120805369,-3143
142.885906040268,15.7718120805369,-3131
142.953020134228,15.7718120805369,-3034
143.020134228188,15.7718120805369,-2983
143.087248322148,15.7718120805369,-2857
143.154362416107,15.7718120805369,-3112
143.221476510067,15.7718120805369,-3176
143.288590604027,15.7718120805369,-3081
143.355704697987,15.7718120805369,-3202
143.422818791946,15.7718120805369,-3461
143.489932885906,15.7718120805369,-3816
143.557046979866,15.7718120805369,-3559
143.624161073825,15.7718120805369,-3208
143.691275167785,15.7718120805369,-3448
143.758389261745,15.7718120805369,-3799
143.825503355705,15.7718120805369,-4284
143.892617449664,15.7718120805369,-4495
143.959731543624,15.7718120805369,-4169
144.026845637584,15.7718120805369,-3809
144.093959731544,15.7718120805369,-4170
144.161073825503,15.7718120805369,-3794
144.228187919463,15.7718120805369,-3667
144.295302013423,15.7718120805369,-3466
144.362416107383,15.7718120805369,-3509
144.429530201342,15.7718120805369,-3504
144.496644295302,15.7718120805369,-3327
144.563758389262,15.7718120805369,-3603
144.630872483221,15.7718120805369,-3961
144.697986577181,15.7718120805369,-4263
144.765100671141,15.7718120805369,-4159
144.832214765101,15.7718120805369,-3978
144.89932885906,15.7718120805369,-3165
144.96644295302,15.7718120805369,-3547
145.03355704698,15.7718120805369,-3625
145.10067114094,15.7718120805369,-3660
145.167785234899,15.7718120805369,-3582
145.234899328859,15.7718120805369,-3455
145.302013422819,15.7718120805369,-3347
145.369127516779,15.7718120805369,-3196
145.436241610738,15.7718120805369,-3009
145.503355704698,15.7718120805369,-2827
145.570469798658,15.7718120805369,-2237
145.637583892617,15.7718120805369,-1950
145.704697986577,15.7718120805369,-2163
145.771812080537,15.7718120805369,-1823
145.838926174497,15.7718120805369,-1403
145.906040268456,15.7718120805369,-1405
145.973154362416,15.7718120805369,-1158
146.040268456376,15.7718120805369,-1246
146.107382550336,15.7718120805369,-1937
146.174496644295,15.7718120805369,-2492
146.241610738255,15.7718120805369,-3004
146.308724832215,15.7718120805369,-3454
146.375838926175,15.7718120805369,-3837
146.442953020134,15.7718120805369,-4127
146.510067114094,15.7718120805369,-4421
146.577181208054,15.7718120805369,-4794
146.644295302013,15.7718120805369,-5056
146.711409395973,15.7718120805369,-5418
146.778523489933,15.7718120805369,-5565
146.845637583893,15.7718120805369,-5566
146.912751677852,15.7718120805369,-5506
146.979865771812,15.7718120805369,-5482
147.046979865772,15.7718120805369,-5286
147.114093959732,15.7718120805369,-4613
147.181208053691,15.7718120805369,-3860
147.248322147651,15.7718120805369,-3835
147.315436241611,15.7718120805369,-4124
147.38255033557,15.7718120805369,-4188
147.44966442953,15.7718120805369,-4106
147.51677852349,15.7718120805369,-4474
147.58389261745,15.7718120805369,-5325
147.651006711409,15.7718120805369,-6615
147.718120805369,15.7718120805369,-7215
147.785234899329,15.7718120805369,-6680
147.852348993289,15.7718120805369,-6107
147.919463087248,15.7718120805369,-6293
147.986577181208,15.7718120805369,-6203
148.053691275168,15.7718120805369,-6068
148.120805369128,15.7718120805369,-5902
148.187919463087,15.7718120805369,-5541
148.255033557047,15.7718120805369,-4699
148.322147651007,15.7718120805369,-4070
148.389261744966,15.7718120805369,-4175
148.456375838926,15.7718120805369,-4380
148.523489932886,15.7718120805369,-4385
148.590604026846,15.7718120805369,-4188
148.657718120805,15.7718120805369,-3715
148.724832214765,15.7718120805369,-2872
148.791946308725,15.7718120805369,-2516
148.859060402685,15.7718120805369,-2870
148.926174496644,15.7718120805369,-3562
148.993288590604,15.7718120805369,-4163
149.060402684564,15.7718120805369,-4511
149.127516778523,15.7718120805369,-4683
149.194630872483,15.7718120805369,-4631
149.261744966443,15.7718120805369,-4678
149.328859060403,15.7718120805369,-5269
149.395973154362,15.7718120805369,-5618
149.463087248322,15.7718120805369,-5747
149.530201342282,15.7718120805369,-5745
149.597315436242,15.7718120805369,-5646
149.664429530201,15.7718120805369,-5650
149.731543624161,15.7718120805369,-5699
149.798657718121,15.7718120805369,-5610
149.865771812081,15.7718120805369,-5576
149.93288590604,15.7718120805369,-5598
150,15.7718120805369,-5615
140,15.7046979865772,-4650
140.06711409396,15.7046979865772,-4877
140.134228187919,15.7046979865772,-4954
140.201342281879,15.7046979865772,-4941
140.268456375839,15.7046979865772,-4993
140.335570469799,15.7046979865772,-4959
140.402684563758,15.7046979865772,-4925
140.469798657718,15.7046979865772,-4935
140.536912751678,15.7046979865772,-5006
140.604026845638,15.7046979865772,-4975
140.671140939597,15.7046979865772,-4904
140.738255033557,15.7046979865772,-4854
140.805369127517,15.7046979865772,-4823
140.872483221477,15.7046979865772,-4831
140.939597315436,15.7046979865772,-4850
141.006711409396,15.7046979865772,-4839
141.073825503356,15.7046979865772,-4796
141.140939597315,15.7046979865772,-4757
141.208053691275,15.7046979865772,-4681
141.275167785235,15.7046979865772,-4664
141.342281879195,15.7046979865772,-4645
141.409395973154,15.7046979865772,-4614
141.476510067114,15.7046979865772,-4600
141.543624161074,15.7046979865772,-4577
141.610738255034,15.7046979865772,-4578
141.677852348993,15.7046979865772,-4571
141.744966442953,15.7046979865772,-4581
141.812080536913,15.7046979865772,-4575
141.879194630872,15.7046979865772,-4547
141.946308724832,15.7046979865772,-4492
142.013422818792,15.7046979865772,-4463
142.080536912752,15.7046979865772,-4425
142.147651006711,15.7046979865772,-4284
142.214765100671,15.7046979865772,-3925
142.281879194631,15.7046979865772,-3208
142.348993288591,15.7046979865772,-3972
142.41610738255,15.7046979865772,-4134
142.48322147651,15.7046979865772,-4060
142.55033557047,15.7046979865772,-3950
142.61744966443,15.7046979865772,-3641
142.684563758389,15.7046979865772,-2880
142.751677852349,15.7046979865772,-2546
142.818791946309,15.7046979865772,-2949
142.885906040268,15.7046979865772,-3057
142.953020134228,15.7046979865772,-2934
143.020134228188,15.7046979865772,-2791
143.087248322148,15.7046979865772,-2554
143.154362416107,15.7046979865772,-2792
143.221476510067,15.7046979865772,-3143
143.288590604027,15.7046979865772,-3055
143.355704697987,15.7046979865772,-2847
143.422818791946,15.7046979865772,-3467
143.489932885906,15.7046979865772,-3517
143.557046979866,15.7046979865772,-3081
143.624161073825,15.7046979865772,-3277
143.691275167785,15.7046979865772,-3810
143.758389261745,15.7046979865772,-4089
143.825503355705,15.7046979865772,-4303
143.892617449664,15.7046979865772,-4292
143.959731543624,15.7046979865772,-4189
144.026845637584,15.7046979865772,-4092
144.093959731544,15.7046979865772,-4349
144.161073825503,15.7046979865772,-4237
144.228187919463,15.7046979865772,-3925
144.295302013423,15.7046979865772,-3585
144.362416107383,15.7046979865772,-3835
144.429530201342,15.7046979865772,-4003
144.496644295302,15.7046979865772,-3938
144.563758389262,15.7046979865772,-4189
144.630872483221,15.7046979865772,-4485
144.697986577181,15.7046979865772,-4498
144.765100671141,15.7046979865772,-4195
144.832214765101,15.7046979865772,-3833
144.89932885906,15.7046979865772,-3238
144.96644295302,15.7046979865772,-3450
145.03355704698,15.7046979865772,-3515
145.10067114094,15.7046979865772,-3622
145.167785234899,15.7046979865772,-3501
145.234899328859,15.7046979865772,-3404
145.302013422819,15.7046979865772,-3304
145.369127516779,15.7046979865772,-3178
145.436241610738,15.7046979865772,-2981
145.503355704698,15.7046979865772,-2412
145.570469798658,15.7046979865772,-1665
145.637583892617,15.7046979865772,-2198
145.704697986577,15.7046979865772,-2169
145.771812080537,15.7046979865772,-1575
145.838926174497,15.7046979865772,-1297
145.906040268456,15.7046979865772,-1313
145.973154362416,15.7046979865772,-1200
146.040268456376,15.7046979865772,-1385
146.107382550336,15.7046979865772,-2019
146.174496644295,15.7046979865772,-2573
146.241610738255,15.7046979865772,-3129
146.308724832215,15.7046979865772,-3541
146.375838926175,15.7046979865772,-3886
146.442953020134,15.7046979865772,-4232
146.510067114094,15.7046979865772,-4510
146.577181208054,15.7046979865772,-4822
146.644295302013,15.7046979865772,-5148
146.711409395973,15.7046979865772,-5494
146.778523489933,15.7046979865772,-5669
146.845637583893,15.7046979865772,-5605
146.912751677852,15.7046979865772,-5341
146.979865771812,15.7046979865772,-5043
147.046979865772,15.7046979865772,-4758
147.114093959732,15.7046979865772,-4445
147.181208053691,15.7046979865772,-4114
147.248322147651,15.7046979865772,-4211
147.315436241611,15.7046979865772,-4514
147.38255033557,15.7046979865772,-4564
147.44966442953,15.7046979865772,-4534
147.51677852349,15.7046979865772,-5210
147.58389261745,15.7046979865772,-5985
147.651006711409,15.7046979865772,-7038
147.718120805369,15.7046979865772,-7645
147.785234899329,15.7046979865772,-7143
147.852348993289,15.7046979865772,-6597
147.919463087248,15.7046979865772,-6371
147.986577181208,15.7046979865772,-6051
148.053691275168,15.7046979865772,-5855
148.120805369128,15.7046979865772,-5637
148.187919463087,15.7046979865772,-5301
148.255033557047,15.7046979865772,-4712
148.322147651007,15.7046979865772,-4225
148.389261744966,15.7046979865772,-4247
148.456375838926,15.7046979865772,-4372
148.523489932886,15.7046979865772,-4372
148.590604026846,15.7046979865772,-4364
148.657718120805,15.7046979865772,-4241
148.724832214765,15.7046979865772,-3753
148.791946308725,15.7046979865772,-3635
148.859060402685,15.7046979865772,-4263
148.926174496644,15.7046979865772,-5141
148.993288590604,15.7046979865772,-5650
149.060402684564,15.7046979865772,-5517
149.127516778523,15.7046979865772,-5100
149.194630872483,15.7046979865772,-4679
149.261744966443,15.7046979865772,-4962
149.328859060403,15.7046979865772,-5459
149.395973154362,15.7046979865772,-5672
149.463087248322,15.7046979865772,-5726
149.530201342282,15.7046979865772,-5409
149.597315436242,15.7046979865772,-4802
149.664429530201,15.7046979865772,-4619
149.731543624161,15.7046979865772,-5282
149.798657718121,15.7046979865772,-5583
149.865771812081,15.7046979865772,-5604
149.93288590604,15.7046979865772,-5557
150,15.7046979865772,-5576
140,15.6375838926174,-4951
140.06711409396,15.6375838926174,-4770
140.134228187919,15.6375838926174,-4906
140.201342281879,15.6375838926174,-4952
140.268456375839,15.6375838926174,-4939
140.335570469799,15.6375838926174,-4831
140.402684563758,15.6375838926174,-4842
140.469798657718,15.6375838926174,-4901
140.536912751678,15.6375838926174,-5174
140.604026845638,15.6375838926174,-5076
140.671140939597,15.6375838926174,-4919
140.738255033557,15.6375838926174,-4812
140.805369127517,15.6375838926174,-4808
140.872483221477,15.6375838926174,-4854
140.939597315436,15.6375838926174,-4816
141.006711409396,15.6375838926174,-4769
141.073825503356,15.6375838926174,-4779
141.140939597315,15.6375838926174,-4752
141.208053691275,15.6375838926174,-4713
141.275167785235,15.6375838926174,-4672
141.342281879195,15.6375838926174,-4640
141.409395973154,15.6375838926174,-4631
141.476510067114,15.6375838926174,-4602
141.543624161074,15.6375838926174,-4562
141.610738255034,15.6375838926174,-4529
141.677852348993,15.6375838926174,-4533
141.744966442953,15.6375838926174,-4592
141.812080536913,15.6375838926174,-4561
141.879194630872,15.6375838926174,-4564
141.946308724832,15.6375838926174,-4547
142.013422818792,15.6375838926174,-4440
142.080536912752,15.6375838926174,-4328
142.147651006711,15.6375838926174,-4071
142.214765100671,15.6375838926174,-3597
142.281879194631,15.6375838926174,-3509
142.348993288591,15.6375838926174,-4051
142.41610738255,15.6375838926174,-4147
142.48322147651,15.6375838926174,-4042
142.55033557047,15.6375838926174,-3947
142.61744966443,15.6375838926174,-3677
142.684563758389,15.6375838926174,-2703
142.751677852349,15.6375838926174,-2504
142.818791946309,15.6375838926174,-2916
142.885906040268,15.6375838926174,-3119
142.953020134228,15.6375838926174,-2929
143.020134228188,15.6375838926174,-2545
143.087248322148,15.6375838926174,-2138
143.154362416107,15.6375838926174,-2287
143.221476510067,15.6375838926174,-2832
143.288590604027,15.6375838926174,-2756
143.355704697987,15.6375838926174,-2419
143.422818791946,15.6375838926174,-2911
143.489932885906,15.6375838926174,-3489
143.557046979866,15.6375838926174,-3301
143.624161073825,15.6375838926174,-3639
143.691275167785,15.6375838926174,-3936
143.758389261745,15.6375838926174,-4213
143.825503355705,15.6375838926174,-4258
143.892617449664,15.6375838926174,-4220
143.959731543624,15.6375838926174,-4042
144.026845637584,15.6375838926174,-4065
144.093959731544,15.6375838926174,-4259
144.161073825503,15.6375838926174,-4257
144.228187919463,15.6375838926174,-4115
144.295302013423,15.6375838926174,-4099
144.362416107383,15.6375838926174,-4278
144.429530201342,15.6375838926174,-4226
144.496644295302,15.6375838926174,-4207
144.563758389262,15.6375838926174,-4514
144.630872483221,15.6375838926174,-4539
144.697986577181,15.6375838926174,-4336
144.765100671141,15.6375838926174,-4069
144.832214765101,15.6375838926174,-3764
144.89932885906,15.6375838926174,-3231
144.96644295302,15.6375838926174,-3235
145.03355704698,15.6375838926174,-3443
145.10067114094,15.6375838926174,-3540
145.167785234899,15.6375838926174,-3404
145.234899328859,15.6375838926174,-3345
145.302013422819,15.6375838926174,-3299
145.369127516779,15.6375838926174,-3171
145.436241610738,15.6375838926174,-2889
145.503355704698,15.6375838926174,-1881
145.570469798658,15.6375838926174,-1130
145.637583892617,15.6375838926174,-1956
145.704697986577,15.6375838926174,-1871
145.771812080537,15.6375838926174,-1446
145.838926174497,15.6375838926174,-1393
145.906040268456,15.6375838926174,-1300
145.973154362416,15.6375838926174,-1262
146.040268456376,15.6375838926174,-1541
146.107382550336,15.6375838926174,-2098
146.174496644295,15.6375838926174,-2623
146.241610738255,15.6375838926174,-3175
146.308724832215,15.6375838926174,-3535
146.375838926175,15.6375838926174,-3938
146.442953020134,15.6375838926174,-4253
146.510067114094,15.6375838926174,-4450
146.577181208054,15.6375838926174,-4722
146.644295302013,15.6375838926174,-5102
146.711409395973,15.6375838926174,-5502
146.778523489933,15.6375838926174,-5652
146.845637583893,15.6375838926174,-5435
146.912751677852,15.6375838926174,-4864
146.979865771812,15.6375838926174,-4466
147.046979865772,15.6375838926174,-4338
147.114093959732,15.6375838926174,-4331
147.181208053691,15.6375838926174,-4619
147.248322147651,15.6375838926174,-4859
147.315436241611,15.6375838926174,-5114
147.38255033557,15.6375838926174,-5181
147.44966442953,15.6375838926174,-5229
147.51677852349,15.6375838926174,-5851
147.58389261745,15.6375838926174,-6452
147.651006711409,15.6375838926174,-7125
147.718120805369,15.6375838926174,-7581
147.785234899329,15.6375838926174,-7429
147.852348993289,15.6375838926174,-6982
147.919463087248,15.6375838926174,-6431
147.986577181208,15.6375838926174,-5999
148.053691275168,15.6375838926174,-5690
148.120805369128,15.6375838926174,-5445
148.187919463087,15.6375838926174,-5116
148.255033557047,15.6375838926174,-4369
148.322147651007,15.6375838926174,-3641
148.389261744966,15.6375838926174,-4117
148.456375838926,15.6375838926174,-4359
148.523489932886,15.6375838926174,-4338
148.590604026846,15.6375838926174,-4349
148.657718120805,15.6375838926174,-4369
148.724832214765,15.6375838926174,-4295
148.791946308725,15.6375838926174,-4538
148.859060402685,15.6375838926174,-5337
148.926174496644,15.6375838926174,-6024
148.993288590604,15.6375838926174,-6262
149.060402684564,15.6375838926174,-6111
149.127516778523,15.6375838926174,-5734
149.194630872483,15.6375838926174,-5432
149.261744966443,15.6375838926174,-5558
149.328859060403,15.6375838926174,-5614
149.395973154362,15.6375838926174,-5562
149.463087248322,15.6375838926174,-5274
149.530201342282,15.6375838926174,-4211
149.597315436242,15.6375838926174,-3189
149.664429530201,15.6375838926174,-3071
149.731543624161,15.6375838926174,-4558
149.798657718121,15.6375838926174,-5498
149.865771812081,15.6375838926174,-5679
149.93288590604,15.6375838926174,-5582
150,15.6375838926174,-5584
140,15.5704697986577,-5040
140.06711409396,15.5704697986577,-4945
140.134228187919,15.5704697986577,-4896
140.201342281879,15.5704697986577,-4888
140.268456375839,15.5704697986577,-4758
140.335570469799,15.5704697986577,-4853
140.402684563758,15.5704697986577,-4847
140.469798657718,15.5704697986577,-4989
140.536912751678,15.5704697986577,-5165
140.604026845638,15.5704697986577,-5091
140.671140939597,15.5704697986577,-4951
140.738255033557,15.5704697986577,-4853
140.805369127517,15.5704697986577,-4847
140.872483221477,15.5704697986577,-4901
140.939597315436,15.5704697986577,-4819
141.006711409396,15.5704697986577,-4766
141.073825503356,15.5704697986577,-4787
141.140939597315,15.5704697986577,-4737
141.208053691275,15.5704697986577,-4710
141.275167785235,15.5704697986577,-4700
141.342281879195,15.5704697986577,-4646
141.409395973154,15.5704697986577,-4648
141.476510067114,15.5704697986577,-4601
141.543624161074,15.5704697986577,-4527
141.610738255034,15.5704697986577,-4519
141.677852348993,15.5704697986577,-4545
141.744966442953,15.5704697986577,-4589
141.812080536913,15.5704697986577,-4526
141.879194630872,15.5704697986577,-4523
141.946308724832,15.5704697986577,-4383
142.013422818792,15.5704697986577,-3943
142.080536912752,15.5704697986577,-3827
142.147651006711,15.5704697986577,-4069
142.214765100671,15.5704697986577,-4067
142.281879194631,15.5704697986577,-4057
142.348993288591,15.5704697986577,-4131
142.41610738255,15.5704697986577,-4068
142.48322147651,15.5704697986577,-3998
142.55033557047,15.5704697986577,-4002
142.61744966443,15.5704697986577,-3800
142.684563758389,15.5704697986577,-3449
142.751677852349,15.5704697986577,-3049
142.818791946309,15.5704697986577,-2848
142.885906040268,15.5704697986577,-3033
142.953020134228,15.5704697986577,-2891
143.020134228188,15.5704697986577,-2372
143.087248322148,15.5704697986577,-1769
143.154362416107,15.5704697986577,-1814
143.221476510067,15.5704697986577,-2441
143.288590604027,15.5704697986577,-2444
143.355704697987,15.5704697986577,-2449
143.422818791946,15.5704697986577,-3031
143.489932885906,15.5704697986577,-3757
143.557046979866,15.5704697986577,-3621
143.624161073825,15.5704697986577,-3687
143.691275167785,15.5704697986577,-4005
143.758389261745,15.5704697986577,-4153
143.825503355705,15.5704697986577,-4181
143.892617449664,15.5704697986577,-4286
143.959731543624,15.5704697986577,-4103
144.026845637584,15.5704697986577,-3908
144.093959731544,15.5704697986577,-4010
144.161073825503,15.5704697986577,-4028
144.228187919463,15.5704697986577,-3965
144.295302013423,15.5704697986577,-3998
144.362416107383,15.5704697986577,-4165
144.429530201342,15.5704697986577,-4117
144.496644295302,15.5704697986577,-4122
144.563758389262,15.5704697986577,-4252
144.630872483221,15.5704697986577,-3934
144.697986577181,15.5704697986577,-3644
144.765100671141,15.5704697986577,-3736
144.832214765101,15.5704697986577,-3753
144.89932885906,15.5704697986577,-3298
144.96644295302,15.5704697986577,-3385
145.03355704698,15.5704697986577,-3540
145.10067114094,15.5704697986577,-3499
145.167785234899,15.5704697986577,-3317
145.234899328859,15.5704697986577,-3220
145.302013422819,15.5704697986577,-3171
145.369127516779,15.5704697986577,-3093
145.436241610738,15.5704697986577,-2942
145.503355704698,15.5704697986577,-2495
145.570469798658,15.5704697986577,-2069
145.637583892617,15.5704697986577,-2034
145.704697986577,15.5704697986577,-1447
145.771812080537,15.5704697986577,-1362
145.838926174497,15.5704697986577,-1421
145.906040268456,15.5704697986577,-1146
145.973154362416,15.5704697986577,-1237
146.040268456376,15.5704697986577,-1601
146.107382550336,15.5704697986577,-2131
146.174496644295,15.5704697986577,-2668
146.241610738255,15.5704697986577,-3176
146.308724832215,15.5704697986577,-3506
146.375838926175,15.5704697986577,-3956
146.442953020134,15.5704697986577,-4213
146.510067114094,15.5704697986577,-4480
146.577181208054,15.5704697986577,-4696
146.644295302013,15.5704697986577,-5076
146.711409395973,15.5704697986577,-5451
146.778523489933,15.5704697986577,-5673
146.845637583893,15.5704697986577,-5354
146.912751677852,15.5704697986577,-4545
146.979865771812,15.5704697986577,-4104
147.046979865772,15.5704697986577,-4159
147.114093959732,15.5704697986577,-4287
147.181208053691,15.5704697986577,-4471
147.248322147651,15.5704697986577,-4786
147.315436241611,15.5704697986577,-5199
147.38255033557,15.5704697986577,-5350
147.44966442953,15.5704697986577,-5596
147.51677852349,15.5704697986577,-6140
147.58389261745,15.5704697986577,-6687
147.651006711409,15.5704697986577,-7174
147.718120805369,15.5704697986577,-7435
147.785234899329,15.5704697986577,-7326
147.852348993289,15.5704697986577,-6895
147.919463087248,15.5704697986577,-6277
147.986577181208,15.5704697986577,-5866
148.053691275168,15.5704697986577,-5510
148.120805369128,15.5704697986577,-5247
148.187919463087,15.5704697986577,-4936
148.255033557047,15.5704697986577,-4216
148.322147651007,15.5704697986577,-2811
148.389261744966,15.5704697986577,-3182
148.456375838926,15.5704697986577,-4057
148.523489932886,15.5704697986577,-4200
148.590604026846,15.5704697986577,-4249
148.657718120805,15.5704697986577,-4430
148.724832214765,15.5704697986577,-4798
148.791946308725,15.5704697986577,-5413
148.859060402685,15.5704697986577,-6008
148.926174496644,15.5704697986577,-6215
148.993288590604,15.5704697986577,-6198
149.060402684564,15.5704697986577,-6196
149.127516778523,15.5704697986577,-6085
149.194630872483,15.5704697986577,-5825
149.261744966443,15.5704697986577,-5683
149.328859060403,15.5704697986577,-5602
149.395973154362,15.5704697986577,-5542
149.463087248322,15.5704697986577,-5121
149.530201342282,15.5704697986577,-3718
149.597315436242,15.5704697986577,-2382
149.664429530201,15.5704697986577,-2416
149.731543624161,15.5704697986577,-3967
149.798657718121,15.5704697986577,-5225
149.865771812081,15.5704697986577,-5614
149.93288590604,15.5704697986577,-5647
150,15.5704697986577,-5662
140,15.503355704698,-5032
140.06711409396,15.503355704698,-5095
140.134228187919,15.503355704698,-4936
140.201342281879,15.503355704698,-4698
140.268456375839,15.503355704698,-4602
140.335570469799,15.503355704698,-4916
140.402684563758,15.503355704698,-4911
140.469798657718,15.503355704698,-4912
140.536912751678,15.503355704698,-5012
140.604026845638,15.503355704698,-5006
140.671140939597,15.503355704698,-4905
140.738255033557,15.503355704698,-4823
140.805369127517,15.503355704698,-4881
140.872483221477,15.503355704698,-4954
140.939597315436,15.503355704698,-4796
141.006711409396,15.503355704698,-4725
141.073825503356,15.503355704698,-4795
141.140939597315,15.503355704698,-4736
141.208053691275,15.503355704698,-4720
141.275167785235,15.503355704698,-4733
141.342281879195,15.503355704698,-4646
141.409395973154,15.503355704698,-4609
141.476510067114,15.503355704698,-4586
141.543624161074,15.503355704698,-4561
141.610738255034,15.503355704698,-4536
141.677852348993,15.503355704698,-4553
141.744966442953,15.503355704698,-4611
141.812080536913,15.503355704698,-4564
141.879194630872,15.503355704698,-4516
141.946308724832,15.503355704698,-4277
142.013422818792,15.503355704698,-3691
142.080536912752,15.503355704698,-3682
142.147651006711,15.503355704698,-4263
142.214765100671,15.503355704698,-4425
142.281879194631,15.503355704698,-4260
142.348993288591,15.503355704698,-4117
142.41610738255,15.503355704698,-4030
142.48322147651,15.503355704698,-3925
142.55033557047,15.503355704698,-3881
142.61744966443,15.503355704698,-3777
142.684563758389,15.503355704698,-3643
142.751677852349,15.503355704698,-3083
142.818791946309,15.503355704698,-2641
142.885906040268,15.503355704698,-2979
142.953020134228,15.503355704698,-2735
143.020134228188,15.503355704698,-2101
143.087248322148,15.503355704698,-1512
143.154362416107,15.503355704698,-1727
143.221476510067,15.503355704698,-2587
143.288590604027,15.503355704698,-2847
143.355704697987,15.503355704698,-3068
143.422818791946,15.503355704698,-3606
143.489932885906,15.503355704698,-3998
143.557046979866,15.503355704698,-3597
143.624161073825,15.503355704698,-4118
143.691275167785,15.503355704698,-4429
143.758389261745,15.503355704698,-4083
143.825503355705,15.503355704698,-4233
143.892617449664,15.503355704698,-4248
143.959731543624,15.503355704698,-3956
144.026845637584,15.503355704698,-3655
144.093959731544,15.503355704698,-3709
144.161073825503,15.503355704698,-3770
144.228187919463,15.503355704698,-3640
144.295302013423,15.503355704698,-3528
144.362416107383,15.503355704698,-3615
144.429530201342,15.503355704698,-3970
144.496644295302,15.503355704698,-3950
144.563758389262,15.503355704698,-3562
144.630872483221,15.503355704698,-3283
144.697986577181,15.503355704698,-3050
144.765100671141,15.503355704698,-3572
144.832214765101,15.503355704698,-3592
144.89932885906,15.503355704698,-3373
144.96644295302,15.503355704698,-3538
145.03355704698,15.503355704698,-3564
145.10067114094,15.503355704698,-3439
145.167785234899,15.503355704698,-3246
145.234899328859,15.503355704698,-3084
145.302013422819,15.503355704698,-2930
145.369127516779,15.503355704698,-2807
145.436241610738,15.503355704698,-2620
145.503355704698,15.503355704698,-2709
145.570469798658,15.503355704698,-2282
145.637583892617,15.503355704698,-1741
145.704697986577,15.503355704698,-1372
145.771812080537,15.503355704698,-1178
145.838926174497,15.503355704698,-1018
145.906040268456,15.503355704698,-836
145.973154362416,15.503355704698,-1215
146.040268456376,15.503355704698,-1769
146.107382550336,15.503355704698,-2209
146.174496644295,15.503355704698,-2780
146.241610738255,15.503355704698,-3267
146.308724832215,15.503355704698,-3586
146.375838926175,15.503355704698,-3967
146.442953020134,15.503355704698,-4287
146.510067114094,15.503355704698,-4544
146.577181208054,15.503355704698,-4698
146.644295302013,15.503355704698,-4992
146.711409395973,15.503355704698,-5507
146.778523489933,15.503355704698,-5775
146.845637583893,15.503355704698,-5620
146.912751677852,15.503355704698,-5028
146.979865771812,15.503355704698,-4506
147.046979865772,15.503355704698,-4202
147.114093959732,15.503355704698,-4067
147.181208053691,15.503355704698,-4209
147.248322147651,15.503355704698,-4343
147.315436241611,15.503355704698,-4481
147.38255033557,15.503355704698,-4841
147.44966442953,15.503355704698,-5513
147.51677852349,15.503355704698,-6220
147.58389261745,15.503355704698,-6855
147.651006711409,15.503355704698,-7262
147.718120805369,15.503355704698,-7340
147.785234899329,15.503355704698,-7044
147.852348993289,15.503355704698,-6472
147.919463087248,15.503355704698,-5967
147.986577181208,15.503355704698,-5696
148.053691275168,15.503355704698,-5383
148.120805369128,15.503355704698,-4965
148.187919463087,15.503355704698,-4736
148.255033557047,15.503355704698,-4184
148.322147651007,15.503355704698,-2804
148.389261744966,15.503355704698,-2136
148.456375838926,15.503355704698,-3107
148.523489932886,15.503355704698,-3342
148.590604026846,15.503355704698,-3522
148.657718120805,15.503355704698,-4395
148.724832214765,15.503355704698,-5194
148.791946308725,15.503355704698,-5976
148.859060402685,15.503355704698,-6193
148.926174496644,15.503355704698,-5994
148.993288590604,15.503355704698,-5934
149.060402684564,15.503355704698,-6016
149.127516778523,15.503355704698,-5983
149.194630872483,15.503355704698,-5816
149.261744966443,15.503355704698,-5679
149.328859060403,15.503355704698,-5611
149.395973154362,15.503355704698,-5549
149.463087248322,15.503355704698,-5270
149.530201342282,15.503355704698,-4389
149.597315436242,15.503355704698,-3307
149.664429530201,15.503355704698,-3241
149.731543624161,15.503355704698,-4312
149.798657718121,15.503355704698,-5166
149.865771812081,15.503355704698,-5599
149.93288590604,15.503355704698,-5671
150,15.503355704698,-5680
140,15.4362416107383,-5018
140.06711409396,15.4362416107383,-5218
140.134228187919,15.4362416107383,-5091
140.201342281879,15.4362416107383,-4819
140.268456375839,15.4362416107383,-4764
140.335570469799,15.4362416107383,-4847
140.402684563758,15.4362416107383,-4914
140.469798657718,15.4362416107383,-4902
140.536912751678,15.4362416107383,-4878
140.604026845638,15.4362416107383,-4869
140.671140939597,15.4362416107383,-4802
140.738255033557,15.4362416107383,-4737
140.805369127517,15.4362416107383,-4864
140.872483221477,15.4362416107383,-4950
140.939597315436,15.4362416107383,-4737
141.006711409396,15.4362416107383,-4631
141.073825503356,15.4362416107383,-4794
141.140939597315,15.4362416107383,-4755
141.208053691275,15.4362416107383,-4707
141.275167785235,15.4362416107383,-4743
141.342281879195,15.4362416107383,-4668
141.409395973154,15.4362416107383,-4584
141.476510067114,15.4362416107383,-4573
141.543624161074,15.4362416107383,-4580
141.610738255034,15.4362416107383,-4559
141.677852348993,15.4362416107383,-4543
141.744966442953,15.4362416107383,-4616
141.812080536913,15.4362416107383,-4557
141.879194630872,15.4362416107383,-4511
141.946308724832,15.4362416107383,-4447
142.013422818792,15.4362416107383,-4105
142.080536912752,15.4362416107383,-4125
142.147651006711,15.4362416107383,-4421
142.214765100671,15.4362416107383,-4404
142.281879194631,15.4362416107383,-4189
142.348993288591,15.4362416107383,-4079
142.41610738255,15.4362416107383,-4077
142.48322147651,15.4362416107383,-3951
142.55033557047,15.4362416107383,-3816
142.61744966443,15.4362416107383,-3781
142.684563758389,15.4362416107383,-3648
142.751677852349,15.4362416107383,-3217
142.818791946309,15.4362416107383,-3055
142.885906040268,15.4362416107383,-3018
142.953020134228,15.4362416107383,-2684
143.020134228188,15.4362416107383,-2075
143.087248322148,15.4362416107383,-1540
143.154362416107,15.4362416107383,-2025
143.221476510067,15.4362416107383,-3130
143.288590604027,15.4362416107383,-3448
143.355704697987,15.4362416107383,-3607
143.422818791946,15.4362416107383,-4034
143.489932885906,15.4362416107383,-4016
143.557046979866,15.4362416107383,-4224
143.624161073825,15.4362416107383,-4901
143.691275167785,15.4362416107383,-4651
143.758389261745,15.4362416107383,-4116
143.825503355705,15.4362416107383,-4110
143.892617449664,15.4362416107383,-4092
143.959731543624,15.4362416107383,-3804
144.026845637584,15.4362416107383,-3657
144.093959731544,15.4362416107383,-3546
144.161073825503,15.4362416107383,-3765
144.228187919463,15.4362416107383,-3551
144.295302013423,15.4362416107383,-3281
144.362416107383,15.4362416107383,-3413
144.429530201342,15.4362416107383,-3974
144.496644295302,15.4362416107383,-4161
144.563758389262,15.4362416107383,-3636
144.630872483221,15.4362416107383,-3215
144.697986577181,15.4362416107383,-3136
144.765100671141,15.4362416107383,-3668
144.832214765101,15.4362416107383,-3625
144.89932885906,15.4362416107383,-3571
144.96644295302,15.4362416107383,-3642
145.03355704698,15.4362416107383,-3530
145.10067114094,15.4362416107383,-3309
145.167785234899,15.4362416107383,-3126
145.234899328859,15.4362416107383,-2927
145.302013422819,15.4362416107383,-2695
145.369127516779,15.4362416107383,-2475
145.436241610738,15.4362416107383,-2353
145.503355704698,15.4362416107383,-2352
145.570469798658,15.4362416107383,-1979
145.637583892617,15.4362416107383,-1421
145.704697986577,15.4362416107383,-1117
145.771812080537,15.4362416107383,-775
145.838926174497,15.4362416107383,-354
145.906040268456,15.4362416107383,-479
145.973154362416,15.4362416107383,-1255
146.040268456376,15.4362416107383,-2020
146.107382550336,15.4362416107383,-2411
146.174496644295,15.4362416107383,-2942
146.241610738255,15.4362416107383,-3403
146.308724832215,15.4362416107383,-3715
146.375838926175,15.4362416107383,-4078
146.442953020134,15.4362416107383,-4350
146.510067114094,15.4362416107383,-4570
146.577181208054,15.4362416107383,-4780
146.644295302013,15.4362416107383,-5135
146.711409395973,15.4362416107383,-5502
146.778523489933,15.4362416107383,-5661
146.845637583893,15.4362416107383,-5834
146.912751677852,15.4362416107383,-5738
146.979865771812,15.4362416107383,-5519
147.046979865772,15.4362416107383,-5267
147.114093959732,15.4362416107383,-4664
147.181208053691,15.4362416107383,-4079
147.248322147651,15.4362416107383,-3970
147.315436241611,15.4362416107383,-4168
147.38255033557,15.4362416107383,-4592
147.44966442953,15.4362416107383,-5706
147.51677852349,15.4362416107383,-6666
147.58389261745,15.4362416107383,-7007
147.651006711409,15.4362416107383,-7206
147.718120805369,15.4362416107383,-6855
147.785234899329,15.4362416107383,-6005
147.852348993289,15.4362416107383,-5518
147.919463087248,15.4362416107383,-5614
147.986577181208,15.4362416107383,-5654
148.053691275168,15.4362416107383,-5493
148.120805369128,15.4362416107383,-5160
148.187919463087,15.4362416107383,-4657
148.255033557047,15.4362416107383,-3833
148.322147651007,15.4362416107383,-2419
148.389261744966,15.4362416107383,-1689
148.456375838926,15.4362416107383,-1871
148.523489932886,15.4362416107383,-1958
148.590604026846,15.4362416107383,-2887
148.657718120805,15.4362416107383,-4310
148.724832214765,15.4362416107383,-5541
148.791946308725,15.4362416107383,-6064
148.859060402685,15.4362416107383,-5948
148.926174496644,15.4362416107383,-5828
148.993288590604,15.4362416107383,-5873
149.060402684564,15.4362416107383,-5822
149.127516778523,15.4362416107383,-5734
149.194630872483,15.4362416107383,-5683
149.261744966443,15.4362416107383,-5685
149.328859060403,15.4362416107383,-5641
149.395973154362,15.4362416107383,-5561
149.463087248322,15.4362416107383,-5393
149.530201342282,15.4362416107383,-5010
149.597315436242,15.4362416107383,-4398
149.664429530201,15.4362416107383,-4194
149.731543624161,15.4362416107383,-4765
149.798657718121,15.4362416107383,-5315
149.865771812081,15.4362416107383,-5571
149.93288590604,15.4362416107383,-5705
150,15.4362416107383,-5706
140,15.3691275167785,-4975
140.06711409396,15.3691275167785,-5079
140.134228187919,15.3691275167785,-4968
140.201342281879,15.3691275167785,-4888
140.268456375839,15.3691275167785,-4873
140.335570469799,15.3691275167785,-4851
140.402684563758,15.3691275167785,-4895
140.469798657718,15.3691275167785,-4889
140.536912751678,15.3691275167785,-4878
140.604026845638,15.3691275167785,-4789
140.671140939597,15.3691275167785,-4813
140.738255033557,15.3691275167785,-4770
140.805369127517,15.3691275167785,-4829
140.872483221477,15.3691275167785,-4886
140.939597315436,15.3691275167785,-4730
141.006711409396,15.3691275167785,-4662
141.073825503356,15.3691275167785,-4797
141.140939597315,15.3691275167785,-4783
141.208053691275,15.3691275167785,-4731
141.275167785235,15.3691275167785,-4707
141.342281879195,15.3691275167785,-4645
141.409395973154,15.3691275167785,-4560
141.476510067114,15.3691275167785,-4553
141.543624161074,15.3691275167785,-4558
141.610738255034,15.3691275167785,-4521
141.677852348993,15.3691275167785,-4523
141.744966442953,15.3691275167785,-4529
141.812080536913,15.3691275167785,-4464
141.879194630872,15.3691275167785,-4472
141.946308724832,15.3691275167785,-4513
142.013422818792,15.3691275167785,-4352
142.080536912752,15.3691275167785,-4290
142.147651006711,15.3691275167785,-4358
142.214765100671,15.3691275167785,-4280
142.281879194631,15.3691275167785,-4107
142.348993288591,15.3691275167785,-4079
142.41610738255,15.3691275167785,-4103
142.48322147651,15.3691275167785,-4028
142.55033557047,15.3691275167785,-3913
142.61744966443,15.3691275167785,-3894
142.684563758389,15.3691275167785,-3788
142.751677852349,15.3691275167785,-3637
142.818791946309,15.3691275167785,-3445
142.885906040268,15.3691275167785,-3164
142.953020134228,15.3691275167785,-2800
143.020134228188,15.3691275167785,-2267
143.087248322148,15.3691275167785,-1719
143.154362416107,15.3691275167785,-2415
143.221476510067,15.3691275167785,-3453
143.288590604027,15.3691275167785,-3666
143.355704697987,15.3691275167785,-3756
143.422818791946,15.3691275167785,-3845
143.489932885906,15.3691275167785,-3809
143.557046979866,15.3691275167785,-4243
143.624161073825,15.3691275167785,-5015
143.691275167785,15.3691275167785,-4429
143.758389261745,15.3691275167785,-3744
143.825503355705,15.3691275167785,-3814
143.892617449664,15.3691275167785,-3901
143.959731543624,15.3691275167785,-3847
144.026845637584,15.3691275167785,-3901
144.093959731544,15.3691275167785,-3649
144.161073825503,15.3691275167785,-3785
144.228187919463,15.3691275167785,-3843
144.295302013423,15.3691275167785,-3833
144.362416107383,15.3691275167785,-3681
144.429530201342,15.3691275167785,-4164
144.496644295302,15.3691275167785,-4415
144.563758389262,15.3691275167785,-3835
144.630872483221,15.3691275167785,-3460
144.697986577181,15.3691275167785,-3520
144.765100671141,15.3691275167785,-3754
144.832214765101,15.3691275167785,-3804
144.89932885906,15.3691275167785,-3733
144.96644295302,15.3691275167785,-3663
145.03355704698,15.3691275167785,-3456
145.10067114094,15.3691275167785,-3215
145.167785234899,15.3691275167785,-3043
145.234899328859,15.3691275167785,-2845
145.302013422819,15.3691275167785,-2511
145.369127516779,15.3691275167785,-2002
145.436241610738,15.3691275167785,-1528
145.503355704698,15.3691275167785,-1808
145.570469798658,15.3691275167785,-1790
145.637583892617,15.3691275167785,-1147
145.704697986577,15.3691275167785,-739
145.771812080537,15.3691275167785,-585
145.838926174497,15.3691275167785,-627
145.906040268456,15.3691275167785,-892
145.973154362416,15.3691275167785,-1586
146.040268456376,15.3691275167785,-2167
146.107382550336,15.3691275167785,-2670
146.174496644295,15.3691275167785,-3150
146.241610738255,15.3691275167785,-3508
146.308724832215,15.3691275167785,-3823
146.375838926175,15.3691275167785,-4148
146.442953020134,15.3691275167785,-4363
146.510067114094,15.3691275167785,-4532
146.577181208054,15.3691275167785,-4655
146.644295302013,15.3691275167785,-4961
146.711409395973,15.3691275167785,-5281
146.778523489933,15.3691275167785,-5405
146.845637583893,15.3691275167785,-5729
146.912751677852,15.3691275167785,-5988
146.979865771812,15.3691275167785,-6018
147.046979865772,15.3691275167785,-5916
147.114093959732,15.3691275167785,-5564
147.181208053691,15.3691275167785,-4725
147.248322147651,15.3691275167785,-4232
147.315436241611,15.3691275167785,-4324
147.38255033557,15.3691275167785,-5065
147.44966442953,15.3691275167785,-6066
147.51677852349,15.3691275167785,-6704
147.58389261745,15.3691275167785,-6986
147.651006711409,15.3691275167785,-6884
147.718120805369,15.3691275167785,-6133
147.785234899329,15.3691275167785,-4686
147.852348993289,15.3691275167785,-4385
147.919463087248,15.3691275167785,-5282
147.986577181208,15.3691275167785,-5535
148.053691275168,15.3691275167785,-5468
148.120805369128,15.3691275167785,-5156
148.187919463087,15.3691275167785,-4406
148.255033557047,15.3691275167785,-3527
148.322147651007,15.3691275167785,-2663
148.389261744966,15.3691275167785,-2333
148.456375838926,15.3691275167785,-2814
148.523489932886,15.3691275167785,-2891
148.590604026846,15.3691275167785,-3632
148.657718120805,15.3691275167785,-4778
148.724832214765,15.3691275167785,-5836
148.791946308725,15.3691275167785,-5870
148.859060402685,15.3691275167785,-5725
148.926174496644,15.3691275167785,-5901
148.993288590604,15.3691275167785,-5934
149.060402684564,15.3691275167785,-5733
149.127516778523,15.3691275167785,-5826
149.194630872483,15.3691275167785,-6241
149.261744966443,15.3691275167785,-6451
149.328859060403,15.3691275167785,-5732
149.395973154362,15.3691275167785,-5591
149.463087248322,15.3691275167785,-5515
149.530201342282,15.3691275167785,-5326
149.597315436242,15.3691275167785,-4544
149.664429530201,15.3691275167785,-3827
149.731543624161,15.3691275167785,-4299
149.798657718121,15.3691275167785,-4721
149.865771812081,15.3691275167785,-5452
149.93288590604,15.3691275167785,-5738
150,15.3691275167785,-5718
140,15.3020134228188,-4915
140.06711409396,15.3020134228188,-4828
140.134228187919,15.3020134228188,-4942
140.201342281879,15.3020134228188,-4826
140.268456375839,15.3020134228188,-4956
140.335570469799,15.3020134228188,-4964
140.402684563758,15.3020134228188,-4914
140.469798657718,15.3020134228188,-4952
140.536912751678,15.3020134228188,-4926
140.604026845638,15.3020134228188,-4863
140.671140939597,15.3020134228188,-4900
140.738255033557,15.3020134228188,-4926
140.805369127517,15.3020134228188,-4841
140.872483221477,15.3020134228188,-4848
140.939597315436,15.3020134228188,-4817
141.006711409396,15.3020134228188,-4796
141.073825503356,15.3020134228188,-4818
141.140939597315,15.3020134228188,-4787
141.208053691275,15.3020134228188,-4790
141.275167785235,15.3020134228188,-4731
141.342281879195,15.3020134228188,-4672
141.409395973154,15.3020134228188,-4581
141.476510067114,15.3020134228188,-4557
141.543624161074,15.3020134228188,-4588
141.610738255034,15.3020134228188,-4533
141.677852348993,15.3020134228188,-4561
141.744966442953,15.3020134228188,-4517
141.812080536913,15.3020134228188,-4466
141.879194630872,15.3020134228188,-4422
141.946308724832,15.3020134228188,-4472
142.013422818792,15.3020134228188,-4447
142.080536912752,15.3020134228188,-4292
142.147651006711,15.3020134228188,-4235
142.214765100671,15.3020134228188,-4211
142.281879194631,15.3020134228188,-4072
142.348993288591,15.3020134228188,-4060
142.41610738255,15.3020134228188,-4091
142.48322147651,15.3020134228188,-4073
142.55033557047,15.3020134228188,-4001
142.61744966443,15.3020134228188,-3896
142.684563758389,15.3020134228188,-3746
142.751677852349,15.3020134228188,-3686
142.818791946309,15.3020134228188,-3569
142.885906040268,15.3020134228188,-3306
142.953020134228,15.3020134228188,-2959
143.020134228188,15.3020134228188,-2391
143.087248322148,15.3020134228188,-2133
143.154362416107,15.3020134228188,-3116
143.221476510067,15.3020134228188,-3461
143.288590604027,15.3020134228188,-3452
143.355704697987,15.3020134228188,-3674
143.422818791946,15.3020134228188,-3742
143.489932885906,15.3020134228188,-3874
143.557046979866,15.3020134228188,-3740
143.624161073825,15.3020134228188,-4151
143.691275167785,15.3020134228188,-4314
143.758389261745,15.3020134228188,-4047
143.825503355705,15.3020134228188,-4020
143.892617449664,15.3020134228188,-3987
143.959731543624,15.3020134228188,-3824
144.026845637584,15.3020134228188,-3889
144.093959731544,15.3020134228188,-3877
144.161073825503,15.3020134228188,-3959
144.228187919463,15.3020134228188,-3858
144.295302013423,15.3020134228188,-3981
144.362416107383,15.3020134228188,-3909
144.429530201342,15.3020134228188,-4348
144.496644295302,15.3020134228188,-4488
144.563758389262,15.3020134228188,-3688
144.630872483221,15.3020134228188,-3491
144.697986577181,15.3020134228188,-3594
144.765100671141,15.3020134228188,-3655
144.832214765101,15.3020134228188,-3681
144.89932885906,15.3020134228188,-3642
144.96644295302,15.3020134228188,-3503
145.03355704698,15.3020134228188,-3367
145.10067114094,15.3020134228188,-3172
145.167785234899,15.3020134228188,-2920
145.234899328859,15.3020134228188,-2709
145.302013422819,15.3020134228188,-2349
145.369127516779,15.3020134228188,-1765
145.436241610738,15.3020134228188,-1020
145.503355704698,15.3020134228188,-1274
145.570469798658,15.3020134228188,-1138
145.637583892617,15.3020134228188,-659
145.704697986577,15.3020134228188,-348
145.771812080537,15.3020134228188,-190
145.838926174497,15.3020134228188,-316
145.906040268456,15.3020134228188,-1091
145.973154362416,15.3020134228188,-1626
146.040268456376,15.3020134228188,-2303
146.107382550336,15.3020134228188,-3020
146.174496644295,15.3020134228188,-3315
146.241610738255,15.3020134228188,-3635
146.308724832215,15.3020134228188,-3995
146.375838926175,15.3020134228188,-4225
146.442953020134,15.3020134228188,-4382
146.510067114094,15.3020134228188,-4424
146.577181208054,15.3020134228188,-4512
146.644295302013,15.3020134228188,-4570
146.711409395973,15.3020134228188,-4784
146.778523489933,15.3020134228188,-4984
146.845637583893,15.3020134228188,-5352
146.912751677852,15.3020134228188,-5754
146.979865771812,15.3020134228188,-5821
147.046979865772,15.3020134228188,-5843
147.114093959732,15.3020134228188,-5745
147.181208053691,15.3020134228188,-5379
147.248322147651,15.3020134228188,-4936
147.315436241611,15.3020134228188,-4908
147.38255033557,15.3020134228188,-5459
147.44966442953,15.3020134228188,-6194
147.51677852349,15.3020134228188,-6844
147.58389261745,15.3020134228188,-7355
147.651006711409,15.3020134228188,-7196
147.718120805369,15.3020134228188,-6302
147.785234899329,15.3020134228188,-4709
147.852348993289,15.3020134228188,-3800
147.919463087248,15.3020134228188,-4515
147.986577181208,15.3020134228188,-4885
148.053691275168,15.3020134228188,-4922
148.120805369128,15.3020134228188,-4558
148.187919463087,15.3020134228188,-3897
148.255033557047,15.3020134228188,-3838
148.322147651007,15.3020134228188,-4098
148.389261744966,15.3020134228188,-3987
148.456375838926,15.3020134228188,-3964
148.523489932886,15.3020134228188,-4481
148.590604026846,15.3020134228188,-5059
148.657718120805,15.3020134228188,-5573
148.724832214765,15.3020134228188,-5912
148.791946308725,15.3020134228188,-5800
148.859060402685,15.3020134228188,-5688
148.926174496644,15.3020134228188,-5781
148.993288590604,15.3020134228188,-5766
149.060402684564,15.3020134228188,-6314
149.127516778523,15.3020134228188,-6947
149.194630872483,15.3020134228188,-6557
149.261744966443,15.3020134228188,-6035
149.328859060403,15.3020134228188,-5602
149.395973154362,15.3020134228188,-5696
149.463087248322,15.3020134228188,-5660
149.530201342282,15.3020134228188,-5659
149.597315436242,15.3020134228188,-4836
149.664429530201,15.3020134228188,-4127
149.731543624161,15.3020134228188,-4470
149.798657718121,15.3020134228188,-4850
149.865771812081,15.3020134228188,-5607
149.93288590604,15.3020134228188,-5758
150,15.3020134228188,-5730
140,15.2348993288591,-4841
140.06711409396,15.2348993288591,-4815
140.134228187919,15.2348993288591,-4950
140.201342281879,15.2348993288591,-5000
140.268456375839,15.2348993288591,-4961
140.335570469799,15.2348993288591,-4947
140.402684563758,15.2348993288591,-4841
140.469798657718,15.2348993288591,-4914
140.536912751678,15.2348993288591,-4932
140.604026845638,15.2348993288591,-4924
140.671140939597,15.2348993288591,-4985
140.738255033557,15.2348993288591,-4990
140.805369127517,15.2348993288591,-4889
140.872483221477,15.2348993288591,-4847
140.939597315436,15.2348993288591,-4800
141.006711409396,15.2348993288591,-4812
141.073825503356,15.2348993288591,-4817
141.140939597315,15.2348993288591,-4811
141.208053691275,15.2348993288591,-4790
141.275167785235,15.2348993288591,-4708
141.342281879195,15.2348993288591,-4662
141.409395973154,15.2348993288591,-4633
141.476510067114,15.2348993288591,-4644
141.543624161074,15.2348993288591,-4681
141.610738255034,15.2348993288591,-4620
141.677852348993,15.2348993288591,-4548
141.744966442953,15.2348993288591,-4516
141.812080536913,15.2348993288591,-4496
141.879194630872,15.2348993288591,-4444
141.946308724832,15.2348993288591,-4486
142.013422818792,15.2348993288591,-4469
142.080536912752,15.2348993288591,-4253
142.147651006711,15.2348993288591,-4162
142.214765100671,15.2348993288591,-4199
142.281879194631,15.2348993288591,-4098
142.348993288591,15.2348993288591,-4036
142.41610738255,15.2348993288591,-4101
142.48322147651,15.2348993288591,-4142
142.55033557047,15.2348993288591,-4020
142.61744966443,15.2348993288591,-3724
142.684563758389,15.2348993288591,-3330
142.751677852349,15.2348993288591,-3158
142.818791946309,15.2348993288591,-3263
142.885906040268,15.2348993288591,-3130
142.953020134228,15.2348993288591,-2807
143.020134228188,15.2348993288591,-2340
143.087248322148,15.2348993288591,-2251
143.154362416107,15.2348993288591,-2961
143.221476510067,15.2348993288591,-2957
143.288590604027,15.2348993288591,-3081
143.355704697987,15.2348993288591,-3609
143.422818791946,15.2348993288591,-3884
143.489932885906,15.2348993288591,-3894
143.557046979866,15.2348993288591,-3709
143.624161073825,15.2348993288591,-3562
143.691275167785,15.2348993288591,-4313
143.758389261745,15.2348993288591,-4470
143.825503355705,15.2348993288591,-4285
143.892617449664,15.2348993288591,-3910
143.959731543624,15.2348993288591,-3539
144.026845637584,15.2348993288591,-3667
144.093959731544,15.2348993288591,-3824
144.161073825503,15.2348993288591,-4057
144.228187919463,15.2348993288591,-3977
144.295302013423,15.2348993288591,-3940
144.362416107383,15.2348993288591,-3772
144.429530201342,15.2348993288591,-4129
144.496644295302,15.2348993288591,-4560
144.563758389262,15.2348993288591,-3884
144.630872483221,15.2348993288591,-3587
144.697986577181,15.2348993288591,-3570
144.765100671141,15.2348993288591,-3583
144.832214765101,15.2348993288591,-3563
144.89932885906,15.2348993288591,-3458
144.96644295302,15.2348993288591,-3331
145.03355704698,15.2348993288591,-3214
145.10067114094,15.2348993288591,-3086
145.167785234899,15.2348993288591,-2780
145.234899328859,15.2348993288591,-2576
145.302013422819,15.2348993288591,-2339
145.369127516779,15.2348993288591,-2061
145.436241610738,15.2348993288591,-1605
145.503355704698,15.2348993288591,-1301
145.570469798658,15.2348993288591,-570
145.637583892617,15.2348993288591,-143
145.704697986577,15.2348993288591,-18
145.771812080537,15.2348993288591,53
145.838926174497,15.2348993288591,-542
145.906040268456,15.2348993288591,-1470
145.973154362416,15.2348993288591,-1895
146.040268456376,15.2348993288591,-2735
146.107382550336,15.2348993288591,-3174
146.174496644295,15.2348993288591,-3460
146.241610738255,15.2348993288591,-3760
146.308724832215,15.2348993288591,-4057
146.375838926175,15.2348993288591,-4321
146.442953020134,15.2348993288591,-4481
146.510067114094,15.2348993288591,-4463
146.577181208054,15.2348993288591,-4523
146.644295302013,15.2348993288591,-4333
146.711409395973,15.2348993288591,-4289
146.778523489933,15.2348993288591,-4701
146.845637583893,15.2348993288591,-5083
146.912751677852,15.2348993288591,-5345
146.979865771812,15.2348993288591,-5444
147.046979865772,15.2348993288591,-5586
147.114093959732,15.2348993288591,-5607
147.181208053691,15.2348993288591,-5512
147.248322147651,15.2348993288591,-5328
147.315436241611,15.2348993288591,-5240
147.38255033557,15.2348993288591,-5605
147.44966442953,15.2348993288591,-6409
147.51677852349,15.2348993288591,-7471
147.58389261745,15.2348993288591,-8066
147.651006711409,15.2348993288591,-7435
147.718120805369,15.2348993288591,-6495
147.785234899329,15.2348993288591,-5470
147.852348993289,15.2348993288591,-4503
147.919463087248,15.2348993288591,-4281
147.986577181208,15.2348993288591,-4333
148.053691275168,15.2348993288591,-4311
148.120805369128,15.2348993288591,-3730
148.187919463087,15.2348993288591,-3301
148.255033557047,15.2348993288591,-4027
148.322147651007,15.2348993288591,-4929
148.389261744966,15.2348993288591,-4867
148.456375838926,15.2348993288591,-4575
148.523489932886,15.2348993288591,-4844
148.590604026846,15.2348993288591,-5468
148.657718120805,15.2348993288591,-5710
148.724832214765,15.2348993288591,-5760
148.791946308725,15.2348993288591,-5768
148.859060402685,15.2348993288591,-5833
148.926174496644,15.2348993288591,-6394
148.993288590604,15.2348993288591,-5874
149.060402684564,15.2348993288591,-5927
149.127516778523,15.2348993288591,-5856
149.194630872483,15.2348993288591,-5710
149.261744966443,15.2348993288591,-5188
149.328859060403,15.2348993288591,-5329
149.395973154362,15.2348993288591,-5706
149.463087248322,15.2348993288591,-5697
149.530201342282,15.2348993288591,-5788
149.597315436242,15.2348993288591,-5476
149.664429530201,15.2348993288591,-5249
149.731543624161,15.2348993288591,-5522
149.798657718121,15.2348993288591,-5726
149.865771812081,15.2348993288591,-5803
149.93288590604,15.2348993288591,-5770
150,15.2348993288591,-5762
140,15.1677852348993,-4814
140.06711409396,15.1677852348993,-4934
140.134228187919,15.1677852348993,-4992
140.201342281879,15.1677852348993,-4975
140.268456375839,15.1677852348993,-4915
140.335570469799,15.1677852348993,-4852
140.402684563758,15.1677852348993,-4839
140.469798657718,15.1677852348993,-4872
140.536912751678,15.1677852348993,-4922
140.604026845638,15.1677852348993,-4939
140.671140939597,15.1677852348993,-4972
140.738255033557,15.1677852348993,-4913
140.805369127517,15.1677852348993,-4827
140.872483221477,15.1677852348993,-4806
140.939597315436,15.1677852348993,-4703
141.006711409396,15.1677852348993,-4694
141.073825503356,15.1677852348993,-4777
141.140939597315,15.1677852348993,-4846
141.208053691275,15.1677852348993,-4822
141.275167785235,15.1677852348993,-4650
141.342281879195,15.1677852348993,-4596
141.409395973154,15.1677852348993,-4690
141.476510067114,15.1677852348993,-4642
141.543624161074,15.1677852348993,-4644
141.610738255034,15.1677852348993,-4593
141.677852348993,15.1677852348993,-4462
141.744966442953,15.1677852348993,-4482
141.812080536913,15.1677852348993,-4506
141.879194630872,15.1677852348993,-4501
141.946308724832,15.1677852348993,-4490
142.013422818792,15.1677852348993,-4409
142.080536912752,15.1677852348993,-4180
142.147651006711,15.1677852348993,-4146
142.214765100671,15.1677852348993,-4193
142.281879194631,15.1677852348993,-4146
142.348993288591,15.1677852348993,-4110
142.41610738255,15.1677852348993,-4166
142.48322147651,15.1677852348993,-4162
142.55033557047,15.1677852348993,-3934
142.61744966443,15.1677852348993,-3615
142.684563758389,15.1677852348993,-3156
142.751677852349,15.1677852348993,-2882
142.818791946309,15.1677852348993,-2990
142.885906040268,15.1677852348993,-2580
142.953020134228,15.1677852348993,-2189
143.020134228188,15.1677852348993,-2073
143.087248322148,15.1677852348993,-2075
143.154362416107,15.1677852348993,-2576
143.221476510067,15.1677852348993,-2447
143.288590604027,15.1677852348993,-2800
143.355704697987,15.1677852348993,-3806
143.422818791946,15.1677852348993,-3994
143.489932885906,15.1677852348993,-3691
143.557046979866,15.1677852348993,-3668
143.624161073825,15.1677852348993,-3716
143.691275167785,15.1677852348993,-3923
143.758389261745,15.1677852348993,-4132
143.825503355705,15.1677852348993,-4025
143.892617449664,15.1677852348993,-3817
143.959731543624,15.1677852348993,-3772
144.026845637584,15.1677852348993,-3922
144.093959731544,15.1677852348993,-3989
144.161073825503,15.1677852348993,-4222
144.228187919463,15.1677852348993,-3933
144.295302013423,15.1677852348993,-3925
144.362416107383,15.1677852348993,-3607
144.429530201342,15.1677852348993,-3601
144.496644295302,15.1677852348993,-4168
144.563758389262,15.1677852348993,-3957
144.630872483221,15.1677852348993,-3636
144.697986577181,15.1677852348993,-3584
144.765100671141,15.1677852348993,-3540
144.832214765101,15.1677852348993,-3500
144.89932885906,15.1677852348993,-3363
144.96644295302,15.1677852348993,-3150
145.03355704698,15.1677852348993,-2968
145.10067114094,15.1677852348993,-2774
145.167785234899,15.1677852348993,-2556
145.234899328859,15.1677852348993,-2295
145.302013422819,15.1677852348993,-2158
145.369127516779,15.1677852348993,-1966
145.436241610738,15.1677852348993,-1454
145.503355704698,15.1677852348993,-1175
145.570469798658,15.1677852348993,-478
145.637583892617,15.1677852348993,-197
145.704697986577,15.1677852348993,22
145.771812080537,15.1677852348993,24
145.838926174497,15.1677852348993,-933
145.906040268456,15.1677852348993,-1764
145.973154362416,15.1677852348993,-2343
146.040268456376,15.1677852348993,-2917
146.107382550336,15.1677852348993,-3447
146.174496644295,15.1677852348993,-3723
146.241610738255,15.1677852348993,-3927
146.308724832215,15.1677852348993,-4211
146.375838926175,15.1677852348993,-4426
146.442953020134,15.1677852348993,-4525
146.510067114094,15.1677852348993,-4518
146.577181208054,15.1677852348993,-4603
146.644295302013,15.1677852348993,-4536
146.711409395973,15.1677852348993,-4204
146.778523489933,15.1677852348993,-4613
146.845637583893,15.1677852348993,-4855
146.912751677852,15.1677852348993,-5020
146.979865771812,15.1677852348993,-5145
147.046979865772,15.1677852348993,-5300
147.114093959732,15.1677852348993,-5457
147.181208053691,15.1677852348993,-5543
147.248322147651,15.1677852348993,-5519
147.315436241611,15.1677852348993,-5580
147.38255033557,15.1677852348993,-6034
147.44966442953,15.1677852348993,-6770
147.51677852349,15.1677852348993,-7655
147.58389261745,15.1677852348993,-7975
147.651006711409,15.1677852348993,-7393
147.718120805369,15.1677852348993,-6651
147.785234899329,15.1677852348993,-5906
147.852348993289,15.1677852348993,-5158
147.919463087248,15.1677852348993,-4576
147.986577181208,15.1677852348993,-4426
148.053691275168,15.1677852348993,-4417
148.120805369128,15.1677852348993,-3900
148.187919463087,15.1677852348993,-3667
148.255033557047,15.1677852348993,-4427
148.322147651007,15.1677852348993,-5254
148.389261744966,15.1677852348993,-5214
148.456375838926,15.1677852348993,-4882
148.523489932886,15.1677852348993,-5023
148.590604026846,15.1677852348993,-5430
148.657718120805,15.1677852348993,-5683
148.724832214765,15.1677852348993,-6032
148.791946308725,15.1677852348993,-5762
148.859060402685,15.1677852348993,-5821
148.926174496644,15.1677852348993,-5869
148.993288590604,15.1677852348993,-5835
149.060402684564,15.1677852348993,-5921
149.127516778523,15.1677852348993,-6485
149.194630872483,15.1677852348993,-6059
149.261744966443,15.1677852348993,-5405
149.328859060403,15.1677852348993,-5522
149.395973154362,15.1677852348993,-5710
149.463087248322,15.1677852348993,-5735
149.530201342282,15.1677852348993,-5821
149.597315436242,15.1677852348993,-5905
149.664429530201,15.1677852348993,-6009
149.731543624161,15.1677852348993,-6204
149.798657718121,15.1677852348993,-6022
149.865771812081,15.1677852348993,-5787
149.93288590604,15.1677852348993,-5758
150,15.1677852348993,-5784
140,15.1006711409396,-4959
140.06711409396,15.1006711409396,-5005
140.134228187919,15.1006711409396,-5001
140.201342281879,15.1006711409396,-4966
140.268456375839,15.1006711409396,-4882
140.335570469799,15.1006711409396,-4801
140.402684563758,15.1006711409396,-4755
140.469798657718,15.1006711409396,-4780
140.536912751678,15.1006711409396,-4897
140.604026845638,15.1006711409396,-4862
140.671140939597,15.1006711409396,-4780
140.738255033557,15.1006711409396,-4663
140.805369127517,15.1006711409396,-4638
140.872483221477,15.1006711409396,-4745
140.939597315436,15.1006711409396,-4716
141.006711409396,15.1006711409396,-4737
141.073825503356,15.1006711409396,-4791
141.140939597315,15.1006711409396,-4839
141.208053691275,15.1006711409396,-4844
141.275167785235,15.1006711409396,-4678
141.342281879195,15.1006711409396,-4584
141.409395973154,15.1006711409396,-4655
141.476510067114,15.1006711409396,-4625
141.543624161074,15.1006711409396,-4605
141.610738255034,15.1006711409396,-4572
141.677852348993,15.1006711409396,-4489
141.744966442953,15.1006711409396,-4516
141.812080536913,15.1006711409396,-4507
141.879194630872,15.1006711409396,-4523
141.946308724832,15.1006711409396,-4537
142.013422818792,15.1006711409396,-4463
142.080536912752,15.1006711409396,-4321
142.147651006711,15.1006711409396,-4291
142.214765100671,15.1006711409396,-4242
142.281879194631,15.1006711409396,-4226
142.348993288591,15.1006711409396,-4203
142.41610738255,15.1006711409396,-4235
142.48322147651,15.1006711409396,-4134
142.55033557047,15.1006711409396,-3790
142.61744966443,15.1006711409396,-3609
142.684563758389,15.1006711409396,-3503
142.751677852349,15.1006711409396,-3370
142.818791946309,15.1006711409396,-3288
142.885906040268,15.1006711409396,-2649
142.953020134228,15.1006711409396,-1891
143.020134228188,15.1006711409396,-1693
143.087248322148,15.1006711409396,-2009
143.154362416107,15.1006711409396,-2350
143.221476510067,15.1006711409396,-2339
143.288590604027,15.1006711409396,-3028
143.355704697987,15.1006711409396,-3946
143.422818791946,15.1006711409396,-3885
143.489932885906,15.1006711409396,-3515
143.557046979866,15.1006711409396,-3646
143.624161073825,15.1006711409396,-3692
143.691275167785,15.1006711409396,-3401
143.758389261745,15.1006711409396,-3587
143.825503355705,15.1006711409396,-3738
143.892617449664,15.1006711409396,-3968
143.959731543624,15.1006711409396,-4145
144.026845637584,15.1006711409396,-3995
144.093959731544,15.1006711409396,-4065
144.161073825503,15.1006711409396,-4227
144.228187919463,15.1006711409396,-3817
144.295302013423,15.1006711409396,-3866
144.362416107383,15.1006711409396,-3547
144.429530201342,15.1006711409396,-3684
144.496644295302,15.1006711409396,-3669
144.563758389262,15.1006711409396,-3596
144.630872483221,15.1006711409396,-3581
144.697986577181,15.1006711409396,-3566
144.765100671141,15.1006711409396,-3493
144.832214765101,15.1006711409396,-3425
144.89932885906,15.1006711409396,-3246
144.96644295302,15.1006711409396,-3010
145.03355704698,15.1006711409396,-2749
145.10067114094,15.1006711409396,-2490
145.167785234899,15.1006711409396,-2063
145.234899328859,15.1006711409396,-1532
145.302013422819,15.1006711409396,-1750
145.369127516779,15.1006711409396,-1307
145.436241610738,15.1006711409396,-384
145.503355704698,15.1006711409396,-572
145.570469798658,15.1006711409396,-164
145.637583892617,15.1006711409396,-61
145.704697986577,15.1006711409396,-120
145.771812080537,15.1006711409396,-580
145.838926174497,15.1006711409396,-1371
145.906040268456,15.1006711409396,-1991
145.973154362416,15.1006711409396,-2557
146.040268456376,15.1006711409396,-3174
146.107382550336,15.1006711409396,-3563
146.174496644295,15.1006711409396,-3808
146.241610738255,15.1006711409396,-4064
146.308724832215,15.1006711409396,-4341
146.375838926175,15.1006711409396,-4506
146.442953020134,15.1006711409396,-4492
146.510067114094,15.1006711409396,-4557
146.577181208054,15.1006711409396,-4680
146.644295302013,15.1006711409396,-4650
146.711409395973,15.1006711409396,-4524
146.778523489933,15.1006711409396,-4789
146.845637583893,15.1006711409396,-4836
146.912751677852,15.1006711409396,-4849
146.979865771812,15.1006711409396,-4918
147.046979865772,15.1006711409396,-5073
147.114093959732,15.1006711409396,-5374
147.181208053691,15.1006711409396,-5738
147.248322147651,15.1006711409396,-5991
147.315436241611,15.1006711409396,-6194
147.38255033557,15.1006711409396,-6657
147.44966442953,15.1006711409396,-7053
147.51677852349,15.1006711409396,-7267
147.58389261745,15.1006711409396,-7380
147.651006711409,15.1006711409396,-7015
147.718120805369,15.1006711409396,-6526
147.785234899329,15.1006711409396,-6075
147.852348993289,15.1006711409396,-5636
147.919463087248,15.1006711409396,-5187
147.986577181208,15.1006711409396,-5007
148.053691275168,15.1006711409396,-5069
148.120805369128,15.1006711409396,-4970
148.187919463087,15.1006711409396,-4971
148.255033557047,15.1006711409396,-5228
148.322147651007,15.1006711409396,-5436
148.389261744966,15.1006711409396,-5004
148.456375838926,15.1006711409396,-4451
148.523489932886,15.1006711409396,-4369
148.590604026846,15.1006711409396,-4731
148.657718120805,15.1006711409396,-5639
148.724832214765,15.1006711409396,-5999
148.791946308725,15.1006711409396,-5827
148.859060402685,15.1006711409396,-5999
148.926174496644,15.1006711409396,-6619
148.993288590604,15.1006711409396,-6118
149.060402684564,15.1006711409396,-5942
149.127516778523,15.1006711409396,-6226
149.194630872483,15.1006711409396,-5981
149.261744966443,15.1006711409396,-5633
149.328859060403,15.1006711409396,-5618
149.395973154362,15.1006711409396,-5741
149.463087248322,15.1006711409396,-5781
149.530201342282,15.1006711409396,-5704
149.597315436242,15.1006711409396,-5815
149.664429530201,15.1006711409396,-5946
149.731543624161,15.1006711409396,-5726
149.798657718121,15.1006711409396,-5199
149.865771812081,15.1006711409396,-5212
149.93288590604,15.1006711409396,-5679
150,15.1006711409396,-5809
140,15.0335570469799,-4994
140.06711409396,15.0335570469799,-5012
140.134228187919,15.0335570469799,-4975
140.201342281879,15.0335570469799,-5018
140.268456375839,15.0335570469799,-4981
140.335570469799,15.0335570469799,-4896
140.402684563758,15.0335570469799,-4833
140.469798657718,15.0335570469799,-4851
140.536912751678,15.0335570469799,-4841
140.604026845638,15.0335570469799,-4658
140.671140939597,15.0335570469799,-4543
140.738255033557,15.0335570469799,-4541
140.805369127517,15.0335570469799,-4564
140.872483221477,15.0335570469799,-4764
140.939597315436,15.0335570469799,-4802
141.006711409396,15.0335570469799,-4794
141.073825503356,15.0335570469799,-4824
141.140939597315,15.0335570469799,-4826
141.208053691275,15.0335570469799,-4802
141.275167785235,15.0335570469799,-4681
141.342281879195,15.0335570469799,-4615
141.409395973154,15.0335570469799,-4619
141.476510067114,15.0335570469799,-4654
141.543624161074,15.0335570469799,-4601
141.610738255034,15.0335570469799,-4580
141.677852348993,15.0335570469799,-4594
141.744966442953,15.0335570469799,-4629
141.812080536913,15.0335570469799,-4559
141.879194630872,15.0335570469799,-4526
141.946308724832,15.0335570469799,-4601
142.013422818792,15.0335570469799,-4509
142.080536912752,15.0335570469799,-4469
142.147651006711,15.0335570469799,-4411
142.214765100671,15.0335570469799,-4315
142.281879194631,15.0335570469799,-4307
142.348993288591,15.0335570469799,-4289
142.41610738255,15.0335570469799,-4272
142.48322147651,15.0335570469799,-4176
142.55033557047,15.0335570469799,-3826
142.61744966443,15.0335570469799,-3650
142.684563758389,15.0335570469799,-3462
142.751677852349,15.0335570469799,-3143
142.818791946309,15.0335570469799,-3232
142.885906040268,15.0335570469799,-3052
142.953020134228,15.0335570469799,-2185
143.020134228188,15.0335570469799,-1491
143.087248322148,15.0335570469799,-1702
143.154362416107,15.0335570469799,-2228
143.221476510067,15.0335570469799,-2784
143.288590604027,15.0335570469799,-3606
143.355704697987,15.0335570469799,-3961
143.422818791946,15.0335570469799,-3757
143.489932885906,15.0335570469799,-3598
143.557046979866,15.0335570469799,-3618
143.624161073825,15.0335570469799,-3452
143.691275167785,15.0335570469799,-3264
143.758389261745,15.0335570469799,-3320
143.825503355705,15.0335570469799,-3715
143.892617449664,15.0335570469799,-4154
143.959731543624,15.0335570469799,-4194
144.026845637584,15.0335570469799,-3986
144.093959731544,15.0335570469799,-3897
144.161073825503,15.0335570469799,-3872
144.228187919463,15.0335570469799,-3655
144.295302013423,15.0335570469799,-3687
144.362416107383,15.0335570469799,-3899
144.429530201342,15.0335570469799,-4137
144.496644295302,15.0335570469799,-3840
144.563758389262,15.0335570469799,-3515
144.630872483221,15.0335570469799,-3561
144.697986577181,15.0335570469799,-3549
144.765100671141,15.0335570469799,-3467
144.832214765101,15.0335570469799,-3390
144.89932885906,15.0335570469799,-3158
144.96644295302,15.0335570469799,-2912
145.03355704698,15.0335570469799,-2548
145.10067114094,15.0335570469799,-2186
145.167785234899,15.0335570469799,-1548
145.234899328859,15.0335570469799,-808
145.302013422819,15.0335570469799,-1247
145.369127516779,15.0335570469799,-1254
145.436241610738,15.0335570469799,-806
145.503355704698,15.0335570469799,-482
145.570469798658,15.0335570469799,-30
145.637583892617,15.0335570469799,33
145.704697986577,15.0335570469799,-544
145.771812080537,15.0335570469799,-1256
145.838926174497,15.0335570469799,-1656
145.906040268456,15.0335570469799,-2144
145.973154362416,15.0335570469799,-2866
146.040268456376,15.0335570469799,-3362
146.107382550336,15.0335570469799,-3668
146.174496644295,15.0335570469799,-3932
146.241610738255,15.0335570469799,-4237
146.308724832215,15.0335570469799,-4444
146.375838926175,15.0335570469799,-4544
146.442953020134,15.0335570469799,-4412
146.510067114094,15.0335570469799,-4525
146.577181208054,15.0335570469799,-4669
146.644295302013,15.0335570469799,-4578
146.711409395973,15.0335570469799,-4691
146.778523489933,15.0335570469799,-4848
146.845637583893,15.0335570469799,-4921
146.912751677852,15.0335570469799,-4960
146.979865771812,15.0335570469799,-4976
147.046979865772,15.0335570469799,-5231
147.114093959732,15.0335570469799,-5655
147.181208053691,15.0335570469799,-6241
147.248322147651,15.0335570469799,-6647
147.315436241611,15.0335570469799,-6758
147.38255033557,15.0335570469799,-7139
147.44966442953,15.0335570469799,-7529
147.51677852349,15.0335570469799,-7530
147.58389261745,15.0335570469799,-7293
147.651006711409,15.0335570469799,-6827
147.718120805369,15.0335570469799,-6407
147.785234899329,15.0335570469799,-6067
147.852348993289,15.0335570469799,-5798
147.919463087248,15.0335570469799,-5525
147.986577181208,15.0335570469799,-5361
148.053691275168,15.0335570469799,-5394
148.120805369128,15.0335570469799,-5542
148.187919463087,15.0335570469799,-5745
148.255033557047,15.0335570469799,-5553
148.322147651007,15.0335570469799,-5418
148.389261744966,15.0335570469799,-4435
148.456375838926,15.0335570469799,-3135
148.523489932886,15.0335570469799,-3027
148.590604026846,15.0335570469799,-4287
148.657718120805,15.0335570469799,-5310
148.724832214765,15.0335570469799,-6104
148.791946308725,15.0335570469799,-6231
148.859060402685,15.0335570469799,-6343
148.926174496644,15.0335570469799,-6523
148.993288590604,15.0335570469799,-5856
149.060402684564,15.0335570469799,-5813
149.127516778523,15.0335570469799,-5974
149.194630872483,15.0335570469799,-5895
149.261744966443,15.0335570469799,-5680
149.328859060403,15.0335570469799,-5665
149.395973154362,15.0335570469799,-5780
149.463087248322,15.0335570469799,-5739
149.530201342282,15.0335570469799,-5612
149.597315436242,15.0335570469799,-5706
149.664429530201,15.0335570469799,-5597
149.731543624161,15.0335570469799,-4790
149.798657718121,15.0335570469799,-3834
149.865771812081,15.0335570469799,-4224
149.93288590604,15.0335570469799,-5467
150,15.0335570469799,-5836
140,14.9664429530201,-5006
140.06711409396,14.9664429530201,-4987
140.134228187919,14.9664429530201,-4946
140.201342281879,14.9664429530201,-5018
140.268456375839,14.9664429530201,-5037
140.335570469799,14.9664429530201,-5011
140.402684563758,14.9664429530201,-4980
140.469798657718,14.9664429530201,-4970
140.536912751678,14.9664429530201,-4951
140.604026845638,14.9664429530201,-4864
140.671140939597,14.9664429530201,-4769
140.738255033557,14.9664429530201,-4582
140.805369127517,14.9664429530201,-4653
140.872483221477,14.9664429530201,-4840
140.939597315436,14.9664429530201,-4844
141.006711409396,14.9664429530201,-4844
141.073825503356,14.9664429530201,-4832
141.140939597315,14.9664429530201,-4814
141.208053691275,14.9664429530201,-4808
141.275167785235,14.9664429530201,-4790
141.342281879195,14.9664429530201,-4725
141.409395973154,14.9664429530201,-4673
141.476510067114,14.9664429530201,-4667
141.543624161074,14.9664429530201,-4589
141.610738255034,14.9664429530201,-4586
141.677852348993,14.9664429530201,-4626
141.744966442953,14.9664429530201,-4631
141.812080536913,14.9664429530201,-4592
141.879194630872,14.9664429530201,-4521
141.946308724832,14.9664429530201,-4563
142.013422818792,14.9664429530201,-4529
142.080536912752,14.9664429530201,-4499
142.147651006711,14.9664429530201,-4439
142.214765100671,14.9664429530201,-4283
142.281879194631,14.9664429530201,-4280
142.348993288591,14.9664429530201,-4308
142.41610738255,14.9664429530201,-4237
142.48322147651,14.9664429530201,-4169
142.55033557047,14.9664429530201,-4017
142.61744966443,14.9664429530201,-3809
142.684563758389,14.9664429530201,-3225
142.751677852349,14.9664429530201,-2414
142.818791946309,14.9664429530201,-2625
142.885906040268,14.9664429530201,-2933
142.953020134228,14.9664429530201,-2379
143.020134228188,14.9664429530201,-1555
143.087248322148,14.9664429530201,-1447
143.154362416107,14.9664429530201,-2169
143.221476510067,14.9664429530201,-3147
143.288590604027,14.9664429530201,-3868
143.355704697987,14.9664429530201,-3874
143.422818791946,14.9664429530201,-3805
143.489932885906,14.9664429530201,-3611
143.557046979866,14.9664429530201,-3353
143.624161073825,14.9664429530201,-3152
143.691275167785,14.9664429530201,-3433
143.758389261745,14.9664429530201,-3692
143.825503355705,14.9664429530201,-3911
143.892617449664,14.9664429530201,-4190
143.959731543624,14.9664429530201,-4157
144.026845637584,14.9664429530201,-3730
144.093959731544,14.9664429530201,-3599
144.161073825503,14.9664429530201,-3654
144.228187919463,14.9664429530201,-3880
144.295302013423,14.9664429530201,-4140
144.362416107383,14.9664429530201,-4290
144.429530201342,14.9664429530201,-4100
144.496644295302,14.9664429530201,-3848
144.563758389262,14.9664429530201,-3706
144.630872483221,14.9664429530201,-3682
144.697986577181,14.9664429530201,-3576
144.765100671141,14.9664429530201,-3484
144.832214765101,14.9664429530201,-3408
144.89932885906,14.9664429530201,-3122
144.96644295302,14.9664429530201,-2871
145.03355704698,14.9664429530201,-2528
145.10067114094,14.9664429530201,-2081
145.167785234899,14.9664429530201,-1384
145.234899328859,14.9664429530201,-639
145.302013422819,14.9664429530201,-779
145.369127516779,14.9664429530201,-1399
145.436241610738,14.9664429530201,-1249
145.503355704698,14.9664429530201,-652
145.570469798658,14.9664429530201,-178
145.637583892617,14.9664429530201,39
145.704697986577,14.9664429530201,-474
145.771812080537,14.9664429530201,-1478
145.838926174497,14.9664429530201,-1980
145.906040268456,14.9664429530201,-2429
145.973154362416,14.9664429530201,-3148
146.040268456376,14.9664429530201,-3477
146.107382550336,14.9664429530201,-3785
146.174496644295,14.9664429530201,-4096
146.241610738255,14.9664429530201,-4372
146.308724832215,14.9664429530201,-4560
146.375838926175,14.9664429530201,-4538
146.442953020134,14.9664429530201,-4351
146.510067114094,14.9664429530201,-4400
146.577181208054,14.9664429530201,-4438
146.644295302013,14.9664429530201,-4265
146.711409395973,14.9664429530201,-4392
146.778523489933,14.9664429530201,-4528
146.845637583893,14.9664429530201,-4871
146.912751677852,14.9664429530201,-5006
146.979865771812,14.9664429530201,-5239
147.046979865772,14.9664429530201,-5636
147.114093959732,14.9664429530201,-6183
147.181208053691,14.9664429530201,-6670
147.248322147651,14.9664429530201,-7012
147.315436241611,14.9664429530201,-7148
147.38255033557,14.9664429530201,-7548
147.44966442953,14.9664429530201,-8017
147.51677852349,14.9664429530201,-8054
147.58389261745,14.9664429530201,-7509
147.651006711409,14.9664429530201,-6925
147.718120805369,14.9664429530201,-6496
147.785234899329,14.9664429530201,-6077
147.852348993289,14.9664429530201,-5690
147.919463087248,14.9664429530201,-5399
147.986577181208,14.9664429530201,-5295
148.053691275168,14.9664429530201,-5291
148.120805369128,14.9664429530201,-5544
148.187919463087,14.9664429530201,-5777
148.255033557047,14.9664429530201,-5638
148.322147651007,14.9664429530201,-5484
148.389261744966,14.9664429530201,-4494
148.456375838926,14.9664429530201,-2985
148.523489932886,14.9664429530201,-2670
148.590604026846,14.9664429530201,-4087
148.657718120805,14.9664429530201,-5278
148.724832214765,14.9664429530201,-6017
148.791946308725,14.9664429530201,-6055
148.859060402685,14.9664429530201,-6197
148.926174496644,14.9664429530201,-6197
148.993288590604,14.9664429530201,-5840
149.060402684564,14.9664429530201,-5686
149.127516778523,14.9664429530201,-5728
149.194630872483,14.9664429530201,-5667
149.261744966443,14.9664429530201,-5577
149.328859060403,14.9664429530201,-5639
149.395973154362,14.9664429530201,-5712
149.463087248322,14.9664429530201,-5636
149.530201342282,14.9664429530201,-5672
149.597315436242,14.9664429530201,-5790
149.664429530201,14.9664429530201,-5602
149.731543624161,14.9664429530201,-4653
149.798657718121,14.9664429530201,-3649
149.865771812081,14.9664429530201,-4212
149.93288590604,14.9664429530201,-5564
150,14.9664429530201,-5870
140,14.8993288590604,-4955
140.06711409396,14.8993288590604,-4925
140.134228187919,14.8993288590604,-4946
140.201342281879,14.8993288590604,-4976
140.268456375839,14.8993288590604,-4938
140.335570469799,14.8993288590604,-4938
140.402684563758,14.8993288590604,-4954
140.469798657718,14.8993288590604,-4966
140.536912751678,14.8993288590604,-4969
140.604026845638,14.8993288590604,-4980
140.671140939597,14.8993288590604,-4932
140.738255033557,14.8993288590604,-4765
140.805369127517,14.8993288590604,-4896
140.872483221477,14.8993288590604,-4996
140.939597315436,14.8993288590604,-4916
141.006711409396,14.8993288590604,-4862
141.073825503356,14.8993288590604,-4838
141.140939597315,14.8993288590604,-4816
141.208053691275,14.8993288590604,-4796
141.275167785235,14.8993288590604,-4759
141.342281879195,14.8993288590604,-4716
141.409395973154,14.8993288590604,-4719
141.476510067114,14.8993288590604,-4678
141.543624161074,14.8993288590604,-4618
141.610738255034,14.8993288590604,-4678
141.677852348993,14.8993288590604,-4678
141.744966442953,14.8993288590604,-4606
141.812080536913,14.8993288590604,-4584
141.879194630872,14.8993288590604,-4546
141.946308724832,14.8993288590604,-4522
142.013422818792,14.8993288590604,-4496
142.080536912752,14.8993288590604,-4475
142.147651006711,14.8993288590604,-4448
142.214765100671,14.8993288590604,-4355
142.281879194631,14.8993288590604,-4303
142.348993288591,14.8993288590604,-4283
142.41610738255,14.8993288590604,-4178
142.48322147651,14.8993288590604,-4117
142.55033557047,14.8993288590604,-4068
142.61744966443,14.8993288590604,-3936
142.684563758389,14.8993288590604,-3567
142.751677852349,14.8993288590604,-3013
142.818791946309,14.8993288590604,-2906
142.885906040268,14.8993288590604,-2933
142.953020134228,14.8993288590604,-2817
143.020134228188,14.8993288590604,-2420
143.087248322148,14.8993288590604,-2309
143.154362416107,14.8993288590604,-2734
143.221476510067,14.8993288590604,-3621
143.288590604027,14.8993288590604,-4011
143.355704697987,14.8993288590604,-3755
143.422818791946,14.8993288590604,-3650
143.489932885906,14.8993288590604,-3495
143.557046979866,14.8993288590604,-3249
143.624161073825,14.8993288590604,-3189
143.691275167785,14.8993288590604,-3683
143.758389261745,14.8993288590604,-4068
143.825503355705,14.8993288590604,-4363
143.892617449664,14.8993288590604,-4152
143.959731543624,14.8993288590604,-3742
144.026845637584,14.8993288590604,-3583
144.093959731544,14.8993288590604,-3412
144.161073825503,14.8993288590604,-3611
144.228187919463,14.8993288590604,-4239
144.295302013423,14.8993288590604,-4512
144.362416107383,14.8993288590604,-4307
144.429530201342,14.8993288590604,-3630
144.496644295302,14.8993288590604,-3591
144.563758389262,14.8993288590604,-3746
144.630872483221,14.8993288590604,-3663
144.697986577181,14.8993288590604,-3589
144.765100671141,14.8993288590604,-3495
144.832214765101,14.8993288590604,-3325
144.89932885906,14.8993288590604,-3065
144.96644295302,14.8993288590604,-2803
145.03355704698,14.8993288590604,-2475
145.10067114094,14.8993288590604,-2074
145.167785234899,14.8993288590604,-1589
145.234899328859,14.8993288590604,-1051
145.302013422819,14.8993288590604,-1188
145.369127516779,14.8993288590604,-1452
145.436241610738,14.8993288590604,-1282
145.503355704698,14.8993288590604,-469
145.570469798658,14.8993288590604,-138
145.637583892617,14.8993288590604,-221
145.704697986577,14.8993288590604,-709
145.771812080537,14.8993288590604,-1718
145.838926174497,14.8993288590604,-2334
145.906040268456,14.8993288590604,-2812
145.973154362416,14.8993288590604,-3296
146.040268456376,14.8993288590604,-3602
146.107382550336,14.8993288590604,-3936
146.174496644295,14.8993288590604,-4255
146.241610738255,14.8993288590604,-4510
146.308724832215,14.8993288590604,-4617
146.375838926175,14.8993288590604,-4445
146.442953020134,14.8993288590604,-4290
146.510067114094,14.8993288590604,-4294
146.577181208054,14.8993288590604,-4254
146.644295302013,14.8993288590604,-4053
146.711409395973,14.8993288590604,-4281
146.778523489933,14.8993288590604,-4667
146.845637583893,14.8993288590604,-4893
146.912751677852,14.8993288590604,-5052
146.979865771812,14.8993288590604,-5504
147.046979865772,14.8993288590604,-5894
147.114093959732,14.8993288590604,-6225
147.181208053691,14.8993288590604,-6606
147.248322147651,14.8993288590604,-6896
147.315436241611,14.8993288590604,-7173
147.38255033557,14.8993288590604,-7738
147.44966442953,14.8993288590604,-8214
147.51677852349,14.8993288590604,-8100
147.58389261745,14.8993288590604,-7590
147.651006711409,14.8993288590604,-7088
147.718120805369,14.8993288590604,-6601
147.785234899329,14.8993288590604,-6000
147.852348993289,14.8993288590604,-5470
147.919463087248,14.8993288590604,-5216
147.986577181208,14.8993288590604,-5131
148.053691275168,14.8993288590604,-5055
148.120805369128,14.8993288590604,-5570
148.187919463087,14.8993288590604,-5829
148.255033557047,14.8993288590604,-5923
148.322147651007,14.8993288590604,-5662
148.389261744966,14.8993288590604,-4703
148.456375838926,14.8993288590604,-3159
148.523489932886,14.8993288590604,-3768
148.590604026846,14.8993288590604,-4762
148.657718120805,14.8993288590604,-5624
148.724832214765,14.8993288590604,-5821
148.791946308725,14.8993288590604,-5782
148.859060402685,14.8993288590604,-5939
148.926174496644,14.8993288590604,-5887
148.993288590604,14.8993288590604,-5732
149.060402684564,14.8993288590604,-5669
149.127516778523,14.8993288590604,-5649
149.194630872483,14.8993288590604,-5509
149.261744966443,14.8993288590604,-5412
149.328859060403,14.8993288590604,-5580
149.395973154362,14.8993288590604,-5714
149.463087248322,14.8993288590604,-5733
149.530201342282,14.8993288590604,-5770
149.597315436242,14.8993288590604,-5827
149.664429530201,14.8993288590604,-5788
149.731543624161,14.8993288590604,-5410
149.798657718121,14.8993288590604,-5144
149.865771812081,14.8993288590604,-5487
149.93288590604,14.8993288590604,-5862
150,14.8993288590604,-5890
140,14.8322147651007,-4603
140.06711409396,14.8322147651007,-4796
140.134228187919,14.8322147651007,-4884
140.201342281879,14.8322147651007,-4904
140.268456375839,14.8322147651007,-4872
140.335570469799,14.8322147651007,-4892
140.402684563758,14.8322147651007,-4970
140.469798657718,14.8322147651007,-4982
140.536912751678,14.8322147651007,-4943
140.604026845638,14.8322147651007,-4937
140.671140939597,14.8322147651007,-4926
140.738255033557,14.8322147651007,-4879
140.805369127517,14.8322147651007,-4949
140.872483221477,14.8322147651007,-5000
140.939597315436,14.8322147651007,-4918
141.006711409396,14.8322147651007,-4868
141.073825503356,14.8322147651007,-4849
141.140939597315,14.8322147651007,-4835
141.208053691275,14.8322147651007,-4799
141.275167785235,14.8322147651007,-4760
141.342281879195,14.8322147651007,-4719
141.409395973154,14.8322147651007,-4716
141.476510067114,14.8322147651007,-4668
141.543624161074,14.8322147651007,-4617
141.610738255034,14.8322147651007,-4662
141.677852348993,14.8322147651007,-4634
141.744966442953,14.8322147651007,-4599
141.812080536913,14.8322147651007,-4571
141.879194630872,14.8322147651007,-4514
141.946308724832,14.8322147651007,-4432
142.013422818792,14.8322147651007,-4388
142.080536912752,14.8322147651007,-4400
142.147651006711,14.8322147651007,-4397
142.214765100671,14.8322147651007,-4399
142.281879194631,14.8322147651007,-4329
142.348993288591,14.8322147651007,-4255
142.41610738255,14.8322147651007,-4196
142.48322147651,14.8322147651007,-4117
142.55033557047,14.8322147651007,-4013
142.61744966443,14.8322147651007,-3907
142.684563758389,14.8322147651007,-3781
142.751677852349,14.8322147651007,-3581
142.818791946309,14.8322147651007,-3275
142.885906040268,14.8322147651007,-3002
142.953020134228,14.8322147651007,-2959
143.020134228188,14.8322147651007,-3082
143.087248322148,14.8322147651007,-3239
143.154362416107,14.8322147651007,-3272
143.221476510067,14.8322147651007,-3976
143.288590604027,14.8322147651007,-3922
143.355704697987,14.8322147651007,-3645
143.422818791946,14.8322147651007,-3557
143.489932885906,14.8322147651007,-3779
143.557046979866,14.8322147651007,-3621
143.624161073825,14.8322147651007,-3581
143.691275167785,14.8322147651007,-3728
143.758389261745,14.8322147651007,-3649
143.825503355705,14.8322147651007,-3908
143.892617449664,14.8322147651007,-4494
143.959731543624,14.8322147651007,-3896
144.026845637584,14.8322147651007,-4022
144.093959731544,14.8322147651007,-4451
144.161073825503,14.8322147651007,-4784
144.228187919463,14.8322147651007,-4497
144.295302013423,14.8322147651007,-4238
144.362416107383,14.8322147651007,-4055
144.429530201342,14.8322147651007,-3637
144.496644295302,14.8322147651007,-3786
144.563758389262,14.8322147651007,-3815
144.630872483221,14.8322147651007,-3562
144.697986577181,14.8322147651007,-3459
144.765100671141,14.8322147651007,-3448
144.832214765101,14.8322147651007,-3218
144.89932885906,14.8322147651007,-3047
144.96644295302,14.8322147651007,-2779
145.03355704698,14.8322147651007,-2475
145.10067114094,14.8322147651007,-2198
145.167785234899,14.8322147651007,-1946
145.234899328859,14.8322147651007,-1615
145.302013422819,14.8322147651007,-1249
145.369127516779,14.8322147651007,-1282
145.436241610738,14.8322147651007,-1125
145.503355704698,14.8322147651007,-386
145.570469798658,14.8322147651007,-170
145.637583892617,14.8322147651007,-760
145.704697986577,14.8322147651007,-1529
145.771812080537,14.8322147651007,-2297
145.838926174497,14.8322147651007,-2751
145.906040268456,14.8322147651007,-3101
145.973154362416,14.8322147651007,-3501
146.040268456376,14.8322147651007,-3785
146.107382550336,14.8322147651007,-4091
146.174496644295,14.8322147651007,-4388
146.241610738255,14.8322147651007,-4564
146.308724832215,14.8322147651007,-4623
146.375838926175,14.8322147651007,-4431
146.442953020134,14.8322147651007,-4416
146.510067114094,14.8322147651007,-4410
146.577181208054,14.8322147651007,-4106
146.644295302013,14.8322147651007,-4136
146.711409395973,14.8322147651007,-4522
146.778523489933,14.8322147651007,-4858
146.845637583893,14.8322147651007,-5038
146.912751677852,14.8322147651007,-5291
146.979865771812,14.8322147651007,-5761
147.046979865772,14.8322147651007,-6086
147.114093959732,14.8322147651007,-6107
147.181208053691,14.8322147651007,-6152
147.248322147651,14.8322147651007,-6582
147.315436241611,14.8322147651007,-7192
147.38255033557,14.8322147651007,-7895
147.44966442953,14.8322147651007,-8290
147.51677852349,14.8322147651007,-8059
147.58389261745,14.8322147651007,-7506
147.651006711409,14.8322147651007,-7125
147.718120805369,14.8322147651007,-6389
147.785234899329,14.8322147651007,-5605
147.852348993289,14.8322147651007,-5037
147.919463087248,14.8322147651007,-4865
147.986577181208,14.8322147651007,-4779
148.053691275168,14.8322147651007,-4911
148.120805369128,14.8322147651007,-5526
148.187919463087,14.8322147651007,-5840
148.255033557047,14.8322147651007,-5800
148.322147651007,14.8322147651007,-5684
148.389261744966,14.8322147651007,-5430
148.456375838926,14.8322147651007,-4950
148.523489932886,14.8322147651007,-5121
148.590604026846,14.8322147651007,-5694
148.657718120805,14.8322147651007,-5890
148.724832214765,14.8322147651007,-5631
148.791946308725,14.8322147651007,-5583
148.859060402685,14.8322147651007,-5627
148.926174496644,14.8322147651007,-5559
148.993288590604,14.8322147651007,-5495
149.060402684564,14.8322147651007,-5469
149.127516778523,14.8322147651007,-5590
149.194630872483,14.8322147651007,-5545
149.261744966443,14.8322147651007,-5385
149.328859060403,14.8322147651007,-5544
149.395973154362,14.8322147651007,-5777
149.463087248322,14.8322147651007,-5791
149.530201342282,14.8322147651007,-5741
149.597315436242,14.8322147651007,-5761
149.664429530201,14.8322147651007,-5755
149.731543624161,14.8322147651007,-5764
149.798657718121,14.8322147651007,-5859
149.865771812081,14.8322147651007,-5983
149.93288590604,14.8322147651007,-5985
150,14.8322147651007,-5907
140,14.7651006711409,-4757
140.06711409396,14.7651006711409,-4881
140.134228187919,14.7651006711409,-4884
140.201342281879,14.7651006711409,-4900
140.268456375839,14.7651006711409,-4952
140.335570469799,14.7651006711409,-4981
140.402684563758,14.7651006711409,-5011
140.469798657718,14.7651006711409,-5001
140.536912751678,14.7651006711409,-4953
140.604026845638,14.7651006711409,-4929
140.671140939597,14.7651006711409,-4923
140.738255033557,14.7651006711409,-4903
140.805369127517,14.7651006711409,-4857
140.872483221477,14.7651006711409,-4866
140.939597315436,14.7651006711409,-4784
141.006711409396,14.7651006711409,-4773
141.073825503356,14.7651006711409,-4813
141.140939597315,14.7651006711409,-4769
141.208053691275,14.7651006711409,-4770
141.275167785235,14.7651006711409,-4824
141.342281879195,14.7651006711409,-4804
141.409395973154,14.7651006711409,-4735
141.476510067114,14.7651006711409,-4694
141.543624161074,14.7651006711409,-4653
141.610738255034,14.7651006711409,-4614
141.677852348993,14.7651006711409,-4565
141.744966442953,14.7651006711409,-4581
141.812080536913,14.7651006711409,-4555
141.879194630872,14.7651006711409,-4486
141.946308724832,14.7651006711409,-4375
142.013422818792,14.7651006711409,-4370
142.080536912752,14.7651006711409,-4279
142.147651006711,14.7651006711409,-4282
142.214765100671,14.7651006711409,-4327
142.281879194631,14.7651006711409,-4298
142.348993288591,14.7651006711409,-4248
142.41610738255,14.7651006711409,-4116
142.48322147651,14.7651006711409,-4075
142.55033557047,14.7651006711409,-3919
142.61744966443,14.7651006711409,-3767
142.684563758389,14.7651006711409,-3667
142.751677852349,14.7651006711409,-3477
142.818791946309,14.7651006711409,-3193
142.885906040268,14.7651006711409,-3013
142.953020134228,14.7651006711409,-2928
143.020134228188,14.7651006711409,-2888
143.087248322148,14.7651006711409,-3104
143.154362416107,14.7651006711409,-3195
143.221476510067,14.7651006711409,-3830
143.288590604027,14.7651006711409,-3793
143.355704697987,14.7651006711409,-3587
143.422818791946,14.7651006711409,-3635
143.489932885906,14.7651006711409,-3822
143.557046979866,14.7651006711409,-3808
143.624161073825,14.7651006711409,-3671
143.691275167785,14.7651006711409,-3568
143.758389261745,14.7651006711409,-3486
143.825503355705,14.7651006711409,-3936
143.892617449664,14.7651006711409,-4870
143.959731543624,14.7651006711409,-4398
144.026845637584,14.7651006711409,-4276
144.093959731544,14.7651006711409,-4552
144.161073825503,14.7651006711409,-4400
144.228187919463,14.7651006711409,-4069
144.295302013423,14.7651006711409,-4113
144.362416107383,14.7651006711409,-3868
144.429530201342,14.7651006711409,-3790
144.496644295302,14.7651006711409,-3762
144.563758389262,14.7651006711409,-3596
144.630872483221,14.7651006711409,-3564
144.697986577181,14.7651006711409,-3473
144.765100671141,14.7651006711409,-3292
144.832214765101,14.7651006711409,-3048
144.89932885906,14.7651006711409,-2748
144.96644295302,14.7651006711409,-2618
145.03355704698,14.7651006711409,-2351
145.10067114094,14.7651006711409,-2072
145.167785234899,14.7651006711409,-1891
145.234899328859,14.7651006711409,-1680
145.302013422819,14.7651006711409,-1408
145.369127516779,14.7651006711409,-1318
145.436241610738,14.7651006711409,-1116
145.503355704698,14.7651006711409,-642
145.570469798658,14.7651006711409,-729
145.637583892617,14.7651006711409,-976
145.704697986577,14.7651006711409,-1669
145.771812080537,14.7651006711409,-2603
145.838926174497,14.7651006711409,-2967
145.906040268456,14.7651006711409,-3276
145.973154362416,14.7651006711409,-3637
146.040268456376,14.7651006711409,-3919
146.107382550336,14.7651006711409,-4240
146.174496644295,14.7651006711409,-4480
146.241610738255,14.7651006711409,-4570
146.308724832215,14.7651006711409,-4492
146.375838926175,14.7651006711409,-4424
146.442953020134,14.7651006711409,-4532
146.510067114094,14.7651006711409,-4499
146.577181208054,14.7651006711409,-4297
146.644295302013,14.7651006711409,-4401
146.711409395973,14.7651006711409,-4677
146.778523489933,14.7651006711409,-4945
146.845637583893,14.7651006711409,-5143
146.912751677852,14.7651006711409,-5502
146.979865771812,14.7651006711409,-6003
147.046979865772,14.7651006711409,-6213
147.114093959732,14.7651006711409,-6116
147.181208053691,14.7651006711409,-6084
147.248322147651,14.7651006711409,-6653
147.315436241611,14.7651006711409,-7437
147.38255033557,14.7651006711409,-8037
147.44966442953,14.7651006711409,-8439
147.51677852349,14.7651006711409,-8060
147.58389261745,14.7651006711409,-7339
147.651006711409,14.7651006711409,-6687
147.718120805369,14.7651006711409,-5776
147.785234899329,14.7651006711409,-4835
147.852348993289,14.7651006711409,-4426
147.919463087248,14.7651006711409,-4345
147.986577181208,14.7651006711409,-4446
148.053691275168,14.7651006711409,-5027
148.120805369128,14.7651006711409,-5646
148.187919463087,14.7651006711409,-5747
148.255033557047,14.7651006711409,-5692
148.322147651007,14.7651006711409,-5569
148.389261744966,14.7651006711409,-5645
148.456375838926,14.7651006711409,-5643
148.523489932886,14.7651006711409,-5619
148.590604026846,14.7651006711409,-5793
148.657718120805,14.7651006711409,-5793
148.724832214765,14.7651006711409,-5654
148.791946308725,14.7651006711409,-5636
148.859060402685,14.7651006711409,-5546
148.926174496644,14.7651006711409,-5353
148.993288590604,14.7651006711409,-5208
149.060402684564,14.7651006711409,-5182
149.127516778523,14.7651006711409,-5377
149.194630872483,14.7651006711409,-5541
149.261744966443,14.7651006711409,-5476
149.328859060403,14.7651006711409,-5539
149.395973154362,14.7651006711409,-5766
149.463087248322,14.7651006711409,-5782
149.530201342282,14.7651006711409,-5736
149.597315436242,14.7651006711409,-5731
149.664429530201,14.7651006711409,-5667
149.731543624161,14.7651006711409,-5701
149.798657718121,14.7651006711409,-5925
149.865771812081,14.7651006711409,-6128
149.93288590604,14.7651006711409,-6186
150,14.7651006711409,-5901
140,14.6979865771812,-4838
140.06711409396,14.6979865771812,-4945
140.134228187919,14.6979865771812,-4887
140.201342281879,14.6979865771812,-4889
140.268456375839,14.6979865771812,-4971
140.335570469799,14.6979865771812,-4983
140.402684563758,14.6979865771812,-4962
140.469798657718,14.6979865771812,-4965
140.536912751678,14.6979865771812,-4972
140.604026845638,14.6979865771812,-4916
140.671140939597,14.6979865771812,-4896
140.738255033557,14.6979865771812,-4919
140.805369127517,14.6979865771812,-4908
140.872483221477,14.6979865771812,-4915
140.939597315436,14.6979865771812,-4843
141.006711409396,14.6979865771812,-4846
141.073825503356,14.6979865771812,-4849
141.140939597315,14.6979865771812,-4799
141.208053691275,14.6979865771812,-4794
141.275167785235,14.6979865771812,-4874
141.342281879195,14.6979865771812,-4846
141.409395973154,14.6979865771812,-4741
141.476510067114,14.6979865771812,-4723
141.543624161074,14.6979865771812,-4729
141.610738255034,14.6979865771812,-4659
141.677852348993,14.6979865771812,-4613
141.744966442953,14.6979865771812,-4609
141.812080536913,14.6979865771812,-4590
141.879194630872,14.6979865771812,-4510
141.946308724832,14.6979865771812,-4390
142.013422818792,14.6979865771812,-4427
142.080536912752,14.6979865771812,-4261
142.147651006711,14.6979865771812,-4201
142.214765100671,14.6979865771812,-4219
142.281879194631,14.6979865771812,-4181
142.348993288591,14.6979865771812,-4081
142.41610738255,14.6979865771812,-3442
142.48322147651,14.6979865771812,-3121
142.55033557047,14.6979865771812,-3644
142.61744966443,14.6979865771812,-3698
142.684563758389,14.6979865771812,-3627
142.751677852349,14.6979865771812,-3361
142.818791946309,14.6979865771812,-3047
142.885906040268,14.6979865771812,-2845
142.953020134228,14.6979865771812,-2802
143.020134228188,14.6979865771812,-2737
143.087248322148,14.6979865771812,-2702
143.154362416107,14.6979865771812,-2978
143.221476510067,14.6979865771812,-3720
143.288590604027,14.6979865771812,-3795
143.355704697987,14.6979865771812,-3627
143.422818791946,14.6979865771812,-3582
143.489932885906,14.6979865771812,-3695
143.557046979866,14.6979865771812,-3687
143.624161073825,14.6979865771812,-3632
143.691275167785,14.6979865771812,-3538
143.758389261745,14.6979865771812,-3746
143.825503355705,14.6979865771812,-4038
143.892617449664,14.6979865771812,-4556
143.959731543624,14.6979865771812,-4133
144.026845637584,14.6979865771812,-3922
144.093959731544,14.6979865771812,-4263
144.161073825503,14.6979865771812,-3677
144.228187919463,14.6979865771812,-3417
144.295302013423,14.6979865771812,-4109
144.362416107383,14.6979865771812,-3938
144.429530201342,14.6979865771812,-3742
144.496644295302,14.6979865771812,-3590
144.563758389262,14.6979865771812,-3414
144.630872483221,14.6979865771812,-3503
144.697986577181,14.6979865771812,-3276
144.765100671141,14.6979865771812,-2884
144.832214765101,14.6979865771812,-2808
144.89932885906,14.6979865771812,-2427
144.96644295302,14.6979865771812,-2362
145.03355704698,14.6979865771812,-2317
145.10067114094,14.6979865771812,-2065
145.167785234899,14.6979865771812,-1813
145.234899328859,14.6979865771812,-1794
145.302013422819,14.6979865771812,-1741
145.369127516779,14.6979865771812,-1541
145.436241610738,14.6979865771812,-1399
145.503355704698,14.6979865771812,-1114
145.570469798658,14.6979865771812,-1137
145.637583892617,14.6979865771812,-1320
145.704697986577,14.6979865771812,-1961
145.771812080537,14.6979865771812,-2719
145.838926174497,14.6979865771812,-3101
145.906040268456,14.6979865771812,-3422
145.973154362416,14.6979865771812,-3747
146.040268456376,14.6979865771812,-4046
146.107382550336,14.6979865771812,-4315
146.174496644295,14.6979865771812,-4509
146.241610738255,14.6979865771812,-4516
146.308724832215,14.6979865771812,-4366
146.375838926175,14.6979865771812,-4310
146.442953020134,14.6979865771812,-4489
146.510067114094,14.6979865771812,-4422
146.577181208054,14.6979865771812,-4383
146.644295302013,14.6979865771812,-4538
146.711409395973,14.6979865771812,-4739
146.778523489933,14.6979865771812,-4964
146.845637583893,14.6979865771812,-5243
146.912751677852,14.6979865771812,-5673
146.979865771812,14.6979865771812,-6057
147.046979865772,14.6979865771812,-6276
147.114093959732,14.6979865771812,-6408
147.181208053691,14.6979865771812,-6561
147.248322147651,14.6979865771812,-7131
147.315436241611,14.6979865771812,-7794
147.38255033557,14.6979865771812,-8554
147.44966442953,14.6979865771812,-8577
147.51677852349,14.6979865771812,-8011
147.58389261745,14.6979865771812,-6688
147.651006711409,14.6979865771812,-5846
147.718120805369,14.6979865771812,-5090
147.785234899329,14.6979865771812,-3845
147.852348993289,14.6979865771812,-3362
147.919463087248,14.6979865771812,-3316
147.986577181208,14.6979865771812,-4012
148.053691275168,14.6979865771812,-4980
148.120805369128,14.6979865771812,-5719
148.187919463087,14.6979865771812,-5749
148.255033557047,14.6979865771812,-5700
148.322147651007,14.6979865771812,-5632
148.389261744966,14.6979865771812,-5718
148.456375838926,14.6979865771812,-5733
148.523489932886,14.6979865771812,-5700
148.590604026846,14.6979865771812,-5761
148.657718120805,14.6979865771812,-5714
148.724832214765,14.6979865771812,-5705
148.791946308725,14.6979865771812,-5689
148.859060402685,14.6979865771812,-5509
148.926174496644,14.6979865771812,-5240
148.993288590604,14.6979865771812,-5038
149.060402684564,14.6979865771812,-5027
149.127516778523,14.6979865771812,-5208
149.194630872483,14.6979865771812,-5383
149.261744966443,14.6979865771812,-5403
149.328859060403,14.6979865771812,-5510
149.395973154362,14.6979865771812,-5769
149.463087248322,14.6979865771812,-5795
149.530201342282,14.6979865771812,-5727
149.597315436242,14.6979865771812,-5711
149.664429530201,14.6979865771812,-5678
149.731543624161,14.6979865771812,-5689
149.798657718121,14.6979865771812,-5868
149.865771812081,14.6979865771812,-5988
149.93288590604,14.6979865771812,-6443
150,14.6979865771812,-6226
140,14.6308724832215,-4973
140.06711409396,14.6308724832215,-5028
140.134228187919,14.6308724832215,-4864
140.201342281879,14.6308724832215,-4832
140.268456375839,14.6308724832215,-4969
140.335570469799,14.6308724832215,-4988
140.402684563758,14.6308724832215,-4957
140.469798657718,14.6308724832215,-4962
140.536912751678,14.6308724832215,-4964
140.604026845638,14.6308724832215,-4880
140.671140939597,14.6308724832215,-4846
140.738255033557,14.6308724832215,-4894
140.805369127517,14.6308724832215,-4907
140.872483221477,14.6308724832215,-4914
140.939597315436,14.6308724832215,-4881
141.006711409396,14.6308724832215,-4892
141.073825503356,14.6308724832215,-4886
141.140939597315,14.6308724832215,-4830
141.208053691275,14.6308724832215,-4784
141.275167785235,14.6308724832215,-4825
141.342281879195,14.6308724832215,-4792
141.409395973154,14.6308724832215,-4712
141.476510067114,14.6308724832215,-4709
141.543624161074,14.6308724832215,-4702
141.610738255034,14.6308724832215,-4661
141.677852348993,14.6308724832215,-4646
141.744966442953,14.6308724832215,-4616
141.812080536913,14.6308724832215,-4577
141.879194630872,14.6308724832215,-4535
141.946308724832,14.6308724832215,-4404
142.013422818792,14.6308724832215,-4355
142.080536912752,14.6308724832215,-4238
142.147651006711,14.6308724832215,-4186
142.214765100671,14.6308724832215,-4111
142.281879194631,14.6308724832215,-4092
142.348993288591,14.6308724832215,-3919
142.41610738255,14.6308724832215,-3193
142.48322147651,14.6308724832215,-2693
142.55033557047,14.6308724832215,-2954
142.61744966443,14.6308724832215,-3364
142.684563758389,14.6308724832215,-3400
142.751677852349,14.6308724832215,-3256
142.818791946309,14.6308724832215,-2906
142.885906040268,14.6308724832215,-2655
142.953020134228,14.6308724832215,-2695
143.020134228188,14.6308724832215,-2627
143.087248322148,14.6308724832215,-2492
143.154362416107,14.6308724832215,-2681
143.221476510067,14.6308724832215,-3580
143.288590604027,14.6308724832215,-3801
143.355704697987,14.6308724832215,-3638
143.422818791946,14.6308724832215,-3478
143.489932885906,14.6308724832215,-3494
143.557046979866,14.6308724832215,-3585
143.624161073825,14.6308724832215,-3677
143.691275167785,14.6308724832215,-3539
143.758389261745,14.6308724832215,-3929
143.825503355705,14.6308724832215,-3909
143.892617449664,14.6308724832215,-3846
143.959731543624,14.6308724832215,-3781
144.026845637584,14.6308724832215,-4027
144.093959731544,14.6308724832215,-4202
144.161073825503,14.6308724832215,-3715
144.228187919463,14.6308724832215,-3270
144.295302013423,14.6308724832215,-4240
144.362416107383,14.6308724832215,-3609
144.429530201342,14.6308724832215,-3430
144.496644295302,14.6308724832215,-3133
144.563758389262,14.6308724832215,-3236
144.630872483221,14.6308724832215,-3144
144.697986577181,14.6308724832215,-2619
144.765100671141,14.6308724832215,-1856
144.832214765101,14.6308724832215,-2445
144.89932885906,14.6308724832215,-2446
144.96644295302,14.6308724832215,-2128
145.03355704698,14.6308724832215,-1998
145.10067114094,14.6308724832215,-2067
145.167785234899,14.6308724832215,-1845
145.234899328859,14.6308724832215,-1777
145.302013422819,14.6308724832215,-1755
145.369127516779,14.6308724832215,-1486
145.436241610738,14.6308724832215,-1507
145.503355704698,14.6308724832215,-1536
145.570469798658,14.6308724832215,-1673
145.637583892617,14.6308724832215,-1919
145.704697986577,14.6308724832215,-2444
145.771812080537,14.6308724832215,-2862
145.838926174497,14.6308724832215,-3218
145.906040268456,14.6308724832215,-3560
145.973154362416,14.6308724832215,-3882
146.040268456376,14.6308724832215,-4134
146.107382550336,14.6308724832215,-4363
146.174496644295,14.6308724832215,-4569
146.241610738255,14.6308724832215,-4686
146.308724832215,14.6308724832215,-4628
146.375838926175,14.6308724832215,-4540
146.442953020134,14.6308724832215,-4496
146.510067114094,14.6308724832215,-4443
146.577181208054,14.6308724832215,-4435
146.644295302013,14.6308724832215,-4615
146.711409395973,14.6308724832215,-4867
146.778523489933,14.6308724832215,-5113
146.845637583893,14.6308724832215,-5495
146.912751677852,14.6308724832215,-6103
146.979865771812,14.6308724832215,-6355
147.046979865772,14.6308724832215,-6311
147.114093959732,14.6308724832215,-7043
147.181208053691,14.6308724832215,-7281
147.248322147651,14.6308724832215,-7612
147.315436241611,14.6308724832215,-8420
147.38255033557,14.6308724832215,-9036
147.44966442953,14.6308724832215,-8409
147.51677852349,14.6308724832215,-7806
147.58389261745,14.6308724832215,-6387
147.651006711409,14.6308724832215,-5246
147.718120805369,14.6308724832215,-4255
147.785234899329,14.6308724832215,-3017
147.852348993289,14.6308724832215,-2620
147.919463087248,14.6308724832215,-2611
147.986577181208,14.6308724832215,-3450
148.053691275168,14.6308724832215,-4675
148.120805369128,14.6308724832215,-5453
148.187919463087,14.6308724832215,-5702
148.255033557047,14.6308724832215,-5715
148.322147651007,14.6308724832215,-5724
148.389261744966,14.6308724832215,-5724
148.456375838926,14.6308724832215,-5539
148.523489932886,14.6308724832215,-5576
148.590604026846,14.6308724832215,-5693
148.657718120805,14.6308724832215,-5650
148.724832214765,14.6308724832215,-5658
148.791946308725,14.6308724832215,-5621
148.859060402685,14.6308724832215,-5468
148.926174496644,14.6308724832215,-5194
148.993288590604,14.6308724832215,-4875
149.060402684564,14.6308724832215,-4674
149.127516778523,14.6308724832215,-4774
149.194630872483,14.6308724832215,-5117
149.261744966443,14.6308724832215,-5136
149.328859060403,14.6308724832215,-5280
149.395973154362,14.6308724832215,-5746
149.463087248322,14.6308724832215,-5805
149.530201342282,14.6308724832215,-5759
149.597315436242,14.6308724832215,-5697
149.664429530201,14.6308724832215,-5725
149.731543624161,14.6308724832215,-5824
149.798657718121,14.6308724832215,-5865
149.865771812081,14.6308724832215,-6181
149.93288590604,14.6308724832215,-6526
150,14.6308724832215,-6065
140,14.5637583892617,-4846
140.06711409396,14.5637583892617,-4859
140.134228187919,14.5637583892617,-4789
140.201342281879,14.5637583892617,-4787
140.268456375839,14.5637583892617,-4956
140.335570469799,14.5637583892617,-4985
140.402684563758,14.5637583892617,-4887
140.469798657718,14.5637583892617,-4841
140.536912751678,14.5637583892617,-4885
140.604026845638,14.5637583892617,-4818
140.671140939597,14.5637583892617,-4850
140.738255033557,14.5637583892617,-4910
140.805369127517,14.5637583892617,-4908
140.872483221477,14.5637583892617,-4902
140.939597315436,14.5637583892617,-4901
141.006711409396,14.5637583892617,-4879
141.073825503356,14.5637583892617,-4875
141.140939597315,14.5637583892617,-4846
141.208053691275,14.5637583892617,-4798
141.275167785235,14.5637583892617,-4790
141.342281879195,14.5637583892617,-4780
141.409395973154,14.5637583892617,-4682
141.476510067114,14.5637583892617,-4668
141.543624161074,14.5637583892617,-4601
141.610738255034,14.5637583892617,-4524
141.677852348993,14.5637583892617,-4567
141.744966442953,14.5637583892617,-4601
141.812080536913,14.5637583892617,-4570
141.879194630872,14.5637583892617,-4517
141.946308724832,14.5637583892617,-4348
142.013422818792,14.5637583892617,-4291
142.080536912752,14.5637583892617,-4248
142.147651006711,14.5637583892617,-4170
142.214765100671,14.5637583892617,-4099
142.281879194631,14.5637583892617,-4037
142.348993288591,14.5637583892617,-3899
142.41610738255,14.5637583892617,-3466
142.48322147651,14.5637583892617,-3019
142.55033557047,14.5637583892617,-3024
142.61744966443,14.5637583892617,-2921
142.684563758389,14.5637583892617,-3185
142.751677852349,14.5637583892617,-3104
142.818791946309,14.5637583892617,-2760
142.885906040268,14.5637583892617,-2475
142.953020134228,14.5637583892617,-2454
143.020134228188,14.5637583892617,-2344
143.087248322148,14.5637583892617,-2179
143.154362416107,14.5637583892617,-2978
143.221476510067,14.5637583892617,-3717
143.288590604027,14.5637583892617,-3681
143.355704697987,14.5637583892617,-3495
143.422818791946,14.5637583892617,-3284
143.489932885906,14.5637583892617,-3276
143.557046979866,14.5637583892617,-3414
143.624161073825,14.5637583892617,-3676
143.691275167785,14.5637583892617,-3658
143.758389261745,14.5637583892617,-3941
143.825503355705,14.5637583892617,-3804
143.892617449664,14.5637583892617,-3483
143.959731543624,14.5637583892617,-3438
144.026845637584,14.5637583892617,-3834
144.093959731544,14.5637583892617,-4036
144.161073825503,14.5637583892617,-4080
144.228187919463,14.5637583892617,-3672
144.295302013423,14.5637583892617,-4143
144.362416107383,14.5637583892617,-3434
144.429530201342,14.5637583892617,-3145
144.496644295302,14.5637583892617,-3159
144.563758389262,14.5637583892617,-3525
144.630872483221,14.5637583892617,-3363
144.697986577181,14.5637583892617,-3023
144.765100671141,14.5637583892617,-2304
144.832214765101,14.5637583892617,-2480
144.89932885906,14.5637583892617,-2538
144.96644295302,14.5637583892617,-2308
145.03355704698,14.5637583892617,-1984
145.10067114094,14.5637583892617,-1938
145.167785234899,14.5637583892617,-1734
145.234899328859,14.5637583892617,-1636
145.302013422819,14.5637583892617,-1560
145.369127516779,14.5637583892617,-1260
145.436241610738,14.5637583892617,-1529
145.503355704698,14.5637583892617,-1674
145.570469798658,14.5637583892617,-1889
145.637583892617,14.5637583892617,-2247
145.704697986577,14.5637583892617,-2598
145.771812080537,14.5637583892617,-2963
145.838926174497,14.5637583892617,-3393
145.906040268456,14.5637583892617,-3719
145.973154362416,14.5637583892617,-3957
146.040268456376,14.5637583892617,-4179
146.107382550336,14.5637583892617,-4399
146.174496644295,14.5637583892617,-4630
146.241610738255,14.5637583892617,-4783
146.308724832215,14.5637583892617,-4818
146.375838926175,14.5637583892617,-4769
146.442953020134,14.5637583892617,-4672
146.510067114094,14.5637583892617,-4631
146.577181208054,14.5637583892617,-4596
146.644295302013,14.5637583892617,-4753
146.711409395973,14.5637583892617,-5067
146.778523489933,14.5637583892617,-5385
146.845637583893,14.5637583892617,-5879
146.912751677852,14.5637583892617,-6573
146.979865771812,14.5637583892617,-7032
147.046979865772,14.5637583892617,-6732
147.114093959732,14.5637583892617,-7056
147.181208053691,14.5637583892617,-7241
147.248322147651,14.5637583892617,-7881
147.315436241611,14.5637583892617,-8849
147.38255033557,14.5637583892617,-8880
147.44966442953,14.5637583892617,-8285
147.51677852349,14.5637583892617,-7650
147.58389261745,14.5637583892617,-6427
147.651006711409,14.5637583892617,-4822
147.718120805369,14.5637583892617,-3409
147.785234899329,14.5637583892617,-2717
147.852348993289,14.5637583892617,-2591
147.919463087248,14.5637583892617,-2672
147.986577181208,14.5637583892617,-3304
148.053691275168,14.5637583892617,-4402
148.120805369128,14.5637583892617,-5133
148.187919463087,14.5637583892617,-5588
148.255033557047,14.5637583892617,-5707
148.322147651007,14.5637583892617,-5731
148.389261744966,14.5637583892617,-5734
148.456375838926,14.5637583892617,-5685
148.523489932886,14.5637583892617,-5741
148.590604026846,14.5637583892617,-5733
148.657718120805,14.5637583892617,-5592
148.724832214765,14.5637583892617,-5628
148.791946308725,14.5637583892617,-5588
148.859060402685,14.5637583892617,-5461
148.926174496644,14.5637583892617,-5164
148.993288590604,14.5637583892617,-4434
149.060402684564,14.5637583892617,-3529
149.127516778523,14.5637583892617,-3598
149.194630872483,14.5637583892617,-4573
149.261744966443,14.5637583892617,-4969
149.328859060403,14.5637583892617,-5157
149.395973154362,14.5637583892617,-5700
149.463087248322,14.5637583892617,-5796
149.530201342282,14.5637583892617,-5741
149.597315436242,14.5637583892617,-5627
149.664429530201,14.5637583892617,-5704
149.731543624161,14.5637583892617,-5941
149.798657718121,14.5637583892617,-5892
149.865771812081,14.5637583892617,-5901
149.93288590604,14.5637583892617,-5947
150,14.5637583892617,-5921
140,14.496644295302,-4801
140.06711409396,14.496644295302,-4768
140.134228187919,14.496644295302,-4753
140.201342281879,14.496644295302,-4817
140.268456375839,14.496644295302,-4970
140.335570469799,14.496644295302,-4978
140.402684563758,14.496644295302,-4828
140.469798657718,14.496644295302,-4739
140.536912751678,14.496644295302,-4849
140.604026845638,14.496644295302,-4874
140.671140939597,14.496644295302,-4892
140.738255033557,14.496644295302,-4938
140.805369127517,14.496644295302,-4906
140.872483221477,14.496644295302,-4899
140.939597315436,14.496644295302,-4886
141.006711409396,14.496644295302,-4868
141.073825503356,14.496644295302,-4877
141.140939597315,14.496644295302,-4855
141.208053691275,14.496644295302,-4833
141.275167785235,14.496644295302,-4804
141.342281879195,14.496644295302,-4791
141.409395973154,14.496644295302,-4740
141.476510067114,14.496644295302,-4694
141.543624161074,14.496644295302,-4684
141.610738255034,14.496644295302,-4682
141.677852348993,14.496644295302,-4669
141.744966442953,14.496644295302,-4599
141.812080536913,14.496644295302,-4588
141.879194630872,14.496644295302,-4488
141.946308724832,14.496644295302,-4286
142.013422818792,14.496644295302,-4220
142.080536912752,14.496644295302,-4254
142.147651006711,14.496644295302,-4182
142.214765100671,14.496644295302,-4096
142.281879194631,14.496644295302,-4001
142.348993288591,14.496644295302,-3875
142.41610738255,14.496644295302,-3661
142.48322147651,14.496644295302,-3497
142.55033557047,14.496644295302,-3362
142.61744966443,14.496644295302,-3000
142.684563758389,14.496644295302,-2874
142.751677852349,14.496644295302,-2494
142.818791946309,14.496644295302,-2194
142.885906040268,14.496644295302,-2209
142.953020134228,14.496644295302,-2260
143.020134228188,14.496644295302,-2077
143.087248322148,14.496644295302,-2249
143.154362416107,14.496644295302,-3128
143.221476510067,14.496644295302,-3841
143.288590604027,14.496644295302,-3818
143.355704697987,14.496644295302,-3608
143.422818791946,14.496644295302,-3378
143.489932885906,14.496644295302,-3246
143.557046979866,14.496644295302,-3465
143.624161073825,14.496644295302,-3656
143.691275167785,14.496644295302,-3609
143.758389261745,14.496644295302,-3685
143.825503355705,14.496644295302,-3525
143.892617449664,14.496644295302,-3492
143.959731543624,14.496644295302,-3697
144.026845637584,14.496644295302,-3994
144.093959731544,14.496644295302,-3921
144.161073825503,14.496644295302,-3867
144.228187919463,14.496644295302,-4013
144.295302013423,14.496644295302,-4040
144.362416107383,14.496644295302,-3471
144.429530201342,14.496644295302,-3223
144.496644295302,14.496644295302,-3539
144.563758389262,14.496644295302,-3644
144.630872483221,14.496644295302,-3553
144.697986577181,14.496644295302,-3270
144.765100671141,14.496644295302,-2845
144.832214765101,14.496644295302,-2491
144.89932885906,14.496644295302,-2466
144.96644295302,14.496644295302,-2430
145.03355704698,14.496644295302,-2176
145.10067114094,14.496644295302,-1879
145.167785234899,14.496644295302,-1572
145.234899328859,14.496644295302,-1484
145.302013422819,14.496644295302,-1456
145.369127516779,14.496644295302,-1281
145.436241610738,14.496644295302,-1641
145.503355704698,14.496644295302,-1937
145.570469798658,14.496644295302,-1870
145.637583892617,14.496644295302,-2238
145.704697986577,14.496644295302,-2483
145.771812080537,14.496644295302,-3057
145.838926174497,14.496644295302,-3567
145.906040268456,14.496644295302,-3796
145.973154362416,14.496644295302,-4009
146.040268456376,14.496644295302,-4237
146.107382550336,14.496644295302,-4451
146.174496644295,14.496644295302,-4702
146.241610738255,14.496644295302,-4864
146.308724832215,14.496644295302,-4889
146.375838926175,14.496644295302,-4784
146.442953020134,14.496644295302,-4648
146.510067114094,14.496644295302,-4566
146.577181208054,14.496644295302,-4597
146.644295302013,14.496644295302,-4821
146.711409395973,14.496644295302,-5205
146.778523489933,14.496644295302,-5698
146.845637583893,14.496644295302,-6237
146.912751677852,14.496644295302,-6926
146.979865771812,14.496644295302,-7536
147.046979865772,14.496644295302,-7450
147.114093959732,14.496644295302,-7259
147.181208053691,14.496644295302,-7456
147.248322147651,14.496644295302,-8311
147.315436241611,14.496644295302,-8864
147.38255033557,14.496644295302,-8703
147.44966442953,14.496644295302,-8094
147.51677852349,14.496644295302,-7346
147.58389261745,14.496644295302,-6585
147.651006711409,14.496644295302,-5550
147.718120805369,14.496644295302,-4081
147.785234899329,14.496644295302,-2968
147.852348993289,14.496644295302,-2800
147.919463087248,14.496644295302,-3143
147.986577181208,14.496644295302,-3636
148.053691275168,14.496644295302,-4241
148.120805369128,14.496644295302,-4839
148.187919463087,14.496644295302,-5613
148.255033557047,14.496644295302,-5728
148.322147651007,14.496644295302,-5723
148.389261744966,14.496644295302,-5757
148.456375838926,14.496644295302,-5777
148.523489932886,14.496644295302,-5781
148.590604026846,14.496644295302,-5737
148.657718120805,14.496644295302,-5636
148.724832214765,14.496644295302,-5657
148.791946308725,14.496644295302,-5602
148.859060402685,14.496644295302,-5496
148.926174496644,14.496644295302,-5155
148.993288590604,14.496644295302,-3915
149.060402684564,14.496644295302,-2413
149.127516778523,14.496644295302,-2669
149.194630872483,14.496644295302,-4150
149.261744966443,14.496644295302,-4985
149.328859060403,14.496644295302,-5280
149.395973154362,14.496644295302,-5569
149.463087248322,14.496644295302,-5703
149.530201342282,14.496644295302,-5679
149.597315436242,14.496644295302,-5639
149.664429530201,14.496644295302,-5760
149.731543624161,14.496644295302,-5967
149.798657718121,14.496644295302,-5908
149.865771812081,14.496644295302,-5849
149.93288590604,14.496644295302,-5863
150,14.496644295302,-5888
140,14.4295302013423,-4909
140.06711409396,14.4295302013423,-4869
140.134228187919,14.4295302013423,-4856
140.201342281879,14.4295302013423,-4937
140.268456375839,14.4295302013423,-4965
140.335570469799,14.4295302013423,-4925
140.402684563758,14.4295302013423,-4920
140.469798657718,14.4295302013423,-4923
140.536912751678,14.4295302013423,-4938
140.604026845638,14.4295302013423,-4896
140.671140939597,14.4295302013423,-4915
140.738255033557,14.4295302013423,-4947
140.805369127517,14.4295302013423,-4900
140.872483221477,14.4295302013423,-4867
140.939597315436,14.4295302013423,-4850
141.006711409396,14.4295302013423,-4877
141.073825503356,14.4295302013423,-4898
141.140939597315,14.4295302013423,-4872
141.208053691275,14.4295302013423,-4851
141.275167785235,14.4295302013423,-4830
141.342281879195,14.4295302013423,-4835
141.409395973154,14.4295302013423,-4831
141.476510067114,14.4295302013423,-4738
141.543624161074,14.4295302013423,-4716
141.610738255034,14.4295302013423,-4790
141.677852348993,14.4295302013423,-4757
141.744966442953,14.4295302013423,-4582
141.812080536913,14.4295302013423,-4586
141.879194630872,14.4295302013423,-4550
141.946308724832,14.4295302013423,-4346
142.013422818792,14.4295302013423,-4246
142.080536912752,14.4295302013423,-4258
142.147651006711,14.4295302013423,-4164
142.214765100671,14.4295302013423,-4077
142.281879194631,14.4295302013423,-3956
142.348993288591,14.4295302013423,-3872
142.41610738255,14.4295302013423,-3754
142.48322147651,14.4295302013423,-3615
142.55033557047,14.4295302013423,-3468
142.61744966443,14.4295302013423,-3175
142.684563758389,14.4295302013423,-2614
142.751677852349,14.4295302013423,-2012
142.818791946309,14.4295302013423,-1713
142.885906040268,14.4295302013423,-1923
142.953020134228,14.4295302013423,-1957
143.020134228188,14.4295302013423,-1901
143.087248322148,14.4295302013423,-2631
143.154362416107,14.4295302013423,-3588
143.221476510067,14.4295302013423,-3725
143.288590604027,14.4295302013423,-3788
143.355704697987,14.4295302013423,-3761
143.422818791946,14.4295302013423,-3616
143.489932885906,14.4295302013423,-3492
143.557046979866,14.4295302013423,-3507
143.624161073825,14.4295302013423,-3386
143.691275167785,14.4295302013423,-3510
143.758389261745,14.4295302013423,-3536
143.825503355705,14.4295302013423,-3151
143.892617449664,14.4295302013423,-3333
143.959731543624,14.4295302013423,-3763
144.026845637584,14.4295302013423,-4090
144.093959731544,14.4295302013423,-3889
144.161073825503,14.4295302013423,-3701
144.228187919463,14.4295302013423,-3938
144.295302013423,14.4295302013423,-3853
144.362416107383,14.4295302013423,-3585
144.429530201342,14.4295302013423,-3564
144.496644295302,14.4295302013423,-3772
144.563758389262,14.4295302013423,-3789
144.630872483221,14.4295302013423,-3558
144.697986577181,14.4295302013423,-3044
144.765100671141,14.4295302013423,-2307
144.832214765101,14.4295302013423,-1888
144.89932885906,14.4295302013423,-1832
144.96644295302,14.4295302013423,-2088
145.03355704698,14.4295302013423,-1997
145.10067114094,14.4295302013423,-1752
145.167785234899,14.4295302013423,-1350
145.234899328859,14.4295302013423,-1257
145.302013422819,14.4295302013423,-1227
145.369127516779,14.4295302013423,-1410
145.436241610738,14.4295302013423,-1793
145.503355704698,14.4295302013423,-2009
145.570469798658,14.4295302013423,-2322
145.637583892617,14.4295302013423,-2595
145.704697986577,14.4295302013423,-2910
145.771812080537,14.4295302013423,-3380
145.838926174497,14.4295302013423,-3702
145.906040268456,14.4295302013423,-3915
145.973154362416,14.4295302013423,-4117
146.040268456376,14.4295302013423,-4292
146.107382550336,14.4295302013423,-4508
146.174496644295,14.4295302013423,-4760
146.241610738255,14.4295302013423,-4890
146.308724832215,14.4295302013423,-4858
146.375838926175,14.4295302013423,-4738
146.442953020134,14.4295302013423,-4534
146.510067114094,14.4295302013423,-4442
146.577181208054,14.4295302013423,-4592
146.644295302013,14.4295302013423,-5035
146.711409395973,14.4295302013423,-5480
146.778523489933,14.4295302013423,-6043
146.845637583893,14.4295302013423,-6593
146.912751677852,14.4295302013423,-7198
146.979865771812,14.4295302013423,-7500
147.046979865772,14.4295302013423,-7342
147.114093959732,14.4295302013423,-7437
147.181208053691,14.4295302013423,-7950
147.248322147651,14.4295302013423,-8703
147.315436241611,14.4295302013423,-8800
147.38255033557,14.4295302013423,-8492
147.44966442953,14.4295302013423,-7865
147.51677852349,14.4295302013423,-7220
147.58389261745,14.4295302013423,-6689
147.651006711409,14.4295302013423,-5888
147.718120805369,14.4295302013423,-4442
147.785234899329,14.4295302013423,-3310
147.852348993289,14.4295302013423,-3149
147.919463087248,14.4295302013423,-3334
147.986577181208,14.4295302013423,-3535
148.053691275168,14.4295302013423,-3821
148.120805369128,14.4295302013423,-4369
148.187919463087,14.4295302013423,-5407
148.255033557047,14.4295302013423,-5770
148.322147651007,14.4295302013423,-5755
148.389261744966,14.4295302013423,-5784
148.456375838926,14.4295302013423,-5776
148.523489932886,14.4295302013423,-5759
148.590604026846,14.4295302013423,-5747
148.657718120805,14.4295302013423,-5760
148.724832214765,14.4295302013423,-5742
148.791946308725,14.4295302013423,-5639
148.859060402685,14.4295302013423,-5529
148.926174496644,14.4295302013423,-5286
148.993288590604,14.4295302013423,-4450
149.060402684564,14.4295302013423,-3397
149.127516778523,14.4295302013423,-3500
149.194630872483,14.4295302013423,-4498
149.261744966443,14.4295302013423,-5169
149.328859060403,14.4295302013423,-5487
149.395973154362,14.4295302013423,-5712
149.463087248322,14.4295302013423,-5794
149.530201342282,14.4295302013423,-5760
149.597315436242,14.4295302013423,-5768
149.664429530201,14.4295302013423,-5835
149.731543624161,14.4295302013423,-5908
149.798657718121,14.4295302013423,-5894
149.865771812081,14.4295302013423,-5875
149.93288590604,14.4295302013423,-5903
150,14.4295302013423,-5916
140,14.3624161073826,-4909
140.06711409396,14.3624161073826,-4870
140.134228187919,14.3624161073826,-4859
140.201342281879,14.3624161073826,-4914
140.268456375839,14.3624161073826,-4909
140.335570469799,14.3624161073826,-4817
140.402684563758,14.3624161073826,-4919
140.469798657718,14.3624161073826,-5049
140.536912751678,14.3624161073826,-5013
140.604026845638,14.3624161073826,-4872
140.671140939597,14.3624161073826,-4888
140.738255033557,14.3624161073826,-4969
140.805369127517,14.3624161073826,-4934
140.872483221477,14.3624161073826,-4887
140.939597315436,14.3624161073826,-4871
141.006711409396,14.3624161073826,-4891
141.073825503356,14.3624161073826,-4910
141.140939597315,14.3624161073826,-4903
141.208053691275,14.3624161073826,-4884
141.275167785235,14.3624161073826,-4843
141.342281879195,14.3624161073826,-4883
141.409395973154,14.3624161073826,-4890
141.476510067114,14.3624161073826,-4767
141.543624161074,14.3624161073826,-4671
141.610738255034,14.3624161073826,-4660
141.677852348993,14.3624161073826,-4622
141.744966442953,14.3624161073826,-4530
141.812080536913,14.3624161073826,-4489
141.879194630872,14.3624161073826,-4440
141.946308724832,14.3624161073826,-4377
142.013422818792,14.3624161073826,-4270
142.080536912752,14.3624161073826,-4208
142.147651006711,14.3624161073826,-4183
142.214765100671,14.3624161073826,-4022
142.281879194631,14.3624161073826,-3907
142.348993288591,14.3624161073826,-3880
142.41610738255,14.3624161073826,-3754
142.48322147651,14.3624161073826,-3572
142.55033557047,14.3624161073826,-3304
142.61744966443,14.3624161073826,-2806
142.684563758389,14.3624161073826,-2694
142.751677852349,14.3624161073826,-2215
142.818791946309,14.3624161073826,-2046
142.885906040268,14.3624161073826,-2072
142.953020134228,14.3624161073826,-2253
143.020134228188,14.3624161073826,-2791
143.087248322148,14.3624161073826,-3738
143.154362416107,14.3624161073826,-3814
143.221476510067,14.3624161073826,-3605
143.288590604027,14.3624161073826,-3890
143.355704697987,14.3624161073826,-4068
143.422818791946,14.3624161073826,-3686
143.489932885906,14.3624161073826,-3844
143.557046979866,14.3624161073826,-3748
143.624161073825,14.3624161073826,-3483
143.691275167785,14.3624161073826,-3457
143.758389261745,14.3624161073826,-3569
143.825503355705,14.3624161073826,-3583
143.892617449664,14.3624161073826,-3676
143.959731543624,14.3624161073826,-4141
144.026845637584,14.3624161073826,-4193
144.093959731544,14.3624161073826,-3768
144.161073825503,14.3624161073826,-3826
144.228187919463,14.3624161073826,-4032
144.295302013423,14.3624161073826,-3820
144.362416107383,14.3624161073826,-3703
144.429530201342,14.3624161073826,-3771
144.496644295302,14.3624161073826,-3777
144.563758389262,14.3624161073826,-3830
144.630872483221,14.3624161073826,-3529
144.697986577181,14.3624161073826,-2830
144.765100671141,14.3624161073826,-1679
144.832214765101,14.3624161073826,-1050
144.89932885906,14.3624161073826,-1042
144.96644295302,14.3624161073826,-1655
145.03355704698,14.3624161073826,-1763
145.10067114094,14.3624161073826,-1560
145.167785234899,14.3624161073826,-1186
145.234899328859,14.3624161073826,-1188
145.302013422819,14.3624161073826,-1386
145.369127516779,14.3624161073826,-1602
145.436241610738,14.3624161073826,-1893
145.503355704698,14.3624161073826,-2113
145.570469798658,14.3624161073826,-2516
145.637583892617,14.3624161073826,-2871
145.704697986577,14.3624161073826,-3203
145.771812080537,14.3624161073826,-3528
145.838926174497,14.3624161073826,-3788
145.906040268456,14.3624161073826,-3958
145.973154362416,14.3624161073826,-4170
146.040268456376,14.3624161073826,-4359
146.107382550336,14.3624161073826,-4614
146.174496644295,14.3624161073826,-4920
146.241610738255,14.3624161073826,-4961
146.308724832215,14.3624161073826,-4920
146.375838926175,14.3624161073826,-4894
146.442953020134,14.3624161073826,-4645
146.510067114094,14.3624161073826,-4705
146.577181208054,14.3624161073826,-4835
146.644295302013,14.3624161073826,-5222
146.711409395973,14.3624161073826,-5909
146.778523489933,14.3624161073826,-6446
146.845637583893,14.3624161073826,-6870
146.912751677852,14.3624161073826,-7354
146.979865771812,14.3624161073826,-7236
147.046979865772,14.3624161073826,-7173
147.114093959732,14.3624161073826,-7664
147.181208053691,14.3624161073826,-8643
147.248322147651,14.3624161073826,-9141
147.315436241611,14.3624161073826,-8637
147.38255033557,14.3624161073826,-8179
147.44966442953,14.3624161073826,-7665
147.51677852349,14.3624161073826,-7148
147.58389261745,14.3624161073826,-6776
147.651006711409,14.3624161073826,-6039
147.718120805369,14.3624161073826,-4240
147.785234899329,14.3624161073826,-3106
147.852348993289,14.3624161073826,-3224
147.919463087248,14.3624161073826,-3165
147.986577181208,14.3624161073826,-3002
148.053691275168,14.3624161073826,-3393
148.120805369128,14.3624161073826,-4392
148.187919463087,14.3624161073826,-5423
148.255033557047,14.3624161073826,-5796
148.322147651007,14.3624161073826,-5767
148.389261744966,14.3624161073826,-5726
148.456375838926,14.3624161073826,-5708
148.523489932886,14.3624161073826,-5678
148.590604026846,14.3624161073826,-5636
148.657718120805,14.3624161073826,-5686
148.724832214765,14.3624161073826,-5607
148.791946308725,14.3624161073826,-5524
148.859060402685,14.3624161073826,-5410
148.926174496644,14.3624161073826,-5180
148.993288590604,14.3624161073826,-4919
149.060402684564,14.3624161073826,-4892
149.127516778523,14.3624161073826,-4916
149.194630872483,14.3624161073826,-5152
149.261744966443,14.3624161073826,-5452
149.328859060403,14.3624161073826,-5670
149.395973154362,14.3624161073826,-5806
149.463087248322,14.3624161073826,-5795
149.530201342282,14.3624161073826,-5832
149.597315436242,14.3624161073826,-5913
149.664429530201,14.3624161073826,-5889
149.731543624161,14.3624161073826,-5862
149.798657718121,14.3624161073826,-5896
149.865771812081,14.3624161073826,-5942
149.93288590604,14.3624161073826,-5944
150,14.3624161073826,-5924
140,14.2953020134228,-4956
140.06711409396,14.2953020134228,-4880
140.134228187919,14.2953020134228,-4898
140.201342281879,14.2953020134228,-4920
140.268456375839,14.2953020134228,-4929
140.335570469799,14.2953020134228,-4779
140.402684563758,14.2953020134228,-4853
140.469798657718,14.2953020134228,-4992
140.536912751678,14.2953020134228,-4985
140.604026845638,14.2953020134228,-4840
140.671140939597,14.2953020134228,-4853
140.738255033557,14.2953020134228,-4947
140.805369127517,14.2953020134228,-4953
140.872483221477,14.2953020134228,-4914
140.939597315436,14.2953020134228,-4903
141.006711409396,14.2953020134228,-4869
141.073825503356,14.2953020134228,-4892
141.140939597315,14.2953020134228,-4887
141.208053691275,14.2953020134228,-4849
141.275167785235,14.2953020134228,-4769
141.342281879195,14.2953020134228,-4808
141.409395973154,14.2953020134228,-4870
141.476510067114,14.2953020134228,-4778
141.543624161074,14.2953020134228,-4667
141.610738255034,14.2953020134228,-4654
141.677852348993,14.2953020134228,-4587
141.744966442953,14.2953020134228,-4544
141.812080536913,14.2953020134228,-4469
141.879194630872,14.2953020134228,-4423
141.946308724832,14.2953020134228,-4386
142.013422818792,14.2953020134228,-4312
142.080536912752,14.2953020134228,-4230
142.147651006711,14.2953020134228,-4228
142.214765100671,14.2953020134228,-4035
142.281879194631,14.2953020134228,-3867
142.348993288591,14.2953020134228,-3861
142.41610738255,14.2953020134228,-3733
142.48322147651,14.2953020134228,-3523
142.55033557047,14.2953020134228,-3123
142.61744966443,14.2953020134228,-2485
142.684563758389,14.2953020134228,-2232
142.751677852349,14.2953020134228,-2153
142.818791946309,14.2953020134228,-1622
142.885906040268,14.2953020134228,-1698
142.953020134228,14.2953020134228,-3077
143.020134228188,14.2953020134228,-3784
143.087248322148,14.2953020134228,-3803
143.154362416107,14.2953020134228,-3609
143.221476510067,14.2953020134228,-3924
143.288590604027,14.2953020134228,-4181
143.355704697987,14.2953020134228,-4110
143.422818791946,14.2953020134228,-3812
143.489932885906,14.2953020134228,-4091
143.557046979866,14.2953020134228,-4030
143.624161073825,14.2953020134228,-3700
143.691275167785,14.2953020134228,-3659
143.758389261745,14.2953020134228,-3995
143.825503355705,14.2953020134228,-4051
143.892617449664,14.2953020134228,-3758
143.959731543624,14.2953020134228,-4080
144.026845637584,14.2953020134228,-4073
144.093959731544,14.2953020134228,-3515
144.161073825503,14.2953020134228,-4116
144.228187919463,14.2953020134228,-4199
144.295302013423,14.2953020134228,-3889
144.362416107383,14.2953020134228,-3719
144.429530201342,14.2953020134228,-3901
144.496644295302,14.2953020134228,-3917
144.563758389262,14.2953020134228,-3770
144.630872483221,14.2953020134228,-3532
144.697986577181,14.2953020134228,-2706
144.765100671141,14.2953020134228,-1970
144.832214765101,14.2953020134228,-1207
144.89932885906,14.2953020134228,-1257
144.96644295302,14.2953020134228,-1720
145.03355704698,14.2953020134228,-1701
145.10067114094,14.2953020134228,-1303
145.167785234899,14.2953020134228,-914
145.234899328859,14.2953020134228,-1076
145.302013422819,14.2953020134228,-1279
145.369127516779,14.2953020134228,-1530
145.436241610738,14.2953020134228,-1808
145.503355704698,14.2953020134228,-2272
145.570469798658,14.2953020134228,-2675
145.637583892617,14.2953020134228,-3019
145.704697986577,14.2953020134228,-3303
145.771812080537,14.2953020134228,-3578
145.838926174497,14.2953020134228,-3810
145.906040268456,14.2953020134228,-4020
145.973154362416,14.2953020134228,-4246
146.040268456376,14.2953020134228,-4412
146.107382550336,14.2953020134228,-4646
146.174496644295,14.2953020134228,-4983
146.241610738255,14.2953020134228,-5047
146.308724832215,14.2953020134228,-5049
146.375838926175,14.2953020134228,-5029
146.442953020134,14.2953020134228,-4886
146.510067114094,14.2953020134228,-5023
146.577181208054,14.2953020134228,-4974
146.644295302013,14.2953020134228,-5231
146.711409395973,14.2953020134228,-5915
146.778523489933,14.2953020134228,-6460
146.845637583893,14.2953020134228,-6773
146.912751677852,14.2953020134228,-7019
146.979865771812,14.2953020134228,-6995
147.046979865772,14.2953020134228,-7566
147.114093959732,14.2953020134228,-8033
147.181208053691,14.2953020134228,-8970
147.248322147651,14.2953020134228,-9144
147.315436241611,14.2953020134228,-8430
147.38255033557,14.2953020134228,-8059
147.44966442953,14.2953020134228,-7553
147.51677852349,14.2953020134228,-7156
147.58389261745,14.2953020134228,-6836
147.651006711409,14.2953020134228,-5838
147.718120805369,14.2953020134228,-3871
147.785234899329,14.2953020134228,-2926
147.852348993289,14.2953020134228,-2987
147.919463087248,14.2953020134228,-2658
147.986577181208,14.2953020134228,-2777
148.053691275168,14.2953020134228,-3721
148.120805369128,14.2953020134228,-4945
148.187919463087,14.2953020134228,-5716
148.255033557047,14.2953020134228,-5798
148.322147651007,14.2953020134228,-5691
148.389261744966,14.2953020134228,-5688
148.456375838926,14.2953020134228,-5680
148.523489932886,14.2953020134228,-5611
148.590604026846,14.2953020134228,-5297
148.657718120805,14.2953020134228,-5334
148.724832214765,14.2953020134228,-5558
148.791946308725,14.2953020134228,-5511
148.859060402685,14.2953020134228,-5239
148.926174496644,14.2953020134228,-4632
148.993288590604,14.2953020134228,-4245
149.060402684564,14.2953020134228,-4854
149.127516778523,14.2953020134228,-5143
149.194630872483,14.2953020134228,-5339
149.261744966443,14.2953020134228,-5653
149.328859060403,14.2953020134228,-5782
149.395973154362,14.2953020134228,-5620
149.463087248322,14.2953020134228,-5524
149.530201342282,14.2953020134228,-5704
149.597315436242,14.2953020134228,-5911
149.664429530201,14.2953020134228,-5911
149.731543624161,14.2953020134228,-5883
149.798657718121,14.2953020134228,-5838
149.865771812081,14.2953020134228,-5918
149.93288590604,14.2953020134228,-5953
150,14.2953020134228,-5946
140,14.2281879194631,-4983
140.06711409396,14.2281879194631,-4825
140.134228187919,14.2281879194631,-4899
140.201342281879,14.2281879194631,-4909
140.268456375839,14.2281879194631,-4943
140.335570469799,14.2281879194631,-4815
140.402684563758,14.2281879194631,-4917
140.469798657718,14.2281879194631,-4945
140.536912751678,14.2281879194631,-4946
140.604026845638,14.2281879194631,-4870
140.671140939597,14.2281879194631,-4904
140.738255033557,14.2281879194631,-4917
140.805369127517,14.2281879194631,-4915
140.872483221477,14.2281879194631,-4890
140.939597315436,14.2281879194631,-4896
141.006711409396,14.2281879194631,-4844
141.073825503356,14.2281879194631,-4860
141.140939597315,14.2281879194631,-4854
141.208053691275,14.2281879194631,-4825
141.275167785235,14.2281879194631,-4775
141.342281879195,14.2281879194631,-4787
141.409395973154,14.2281879194631,-4835
141.476510067114,14.2281879194631,-4779
141.543624161074,14.2281879194631,-4653
141.610738255034,14.2281879194631,-4628
141.677852348993,14.2281879194631,-4549
141.744966442953,14.2281879194631,-4419
141.812080536913,14.2281879194631,-4385
141.879194630872,14.2281879194631,-4369
141.946308724832,14.2281879194631,-4373
142.013422818792,14.2281879194631,-4393
142.080536912752,14.2281879194631,-4308
142.147651006711,14.2281879194631,-4221
142.214765100671,14.2281879194631,-4130
142.281879194631,14.2281879194631,-4013
142.348993288591,14.2281879194631,-3894
142.41610738255,14.2281879194631,-3604
142.48322147651,14.2281879194631,-3206
142.55033557047,14.2281879194631,-2876
142.61744966443,14.2281879194631,-2852
142.684563758389,14.2281879194631,-2477
142.751677852349,14.2281879194631,-1864
142.818791946309,14.2281879194631,-1197
142.885906040268,14.2281879194631,-1122
142.953020134228,14.2281879194631,-2616
143.020134228188,14.2281879194631,-3911
143.087248322148,14.2281879194631,-3619
143.154362416107,14.2281879194631,-3558
143.221476510067,14.2281879194631,-4287
143.288590604027,14.2281879194631,-4650
143.355704697987,14.2281879194631,-3949
143.422818791946,14.2281879194631,-3791
143.489932885906,14.2281879194631,-4029
143.557046979866,14.2281879194631,-3785
143.624161073825,14.2281879194631,-3721
143.691275167785,14.2281879194631,-4016
143.758389261745,14.2281879194631,-4071
143.825503355705,14.2281879194631,-3761
143.892617449664,14.2281879194631,-3774
143.959731543624,14.2281879194631,-3943
144.026845637584,14.2281879194631,-3818
144.093959731544,14.2281879194631,-3537
144.161073825503,14.2281879194631,-4061
144.228187919463,14.2281879194631,-4211
144.295302013423,14.2281879194631,-3953
144.362416107383,14.2281879194631,-3933
144.429530201342,14.2281879194631,-3851
144.496644295302,14.2281879194631,-3716
144.563758389262,14.2281879194631,-3725
144.630872483221,14.2281879194631,-3388
144.697986577181,14.2281879194631,-2806
144.765100671141,14.2281879194631,-2365
144.832214765101,14.2281879194631,-1994
144.89932885906,14.2281879194631,-1508
144.96644295302,14.2281879194631,-1357
145.03355704698,14.2281879194631,-1457
145.10067114094,14.2281879194631,-885
145.167785234899,14.2281879194631,-381
145.234899328859,14.2281879194631,-466
145.302013422819,14.2281879194631,-698
145.369127516779,14.2281879194631,-1403
145.436241610738,14.2281879194631,-1878
145.503355704698,14.2281879194631,-2408
145.570469798658,14.2281879194631,-2768
145.637583892617,14.2281879194631,-3144
145.704697986577,14.2281879194631,-3409
145.771812080537,14.2281879194631,-3645
145.838926174497,14.2281879194631,-3851
145.906040268456,14.2281879194631,-4065
145.973154362416,14.2281879194631,-4271
146.040268456376,14.2281879194631,-4404
146.107382550336,14.2281879194631,-4623
146.174496644295,14.2281879194631,-4951
146.241610738255,14.2281879194631,-5080
146.308724832215,14.2281879194631,-5099
146.375838926175,14.2281879194631,-5032
146.442953020134,14.2281879194631,-5115
146.510067114094,14.2281879194631,-5351
146.577181208054,14.2281879194631,-5253
146.644295302013,14.2281879194631,-5133
146.711409395973,14.2281879194631,-5757
146.778523489933,14.2281879194631,-6486
146.845637583893,14.2281879194631,-6727
146.912751677852,14.2281879194631,-6666
146.979865771812,14.2281879194631,-6941
147.046979865772,14.2281879194631,-7393
147.114093959732,14.2281879194631,-8146
147.181208053691,14.2281879194631,-8893
147.248322147651,14.2281879194631,-8979
147.315436241611,14.2281879194631,-8336
147.38255033557,14.2281879194631,-7884
147.44966442953,14.2281879194631,-7358
147.51677852349,14.2281879194631,-6871
147.58389261745,14.2281879194631,-6489
147.651006711409,14.2281879194631,-5365
147.718120805369,14.2281879194631,-3702
147.785234899329,14.2281879194631,-2727
147.852348993289,14.2281879194631,-2032
147.919463087248,14.2281879194631,-1873
147.986577181208,14.2281879194631,-2897
148.053691275168,14.2281879194631,-4312
148.120805369128,14.2281879194631,-5401
148.187919463087,14.2281879194631,-5809
148.255033557047,14.2281879194631,-5762
148.322147651007,14.2281879194631,-5684
148.389261744966,14.2281879194631,-5661
148.456375838926,14.2281879194631,-5665
148.523489932886,14.2281879194631,-5612
148.590604026846,14.2281879194631,-5538
148.657718120805,14.2281879194631,-5469
148.724832214765,14.2281879194631,-5617
148.791946308725,14.2281879194631,-5631
148.859060402685,14.2281879194631,-5297
148.926174496644,14.2281879194631,-4443
148.993288590604,14.2281879194631,-4031
149.060402684564,14.2281879194631,-4757
149.127516778523,14.2281879194631,-5383
149.194630872483,14.2281879194631,-5564
149.261744966443,14.2281879194631,-5765
149.328859060403,14.2281879194631,-5871
149.395973154362,14.2281879194631,-5531
149.463087248322,14.2281879194631,-5316
149.530201342282,14.2281879194631,-5594
149.597315436242,14.2281879194631,-5940
149.664429530201,14.2281879194631,-5965
149.731543624161,14.2281879194631,-5908
149.798657718121,14.2281879194631,-5788
149.865771812081,14.2281879194631,-5805
149.93288590604,14.2281879194631,-5949
150,14.2281879194631,-5941
140,14.1610738255034,-4982
140.06711409396,14.1610738255034,-4874
140.134228187919,14.1610738255034,-4881
140.201342281879,14.1610738255034,-4929
140.268456375839,14.1610738255034,-4944
140.335570469799,14.1610738255034,-4931
140.402684563758,14.1610738255034,-4937
140.469798657718,14.1610738255034,-4948
140.536912751678,14.1610738255034,-4938
140.604026845638,14.1610738255034,-4884
140.671140939597,14.1610738255034,-4913
140.738255033557,14.1610738255034,-4910
140.805369127517,14.1610738255034,-4907
140.872483221477,14.1610738255034,-4902
140.939597315436,14.1610738255034,-4896
141.006711409396,14.1610738255034,-4873
141.073825503356,14.1610738255034,-4881
141.140939597315,14.1610738255034,-4843
141.208053691275,14.1610738255034,-4835
141.275167785235,14.1610738255034,-4824
141.342281879195,14.1610738255034,-4834
141.409395973154,14.1610738255034,-4870
141.476510067114,14.1610738255034,-4826
141.543624161074,14.1610738255034,-4698
141.610738255034,14.1610738255034,-4653
141.677852348993,14.1610738255034,-4570
141.744966442953,14.1610738255034,-4420
141.812080536913,14.1610738255034,-4433
141.879194630872,14.1610738255034,-4427
141.946308724832,14.1610738255034,-4410
142.013422818792,14.1610738255034,-4423
142.080536912752,14.1610738255034,-4020
142.147651006711,14.1610738255034,-3791
142.214765100671,14.1610738255034,-3970
142.281879194631,14.1610738255034,-3952
142.348993288591,14.1610738255034,-3761
142.41610738255,14.1610738255034,-3312
142.48322147651,14.1610738255034,-2950
142.55033557047,14.1610738255034,-2729
142.61744966443,14.1610738255034,-2934
142.684563758389,14.1610738255034,-2647
142.751677852349,14.1610738255034,-1736
142.818791946309,14.1610738255034,-1391
142.885906040268,14.1610738255034,-2011
142.953020134228,14.1610738255034,-3425
143.020134228188,14.1610738255034,-4125
143.087248322148,14.1610738255034,-3717
143.154362416107,14.1610738255034,-3607
143.221476510067,14.1610738255034,-4112
143.288590604027,14.1610738255034,-4037
143.355704697987,14.1610738255034,-3681
143.422818791946,14.1610738255034,-4073
143.489932885906,14.1610738255034,-4094
143.557046979866,14.1610738255034,-3712
143.624161073825,14.1610738255034,-3884
143.691275167785,14.1610738255034,-4130
143.758389261745,14.1610738255034,-3844
143.825503355705,14.1610738255034,-3584
143.892617449664,14.1610738255034,-3757
143.959731543624,14.1610738255034,-3839
144.026845637584,14.1610738255034,-3686
144.093959731544,14.1610738255034,-3584
144.161073825503,14.1610738255034,-3997
144.228187919463,14.1610738255034,-4264
144.295302013423,14.1610738255034,-4149
144.362416107383,14.1610738255034,-3980
144.429530201342,14.1610738255034,-3296
144.496644295302,14.1610738255034,-3583
144.563758389262,14.1610738255034,-3671
144.630872483221,14.1610738255034,-3298
144.697986577181,14.1610738255034,-2909
144.765100671141,14.1610738255034,-2409
144.832214765101,14.1610738255034,-1958
144.89932885906,14.1610738255034,-1062
144.96644295302,14.1610738255034,-941
145.03355704698,14.1610738255034,-1228
145.10067114094,14.1610738255034,-425
145.167785234899,14.1610738255034,41
145.234899328859,14.1610738255034,94
145.302013422819,14.1610738255034,-839
145.369127516779,14.1610738255034,-1660
145.436241610738,14.1610738255034,-2055
145.503355704698,14.1610738255034,-2400
145.570469798658,14.1610738255034,-2833
145.637583892617,14.1610738255034,-3181
145.704697986577,14.1610738255034,-3505
145.771812080537,14.1610738255034,-3711
145.838926174497,14.1610738255034,-3895
145.906040268456,14.1610738255034,-4071
145.973154362416,14.1610738255034,-4205
146.040268456376,14.1610738255034,-4310
146.107382550336,14.1610738255034,-4440
146.174496644295,14.1610738255034,-4836
146.241610738255,14.1610738255034,-5119
146.308724832215,14.1610738255034,-5125
146.375838926175,14.1610738255034,-5044
146.442953020134,14.1610738255034,-5211
146.510067114094,14.1610738255034,-5496
146.577181208054,14.1610738255034,-5619
146.644295302013,14.1610738255034,-5447
146.711409395973,14.1610738255034,-5946
146.778523489933,14.1610738255034,-6542
146.845637583893,14.1610738255034,-6884
146.912751677852,14.1610738255034,-6771
146.979865771812,14.1610738255034,-6920
147.046979865772,14.1610738255034,-7710
147.114093959732,14.1610738255034,-8369
147.181208053691,14.1610738255034,-8885
147.248322147651,14.1610738255034,-8547
147.315436241611,14.1610738255034,-8067
147.38255033557,14.1610738255034,-7774
147.44966442953,14.1610738255034,-7265
147.51677852349,14.1610738255034,-6541
147.58389261745,14.1610738255034,-5934
147.651006711409,14.1610738255034,-5079
147.718120805369,14.1610738255034,-4054
147.785234899329,14.1610738255034,-2922
147.852348993289,14.1610738255034,-1971
147.919463087248,14.1610738255034,-2057
147.986577181208,14.1610738255034,-3433
148.053691275168,14.1610738255034,-4690
148.120805369128,14.1610738255034,-5593
148.187919463087,14.1610738255034,-5801
148.255033557047,14.1610738255034,-5788
148.322147651007,14.1610738255034,-5715
148.389261744966,14.1610738255034,-5445
148.456375838926,14.1610738255034,-4976
148.523489932886,14.1610738255034,-4881
148.590604026846,14.1610738255034,-5206
148.657718120805,14.1610738255034,-5478
148.724832214765,14.1610738255034,-5620
148.791946308725,14.1610738255034,-5701
148.859060402685,14.1610738255034,-5571
148.926174496644,14.1610738255034,-5099
148.993288590604,14.1610738255034,-4888
149.060402684564,14.1610738255034,-5338
149.127516778523,14.1610738255034,-5812
149.194630872483,14.1610738255034,-5795
149.261744966443,14.1610738255034,-5635
149.328859060403,14.1610738255034,-5732
149.395973154362,14.1610738255034,-5703
149.463087248322,14.1610738255034,-5616
149.530201342282,14.1610738255034,-5797
149.597315436242,14.1610738255034,-5967
149.664429530201,14.1610738255034,-5987
149.731543624161,14.1610738255034,-5957
149.798657718121,14.1610738255034,-5841
149.865771812081,14.1610738255034,-5771
149.93288590604,14.1610738255034,-5944
150,14.1610738255034,-5922
140,14.0939597315436,-5011
140.06711409396,14.0939597315436,-4906
140.134228187919,14.0939597315436,-4895
140.201342281879,14.0939597315436,-4904
140.268456375839,14.0939597315436,-4914
140.335570469799,14.0939597315436,-4913
140.402684563758,14.0939597315436,-4892
140.469798657718,14.0939597315436,-4889
140.536912751678,14.0939597315436,-4894
140.604026845638,14.0939597315436,-4889
140.671140939597,14.0939597315436,-4907
140.738255033557,14.0939597315436,-4904
140.805369127517,14.0939597315436,-4895
140.872483221477,14.0939597315436,-4881
140.939597315436,14.0939597315436,-4895
141.006711409396,14.0939597315436,-4885
141.073825503356,14.0939597315436,-4877
141.140939597315,14.0939597315436,-4818
141.208053691275,14.0939597315436,-4828
141.275167785235,14.0939597315436,-4836
141.342281879195,14.0939597315436,-4814
141.409395973154,14.0939597315436,-4824
141.476510067114,14.0939597315436,-4793
141.543624161074,14.0939597315436,-4717
141.610738255034,14.0939597315436,-4648
141.677852348993,14.0939597315436,-4627
141.744966442953,14.0939597315436,-4525
141.812080536913,14.0939597315436,-4452
141.879194630872,14.0939597315436,-4416
141.946308724832,14.0939597315436,-4400
142.013422818792,14.0939597315436,-4303
142.080536912752,14.0939597315436,-3244
142.147651006711,14.0939597315436,-3216
142.214765100671,14.0939597315436,-3534
142.281879194631,14.0939597315436,-3491
142.348993288591,14.0939597315436,-3378
142.41610738255,14.0939597315436,-3281
142.48322147651,14.0939597315436,-3480
142.55033557047,14.0939597315436,-3003
142.61744966443,14.0939597315436,-2735
142.684563758389,14.0939597315436,-2448
142.751677852349,14.0939597315436,-1847
142.818791946309,14.0939597315436,-1756
142.885906040268,14.0939597315436,-2626
142.953020134228,14.0939597315436,-3747
143.020134228188,14.0939597315436,-4061
143.087248322148,14.0939597315436,-3785
143.154362416107,14.0939597315436,-3958
143.221476510067,14.0939597315436,-4007
143.288590604027,14.0939597315436,-3651
143.355704697987,14.0939597315436,-3492
143.422818791946,14.0939597315436,-4131
143.489932885906,14.0939597315436,-4043
143.557046979866,14.0939597315436,-3843
143.624161073825,14.0939597315436,-3879
143.691275167785,14.0939597315436,-3875
143.758389261745,14.0939597315436,-3631
143.825503355705,14.0939597315436,-3519
143.892617449664,14.0939597315436,-3680
143.959731543624,14.0939597315436,-3687
144.026845637584,14.0939597315436,-3774
144.093959731544,14.0939597315436,-3845
144.161073825503,14.0939597315436,-3924
144.228187919463,14.0939597315436,-4260
144.295302013423,14.0939597315436,-4166
144.362416107383,14.0939597315436,-3718
144.429530201342,14.0939597315436,-3425
144.496644295302,14.0939597315436,-3665
144.563758389262,14.0939597315436,-3519
144.630872483221,14.0939597315436,-2921
144.697986577181,14.0939597315436,-2570
144.765100671141,14.0939597315436,-1498
144.832214765101,14.0939597315436,-1164
144.89932885906,14.0939597315436,-1154
144.96644295302,14.0939597315436,-1118
145.03355704698,14.0939597315436,-1098
145.10067114094,14.0939597315436,-625
145.167785234899,14.0939597315436,-475
145.234899328859,14.0939597315436,-1016
145.302013422819,14.0939597315436,-1686
145.369127516779,14.0939597315436,-1900
145.436241610738,14.0939597315436,-2198
145.503355704698,14.0939597315436,-2559
145.570469798658,14.0939597315436,-2936
145.637583892617,14.0939597315436,-3270
145.704697986577,14.0939597315436,-3563
145.771812080537,14.0939597315436,-3778
145.838926174497,14.0939597315436,-3972
145.906040268456,14.0939597315436,-4097
145.973154362416,14.0939597315436,-4093
146.040268456376,14.0939597315436,-3840
146.107382550336,14.0939597315436,-4126
146.174496644295,14.0939597315436,-4596
146.241610738255,14.0939597315436,-4873
146.308724832215,14.0939597315436,-5115
146.375838926175,14.0939597315436,-5088
146.442953020134,14.0939597315436,-5222
146.510067114094,14.0939597315436,-5548
146.577181208054,14.0939597315436,-5842
146.644295302013,14.0939597315436,-5880
146.711409395973,14.0939597315436,-6056
146.778523489933,14.0939597315436,-6626
146.845637583893,14.0939597315436,-7055
146.912751677852,14.0939597315436,-6999
146.979865771812,14.0939597315436,-7229
147.046979865772,14.0939597315436,-8177
147.114093959732,14.0939597315436,-8790
147.181208053691,14.0939597315436,-8916
147.248322147651,14.0939597315436,-8086
147.315436241611,14.0939597315436,-7721
147.38255033557,14.0939597315436,-7549
147.44966442953,14.0939597315436,-7217
147.51677852349,14.0939597315436,-6421
147.58389261745,14.0939597315436,-5522
147.651006711409,14.0939597315436,-5143
147.718120805369,14.0939597315436,-4597
147.785234899329,14.0939597315436,-3767
147.852348993289,14.0939597315436,-3126
147.919463087248,14.0939597315436,-3298
147.986577181208,14.0939597315436,-4306
148.053691275168,14.0939597315436,-5202
148.120805369128,14.0939597315436,-5634
148.187919463087,14.0939597315436,-5785
148.255033557047,14.0939597315436,-5858
148.322147651007,14.0939597315436,-5589
148.389261744966,14.0939597315436,-4756
148.456375838926,14.0939597315436,-3762
148.523489932886,14.0939597315436,-3381
148.590604026846,14.0939597315436,-4197
148.657718120805,14.0939597315436,-5171
148.724832214765,14.0939597315436,-5594
148.791946308725,14.0939597315436,-5686
148.859060402685,14.0939597315436,-5667
148.926174496644,14.0939597315436,-5641
148.993288590604,14.0939597315436,-5665
149.060402684564,14.0939597315436,-5869
149.127516778523,14.0939597315436,-6106
149.194630872483,14.0939597315436,-5828
149.261744966443,14.0939597315436,-5327
149.328859060403,14.0939597315436,-5464
149.395973154362,14.0939597315436,-5818
149.463087248322,14.0939597315436,-5919
149.530201342282,14.0939597315436,-5942
149.597315436242,14.0939597315436,-5804
149.664429530201,14.0939597315436,-5904
149.731543624161,14.0939597315436,-5985
149.798657718121,14.0939597315436,-5934
149.865771812081,14.0939597315436,-5941
149.93288590604,14.0939597315436,-6009
150,14.0939597315436,-5800
140,14.0268456375839,-4998
140.06711409396,14.0268456375839,-4950
140.134228187919,14.0268456375839,-4929
140.201342281879,14.0268456375839,-4888
140.268456375839,14.0268456375839,-4917
140.335570469799,14.0268456375839,-4922
140.402684563758,14.0268456375839,-4895
140.469798657718,14.0268456375839,-4869
140.536912751678,14.0268456375839,-4884
140.604026845638,14.0268456375839,-4885
140.671140939597,14.0268456375839,-4876
140.738255033557,14.0268456375839,-4893
140.805369127517,14.0268456375839,-4898
140.872483221477,14.0268456375839,-4879
140.939597315436,14.0268456375839,-4883
141.006711409396,14.0268456375839,-4870
141.073825503356,14.0268456375839,-4856
141.140939597315,14.0268456375839,-4794
141.208053691275,14.0268456375839,-4805
141.275167785235,14.0268456375839,-4842
141.342281879195,14.0268456375839,-4775
141.409395973154,14.0268456375839,-4750
141.476510067114,14.0268456375839,-4733
141.543624161074,14.0268456375839,-4700
141.610738255034,14.0268456375839,-4670
141.677852348993,14.0268456375839,-4680
141.744966442953,14.0268456375839,-4569
141.812080536913,14.0268456375839,-4411
141.879194630872,14.0268456375839,-4352
141.946308724832,14.0268456375839,-4308
142.013422818792,14.0268456375839,-4208
142.080536912752,14.0268456375839,-3825
142.147651006711,14.0268456375839,-3784
142.214765100671,14.0268456375839,-3539
142.281879194631,14.0268456375839,-3221
142.348993288591,14.0268456375839,-2888
142.41610738255,14.0268456375839,-3097
142.48322147651,14.0268456375839,-3240
142.55033557047,14.0268456375839,-2960
142.61744966443,14.0268456375839,-2628
142.684563758389,14.0268456375839,-2264
142.751677852349,14.0268456375839,-1922
142.818791946309,14.0268456375839,-2378
142.885906040268,14.0268456375839,-3508
142.953020134228,14.0268456375839,-4022
143.020134228188,14.0268456375839,-4134
143.087248322148,14.0268456375839,-4139
143.154362416107,14.0268456375839,-3913
143.221476510067,14.0268456375839,-3502
143.288590604027,14.0268456375839,-3638
143.355704697987,14.0268456375839,-3807
143.422818791946,14.0268456375839,-3842
143.489932885906,14.0268456375839,-3705
143.557046979866,14.0268456375839,-3677
143.624161073825,14.0268456375839,-3731
143.691275167785,14.0268456375839,-3665
143.758389261745,14.0268456375839,-3542
143.825503355705,14.0268456375839,-3364
143.892617449664,14.0268456375839,-3402
143.959731543624,14.0268456375839,-3529
144.026845637584,14.0268456375839,-3876
144.093959731544,14.0268456375839,-3776
144.161073825503,14.0268456375839,-3863
144.228187919463,14.0268456375839,-4208
144.295302013423,14.0268456375839,-4031
144.362416107383,14.0268456375839,-3764
144.429530201342,14.0268456375839,-3784
144.496644295302,14.0268456375839,-3705
144.563758389262,14.0268456375839,-3163
144.630872483221,14.0268456375839,-1965
144.697986577181,14.0268456375839,-1947
144.765100671141,14.0268456375839,-1395
144.832214765101,14.0268456375839,-1299
144.89932885906,14.0268456375839,-1291
144.96644295302,14.0268456375839,-1060
145.03355704698,14.0268456375839,-724
145.10067114094,14.0268456375839,-892
145.167785234899,14.0268456375839,-1276
145.234899328859,14.0268456375839,-1559
145.302013422819,14.0268456375839,-1745
145.369127516779,14.0268456375839,-2051
145.436241610738,14.0268456375839,-2330
145.503355704698,14.0268456375839,-2713
145.570469798658,14.0268456375839,-2982
145.637583892617,14.0268456375839,-3276
145.704697986577,14.0268456375839,-3569
145.771812080537,14.0268456375839,-3845
145.838926174497,14.0268456375839,-4034
145.906040268456,14.0268456375839,-4158
145.973154362416,14.0268456375839,-4113
146.040268456376,14.0268456375839,-3890
146.107382550336,14.0268456375839,-4182
146.174496644295,14.0268456375839,-4348
146.241610738255,14.0268456375839,-4267
146.308724832215,14.0268456375839,-4763
146.375838926175,14.0268456375839,-5225
146.442953020134,14.0268456375839,-5409
146.510067114094,14.0268456375839,-5732
146.577181208054,14.0268456375839,-6018
146.644295302013,14.0268456375839,-6048
146.711409395973,14.0268456375839,-6153
146.778523489933,14.0268456375839,-6668
146.845637583893,14.0268456375839,-7243
146.912751677852,14.0268456375839,-7565
146.979865771812,14.0268456375839,-8014
147.046979865772,14.0268456375839,-8756
147.114093959732,14.0268456375839,-9212
147.181208053691,14.0268456375839,-8738
147.248322147651,14.0268456375839,-7834
147.315436241611,14.0268456375839,-7342
147.38255033557,14.0268456375839,-7341
147.44966442953,14.0268456375839,-6963
147.51677852349,14.0268456375839,-6315
147.58389261745,14.0268456375839,-5926
147.651006711409,14.0268456375839,-5747
147.718120805369,14.0268456375839,-5367
147.785234899329,14.0268456375839,-4950
147.852348993289,14.0268456375839,-4572
147.919463087248,14.0268456375839,-4485
147.986577181208,14.0268456375839,-5001
148.053691275168,14.0268456375839,-5551
148.120805369128,14.0268456375839,-5702
148.187919463087,14.0268456375839,-5778
148.255033557047,14.0268456375839,-5795
148.322147651007,14.0268456375839,-5244
148.389261744966,14.0268456375839,-4051
148.456375838926,14.0268456375839,-2789
148.523489932886,14.0268456375839,-2231
148.590604026846,14.0268456375839,-3414
148.657718120805,14.0268456375839,-4974
148.724832214765,14.0268456375839,-5606
148.791946308725,14.0268456375839,-5632
148.859060402685,14.0268456375839,-5621
148.926174496644,14.0268456375839,-5847
148.993288590604,14.0268456375839,-5865
149.060402684564,14.0268456375839,-5942
149.127516778523,14.0268456375839,-6046
149.194630872483,14.0268456375839,-5816
149.261744966443,14.0268456375839,-5335
149.328859060403,14.0268456375839,-5666
149.395973154362,14.0268456375839,-5901
149.463087248322,14.0268456375839,-5937
149.530201342282,14.0268456375839,-5902
149.597315436242,14.0268456375839,-5708
149.664429530201,14.0268456375839,-5865
149.731543624161,14.0268456375839,-5931
149.798657718121,14.0268456375839,-5998
149.865771812081,14.0268456375839,-6009
149.93288590604,14.0268456375839,-5994
150,14.0268456375839,-6011
140,13.9597315436242,-4942
140.06711409396,13.9597315436242,-4882
140.134228187919,13.9597315436242,-4877
140.201342281879,13.9597315436242,-4901
140.268456375839,13.9597315436242,-4920
140.335570469799,13.9597315436242,-4932
140.402684563758,13.9597315436242,-4927
140.469798657718,13.9597315436242,-4919
140.536912751678,13.9597315436242,-4912
140.604026845638,13.9597315436242,-4897
140.671140939597,13.9597315436242,-4883
140.738255033557,13.9597315436242,-4917
140.805369127517,13.9597315436242,-4899
140.872483221477,13.9597315436242,-4866
140.939597315436,13.9597315436242,-4869
141.006711409396,13.9597315436242,-4869
141.073825503356,13.9597315436242,-4869
141.140939597315,13.9597315436242,-4840
141.208053691275,13.9597315436242,-4848
141.275167785235,13.9597315436242,-4833
141.342281879195,13.9597315436242,-4772
141.409395973154,13.9597315436242,-4735
141.476510067114,13.9597315436242,-4717
141.543624161074,13.9597315436242,-4676
141.610738255034,13.9597315436242,-4646
141.677852348993,13.9597315436242,-4665
141.744966442953,13.9597315436242,-4561
141.812080536913,13.9597315436242,-4422
141.879194630872,13.9597315436242,-4360
141.946308724832,13.9597315436242,-4271
142.013422818792,13.9597315436242,-4159
142.080536912752,13.9597315436242,-4027
142.147651006711,13.9597315436242,-4007
142.214765100671,13.9597315436242,-3782
142.281879194631,13.9597315436242,-3425
142.348993288591,13.9597315436242,-3157
142.41610738255,13.9597315436242,-2995
142.48322147651,13.9597315436242,-2850
142.55033557047,13.9597315436242,-2639
142.61744966443,13.9597315436242,-2427
142.684563758389,13.9597315436242,-2053
142.751677852349,13.9597315436242,-2008
142.818791946309,13.9597315436242,-3148
142.885906040268,13.9597315436242,-4078
142.953020134228,13.9597315436242,-4033
143.020134228188,13.9597315436242,-3891
143.087248322148,13.9597315436242,-4500
143.154362416107,13.9597315436242,-4174
143.221476510067,13.9597315436242,-3584
143.288590604027,13.9597315436242,-3736
143.355704697987,13.9597315436242,-3771
143.422818791946,13.9597315436242,-3499
143.489932885906,13.9597315436242,-3580
143.557046979866,13.9597315436242,-3860
143.624161073825,13.9597315436242,-3710
143.691275167785,13.9597315436242,-3505
143.758389261745,13.9597315436242,-3450
143.825503355705,13.9597315436242,-3361
143.892617449664,13.9597315436242,-3381
143.959731543624,13.9597315436242,-3487
144.026845637584,13.9597315436242,-3795
144.093959731544,13.9597315436242,-3629
144.161073825503,13.9597315436242,-3532
144.228187919463,13.9597315436242,-3868
144.295302013423,13.9597315436242,-3749
144.362416107383,13.9597315436242,-3800
144.429530201342,13.9597315436242,-3781
144.496644295302,13.9597315436242,-3744
144.563758389262,13.9597315436242,-3456
144.630872483221,13.9597315436242,-2735
144.697986577181,13.9597315436242,-1977
144.765100671141,13.9597315436242,-1508
144.832214765101,13.9597315436242,-1288
144.89932885906,13.9597315436242,-1165
144.96644295302,13.9597315436242,-936
145.03355704698,13.9597315436242,-771
145.10067114094,13.9597315436242,-1092
145.167785234899,13.9597315436242,-1588
145.234899328859,13.9597315436242,-1788
145.302013422819,13.9597315436242,-1925
145.369127516779,13.9597315436242,-2182
145.436241610738,13.9597315436242,-2440
145.503355704698,13.9597315436242,-2712
145.570469798658,13.9597315436242,-2938
145.637583892617,13.9597315436242,-3276
145.704697986577,13.9597315436242,-3577
145.771812080537,13.9597315436242,-3880
145.838926174497,13.9597315436242,-4073
145.906040268456,13.9597315436242,-4222
145.973154362416,13.9597315436242,-4204
146.040268456376,13.9597315436242,-4108
146.107382550336,13.9597315436242,-4307
146.174496644295,13.9597315436242,-3993
146.241610738255,13.9597315436242,-3547
146.308724832215,13.9597315436242,-4383
146.375838926175,13.9597315436242,-5362
146.442953020134,13.9597315436242,-5755
146.510067114094,13.9597315436242,-6108
146.577181208054,13.9597315436242,-6312
146.644295302013,13.9597315436242,-6264
146.711409395973,13.9597315436242,-6283
146.778523489933,13.9597315436242,-6839
146.845637583893,13.9597315436242,-7477
146.912751677852,13.9597315436242,-8193
146.979865771812,13.9597315436242,-8718
147.046979865772,13.9597315436242,-9090
147.114093959732,13.9597315436242,-9062
147.181208053691,13.9597315436242,-8394
147.248322147651,13.9597315436242,-7578
147.315436241611,13.9597315436242,-7136
147.38255033557,13.9597315436242,-7144
147.44966442953,13.9597315436242,-6954
147.51677852349,13.9597315436242,-6624
147.58389261745,13.9597315436242,-6299
147.651006711409,13.9597315436242,-6086
147.718120805369,13.9597315436242,-5845
147.785234899329,13.9597315436242,-5616
147.852348993289,13.9597315436242,-5237
147.919463087248,13.9597315436242,-4671
147.986577181208,13.9597315436242,-5011
148.053691275168,13.9597315436242,-5633
148.120805369128,13.9597315436242,-5733
148.187919463087,13.9597315436242,-5694
148.255033557047,13.9597315436242,-5471
148.322147651007,13.9597315436242,-4498
148.389261744966,13.9597315436242,-3484
148.456375838926,13.9597315436242,-2721
148.523489932886,13.9597315436242,-2357
148.590604026846,13.9597315436242,-3595
148.657718120805,13.9597315436242,-5311
148.724832214765,13.9597315436242,-5861
148.791946308725,13.9597315436242,-5813
148.859060402685,13.9597315436242,-5852
148.926174496644,13.9597315436242,-5923
148.993288590604,13.9597315436242,-5846
149.060402684564,13.9597315436242,-5887
149.127516778523,13.9597315436242,-5885
149.194630872483,13.9597315436242,-5916
149.261744966443,13.9597315436242,-5753
149.328859060403,13.9597315436242,-5860
149.395973154362,13.9597315436242,-5915
149.463087248322,13.9597315436242,-5958
149.530201342282,13.9597315436242,-5968
149.597315436242,13.9597315436242,-5980
149.664429530201,13.9597315436242,-6010
149.731543624161,13.9597315436242,-5937
149.798657718121,13.9597315436242,-5953
149.865771812081,13.9597315436242,-5963
149.93288590604,13.9597315436242,-5766
150,13.9597315436242,-5937
140,13.8926174496644,-4899
140.06711409396,13.8926174496644,-4800
140.134228187919,13.8926174496644,-4794
140.201342281879,13.8926174496644,-4909
140.268456375839,13.8926174496644,-4968
140.335570469799,13.8926174496644,-4984
140.402684563758,13.8926174496644,-4966
140.469798657718,13.8926174496644,-4930
140.536912751678,13.8926174496644,-4874
140.604026845638,13.8926174496644,-4902
140.671140939597,13.8926174496644,-4895
140.738255033557,13.8926174496644,-4899
140.805369127517,13.8926174496644,-4873
140.872483221477,13.8926174496644,-4802
140.939597315436,13.8926174496644,-4869
141.006711409396,13.8926174496644,-4865
141.073825503356,13.8926174496644,-4862
141.140939597315,13.8926174496644,-4851
141.208053691275,13.8926174496644,-4889
141.275167785235,13.8926174496644,-4824
141.342281879195,13.8926174496644,-4737
141.409395973154,13.8926174496644,-4718
141.476510067114,13.8926174496644,-4696
141.543624161074,13.8926174496644,-4623
141.610738255034,13.8926174496644,-4568
141.677852348993,13.8926174496644,-4580
141.744966442953,13.8926174496644,-4481
141.812080536913,13.8926174496644,-4376
141.879194630872,13.8926174496644,-4290
141.946308724832,13.8926174496644,-4207
142.013422818792,13.8926174496644,-4097
142.080536912752,13.8926174496644,-3938
142.147651006711,13.8926174496644,-3790
142.214765100671,13.8926174496644,-3671
142.281879194631,13.8926174496644,-3444
142.348993288591,13.8926174496644,-3065
142.41610738255,13.8926174496644,-2773
142.48322147651,13.8926174496644,-2659
142.55033557047,13.8926174496644,-2600
142.61744966443,13.8926174496644,-2375
142.684563758389,13.8926174496644,-2062
142.751677852349,13.8926174496644,-2381
142.818791946309,13.8926174496644,-3689
142.885906040268,13.8926174496644,-4133
142.953020134228,13.8926174496644,-3351
143.020134228188,13.8926174496644,-3402
143.087248322148,13.8926174496644,-4568
143.154362416107,13.8926174496644,-4326
143.221476510067,13.8926174496644,-3808
143.288590604027,13.8926174496644,-3784
143.355704697987,13.8926174496644,-3739
143.422818791946,13.8926174496644,-3635
143.489932885906,13.8926174496644,-3709
143.557046979866,13.8926174496644,-4143
143.624161073825,13.8926174496644,-3876
143.691275167785,13.8926174496644,-3368
143.758389261745,13.8926174496644,-3183
143.825503355705,13.8926174496644,-3223
143.892617449664,13.8926174496644,-3414
143.959731543624,13.8926174496644,-3416
144.026845637584,13.8926174496644,-3534
144.093959731544,13.8926174496644,-3355
144.161073825503,13.8926174496644,-3547
144.228187919463,13.8926174496644,-3703
144.295302013423,13.8926174496644,-3665
144.362416107383,13.8926174496644,-3703
144.429530201342,13.8926174496644,-3739
144.496644295302,13.8926174496644,-3695
144.563758389262,13.8926174496644,-3577
144.630872483221,13.8926174496644,-2681
144.697986577181,13.8926174496644,-1876
144.765100671141,13.8926174496644,-1539
144.832214765101,13.8926174496644,-1199
144.89932885906,13.8926174496644,-870
144.96644295302,13.8926174496644,-764
145.03355704698,13.8926174496644,-887
145.10067114094,13.8926174496644,-1345
145.167785234899,13.8926174496644,-1649
145.234899328859,13.8926174496644,-1945
145.302013422819,13.8926174496644,-2077
145.369127516779,13.8926174496644,-2240
145.436241610738,13.8926174496644,-2443
145.503355704698,13.8926174496644,-2716
145.570469798658,13.8926174496644,-2992
145.637583892617,13.8926174496644,-3286
145.704697986577,13.8926174496644,-3555
145.771812080537,13.8926174496644,-3825
145.838926174497,13.8926174496644,-4065
145.906040268456,13.8926174496644,-4233
145.973154362416,13.8926174496644,-4109
146.040268456376,13.8926174496644,-4277
146.107382550336,13.8926174496644,-4525
146.174496644295,13.8926174496644,-4355
146.241610738255,13.8926174496644,-4012
146.308724832215,13.8926174496644,-4777
146.375838926175,13.8926174496644,-5633
146.442953020134,13.8926174496644,-6086
146.510067114094,13.8926174496644,-6468
146.577181208054,13.8926174496644,-6613
146.644295302013,13.8926174496644,-6775
146.711409395973,13.8926174496644,-6875
146.778523489933,13.8926174496644,-7211
146.845637583893,13.8926174496644,-7749
146.912751677852,13.8926174496644,-8593
146.979865771812,13.8926174496644,-9278
147.046979865772,13.8926174496644,-9238
147.114093959732,13.8926174496644,-8513
147.181208053691,13.8926174496644,-7810
147.248322147651,13.8926174496644,-6900
147.315436241611,13.8926174496644,-6665
147.38255033557,13.8926174496644,-7023
147.44966442953,13.8926174496644,-6912
147.51677852349,13.8926174496644,-6712
147.58389261745,13.8926174496644,-6488
147.651006711409,13.8926174496644,-6174
147.718120805369,13.8926174496644,-6017
147.785234899329,13.8926174496644,-5890
147.852348993289,13.8926174496644,-5526
147.919463087248,13.8926174496644,-4711
147.986577181208,13.8926174496644,-5026
148.053691275168,13.8926174496644,-5639
148.120805369128,13.8926174496644,-5623
148.187919463087,13.8926174496644,-5490
148.255033557047,13.8926174496644,-5244
148.322147651007,13.8926174496644,-3948
148.389261744966,13.8926174496644,-2613
148.456375838926,13.8926174496644,-2491
148.523489932886,13.8926174496644,-3228
148.590604026846,13.8926174496644,-4382
148.657718120805,13.8926174496644,-5427
148.724832214765,13.8926174496644,-5873
148.791946308725,13.8926174496644,-5824
148.859060402685,13.8926174496644,-5918
148.926174496644,13.8926174496644,-5924
148.993288590604,13.8926174496644,-5912
149.060402684564,13.8926174496644,-5869
149.127516778523,13.8926174496644,-5892
149.194630872483,13.8926174496644,-5948
149.261744966443,13.8926174496644,-5978
149.328859060403,13.8926174496644,-5960
149.395973154362,13.8926174496644,-5960
149.463087248322,13.8926174496644,-5975
149.530201342282,13.8926174496644,-6018
149.597315436242,13.8926174496644,-6010
149.664429530201,13.8926174496644,-6006
149.731543624161,13.8926174496644,-5995
149.798657718121,13.8926174496644,-5947
149.865771812081,13.8926174496644,-5983
149.93288590604,13.8926174496644,-5863
150,13.8926174496644,-6003
140,13.8255033557047,-4819
140.06711409396,13.8255033557047,-4876
140.134228187919,13.8255033557047,-4903
140.201342281879,13.8255033557047,-4949
140.268456375839,13.8255033557047,-4983
140.335570469799,13.8255033557047,-4978
140.402684563758,13.8255033557047,-4949
140.469798657718,13.8255033557047,-4920
140.536912751678,13.8255033557047,-4910
140.604026845638,13.8255033557047,-4935
140.671140939597,13.8255033557047,-4873
140.738255033557,13.8255033557047,-4834
140.805369127517,13.8255033557047,-4792
140.872483221477,13.8255033557047,-4759
140.939597315436,13.8255033557047,-4865
141.006711409396,13.8255033557047,-4830
141.073825503356,13.8255033557047,-4778
141.140939597315,13.8255033557047,-4685
141.208053691275,13.8255033557047,-4666
141.275167785235,13.8255033557047,-4650
141.342281879195,13.8255033557047,-4617
141.409395973154,13.8255033557047,-4635
141.476510067114,13.8255033557047,-4600
141.543624161074,13.8255033557047,-4549
141.610738255034,13.8255033557047,-4482
141.677852348993,13.8255033557047,-4413
141.744966442953,13.8255033557047,-4326
141.812080536913,13.8255033557047,-4234
141.879194630872,13.8255033557047,-4114
141.946308724832,13.8255033557047,-4056
142.013422818792,13.8255033557047,-3930
142.080536912752,13.8255033557047,-3696
142.147651006711,13.8255033557047,-3557
142.214765100671,13.8255033557047,-3337
142.281879194631,13.8255033557047,-3208
142.348993288591,13.8255033557047,-2945
142.41610738255,13.8255033557047,-2518
142.48322147651,13.8255033557047,-2290
142.55033557047,13.8255033557047,-2396
142.61744966443,13.8255033557047,-2121
142.684563758389,13.8255033557047,-2075
142.751677852349,13.8255033557047,-3101
142.818791946309,13.8255033557047,-3814
142.885906040268,13.8255033557047,-3875
142.953020134228,13.8255033557047,-2838
143.020134228188,13.8255033557047,-3155
143.087248322148,13.8255033557047,-4331
143.154362416107,13.8255033557047,-4294
143.221476510067,13.8255033557047,-3548
143.288590604027,13.8255033557047,-3742
143.355704697987,13.8255033557047,-3801
143.422818791946,13.8255033557047,-3714
143.489932885906,13.8255033557047,-3528
143.557046979866,13.8255033557047,-3791
143.624161073825,13.8255033557047,-3942
143.691275167785,13.8255033557047,-3907
143.758389261745,13.8255033557047,-3494
143.825503355705,13.8255033557047,-3210
143.892617449664,13.8255033557047,-3285
143.959731543624,13.8255033557047,-3278
144.026845637584,13.8255033557047,-3522
144.093959731544,13.8255033557047,-3477
144.161073825503,13.8255033557047,-3663
144.228187919463,13.8255033557047,-3657
144.295302013423,13.8255033557047,-3571
144.362416107383,13.8255033557047,-3487
144.429530201342,13.8255033557047,-3427
144.496644295302,13.8255033557047,-3525
144.563758389262,13.8255033557047,-3120
144.630872483221,13.8255033557047,-1691
144.697986577181,13.8255033557047,-1608
144.765100671141,13.8255033557047,-1486
144.832214765101,13.8255033557047,-1023
144.89932885906,13.8255033557047,-499
144.96644295302,13.8255033557047,-499
145.03355704698,13.8255033557047,-878
145.10067114094,13.8255033557047,-1301
145.167785234899,13.8255033557047,-1659
145.234899328859,13.8255033557047,-1903
145.302013422819,13.8255033557047,-2086
145.369127516779,13.8255033557047,-2213
145.436241610738,13.8255033557047,-2459
145.503355704698,13.8255033557047,-2714
145.570469798658,13.8255033557047,-2999
145.637583892617,13.8255033557047,-3299
145.704697986577,13.8255033557047,-3625
145.771812080537,13.8255033557047,-3845
145.838926174497,13.8255033557047,-4110
145.906040268456,13.8255033557047,-3954
145.973154362416,13.8255033557047,-3443
146.040268456376,13.8255033557047,-3822
146.107382550336,13.8255033557047,-4621
146.174496644295,13.8255033557047,-4956
146.241610738255,13.8255033557047,-5232
146.308724832215,13.8255033557047,-5735
146.375838926175,13.8255033557047,-6246
146.442953020134,13.8255033557047,-6724
146.510067114094,13.8255033557047,-6930
146.577181208054,13.8255033557047,-7030
146.644295302013,13.8255033557047,-7212
146.711409395973,13.8255033557047,-7557
146.778523489933,13.8255033557047,-7988
146.845637583893,13.8255033557047,-8471
146.912751677852,13.8255033557047,-9009
146.979865771812,13.8255033557047,-9191
147.046979865772,13.8255033557047,-8351
147.114093959732,13.8255033557047,-7197
147.181208053691,13.8255033557047,-6491
147.248322147651,13.8255033557047,-5786
147.315436241611,13.8255033557047,-6317
147.38255033557,13.8255033557047,-6797
147.44966442953,13.8255033557047,-6789
147.51677852349,13.8255033557047,-6589
147.58389261745,13.8255033557047,-6407
147.651006711409,13.8255033557047,-6179
147.718120805369,13.8255033557047,-6052
147.785234899329,13.8255033557047,-5980
147.852348993289,13.8255033557047,-5738
147.919463087248,13.8255033557047,-5470
147.986577181208,13.8255033557047,-5477
148.053691275168,13.8255033557047,-5613
148.120805369128,13.8255033557047,-5547
148.187919463087,13.8255033557047,-5472
148.255033557047,13.8255033557047,-5267
148.322147651007,13.8255033557047,-3913
148.389261744966,13.8255033557047,-2290
148.456375838926,13.8255033557047,-2796
148.523489932886,13.8255033557047,-4261
148.590604026846,13.8255033557047,-5328
148.657718120805,13.8255033557047,-5856
148.724832214765,13.8255033557047,-5841
148.791946308725,13.8255033557047,-5600
148.859060402685,13.8255033557047,-5828
148.926174496644,13.8255033557047,-5838
148.993288590604,13.8255033557047,-5877
149.060402684564,13.8255033557047,-5914
149.127516778523,13.8255033557047,-5953
149.194630872483,13.8255033557047,-5973
149.261744966443,13.8255033557047,-5998
149.328859060403,13.8255033557047,-6003
149.395973154362,13.8255033557047,-5987
149.463087248322,13.8255033557047,-5997
149.530201342282,13.8255033557047,-6011
149.597315436242,13.8255033557047,-5976
149.664429530201,13.8255033557047,-5980
149.731543624161,13.8255033557047,-6030
149.798657718121,13.8255033557047,-6005
149.865771812081,13.8255033557047,-5998
149.93288590604,13.8255033557047,-6023
150,13.8255033557047,-6020
140,13.758389261745,-4872
140.06711409396,13.758389261745,-4938
140.134228187919,13.758389261745,-5048
140.201342281879,13.758389261745,-5007
140.268456375839,13.758389261745,-4962
140.335570469799,13.758389261745,-4951
140.402684563758,13.758389261745,-4947
140.469798657718,13.758389261745,-5006
140.536912751678,13.758389261745,-5049
140.604026845638,13.758389261745,-4996
140.671140939597,13.758389261745,-4912
140.738255033557,13.758389261745,-4888
140.805369127517,13.758389261745,-4796
140.872483221477,13.758389261745,-4793
140.939597315436,13.758389261745,-4853
141.006711409396,13.758389261745,-4806
141.073825503356,13.758389261745,-4753
141.140939597315,13.758389261745,-4603
141.208053691275,13.758389261745,-4445
141.275167785235,13.758389261745,-4316
141.342281879195,13.758389261745,-4339
141.409395973154,13.758389261745,-4502
141.476510067114,13.758389261745,-4496
141.543624161074,13.758389261745,-4432
141.610738255034,13.758389261745,-4321
141.677852348993,13.758389261745,-4216
141.744966442953,13.758389261745,-4242
141.812080536913,13.758389261745,-4252
141.879194630872,13.758389261745,-4082
141.946308724832,13.758389261745,-3931
142.013422818792,13.758389261745,-3739
142.080536912752,13.758389261745,-3478
142.147651006711,13.758389261745,-3332
142.214765100671,13.758389261745,-3121
142.281879194631,13.758389261745,-3144
142.348993288591,13.758389261745,-3069
142.41610738255,13.758389261745,-2773
142.48322147651,13.758389261745,-2494
142.55033557047,13.758389261745,-2286
142.61744966443,13.758389261745,-1960
142.684563758389,13.758389261745,-2286
142.751677852349,13.758389261745,-3558
142.818791946309,13.758389261745,-4075
142.885906040268,13.758389261745,-3537
142.953020134228,13.758389261745,-3093
143.020134228188,13.758389261745,-3668
143.087248322148,13.758389261745,-4397
143.154362416107,13.758389261745,-4334
143.221476510067,13.758389261745,-3631
143.288590604027,13.758389261745,-3750
143.355704697987,13.758389261745,-3718
143.422818791946,13.758389261745,-3701
143.489932885906,13.758389261745,-3519
143.557046979866,13.758389261745,-3694
143.624161073825,13.758389261745,-3748
143.691275167785,13.758389261745,-3654
143.758389261745,13.758389261745,-3478
143.825503355705,13.758389261745,-3224
143.892617449664,13.758389261745,-3352
143.959731543624,13.758389261745,-3338
144.026845637584,13.758389261745,-3716
144.093959731544,13.758389261745,-3646
144.161073825503,13.758389261745,-3651
144.228187919463,13.758389261745,-3521
144.295302013423,13.758389261745,-3356
144.362416107383,13.758389261745,-3006
144.429530201342,13.758389261745,-2937
144.496644295302,13.758389261745,-2827
144.563758389262,13.758389261745,-2306
144.630872483221,13.758389261745,-1939
144.697986577181,13.758389261745,-1482
144.765100671141,13.758389261745,-1055
144.832214765101,13.758389261745,-670
144.89932885906,13.758389261745,-511
144.96644295302,13.758389261745,-821
145.03355704698,13.758389261745,-1013
145.10067114094,13.758389261745,-1377
145.167785234899,13.758389261745,-1647
145.234899328859,13.758389261745,-1832
145.302013422819,13.758389261745,-2008
145.369127516779,13.758389261745,-2220
145.436241610738,13.758389261745,-2434
145.503355704698,13.758389261745,-2670
145.570469798658,13.758389261745,-3021
145.637583892617,13.758389261745,-3350
145.704697986577,13.758389261745,-3661
145.771812080537,13.758389261745,-3905
145.838926174497,13.758389261745,-4133
145.906040268456,13.758389261745,-4127
145.973154362416,13.758389261745,-3736
146.040268456376,13.758389261745,-3946
146.107382550336,13.758389261745,-4841
146.174496644295,13.758389261745,-5445
146.241610738255,13.758389261745,-5963
146.308724832215,13.758389261745,-6358
146.375838926175,13.758389261745,-6739
146.442953020134,13.758389261745,-7210
146.510067114094,13.758389261745,-7425
146.577181208054,13.758389261745,-7320
146.644295302013,13.758389261745,-7243
146.711409395973,13.758389261745,-7788
146.778523489933,13.758389261745,-8485
146.845637583893,13.758389261745,-8838
146.912751677852,13.758389261745,-8913
146.979865771812,13.758389261745,-8500
147.046979865772,13.758389261745,-7319
147.114093959732,13.758389261745,-5858
147.181208053691,13.758389261745,-5065
147.248322147651,13.758389261745,-5202
147.315436241611,13.758389261745,-6052
147.38255033557,13.758389261745,-6577
147.44966442953,13.758389261745,-6519
147.51677852349,13.758389261745,-6283
147.58389261745,13.758389261745,-6150
147.651006711409,13.758389261745,-5981
147.718120805369,13.758389261745,-5886
147.785234899329,13.758389261745,-5890
147.852348993289,13.758389261745,-5807
147.919463087248,13.758389261745,-5731
147.986577181208,13.758389261745,-5625
148.053691275168,13.758389261745,-5564
148.120805369128,13.758389261745,-5476
148.187919463087,13.758389261745,-5466
148.255033557047,13.758389261745,-5304
148.322147651007,13.758389261745,-4193
148.389261744966,13.758389261745,-3251
148.456375838926,13.758389261745,-3992
148.523489932886,13.758389261745,-5221
148.590604026846,13.758389261745,-5697
148.657718120805,13.758389261745,-5860
148.724832214765,13.758389261745,-5860
148.791946308725,13.758389261745,-5755
148.859060402685,13.758389261745,-5761
148.926174496644,13.758389261745,-5786
148.993288590604,13.758389261745,-5889
149.060402684564,13.758389261745,-5964
149.127516778523,13.758389261745,-5981
149.194630872483,13.758389261745,-5976
149.261744966443,13.758389261745,-5812
149.328859060403,13.758389261745,-5830
149.395973154362,13.758389261745,-5950
149.463087248322,13.758389261745,-5997
149.530201342282,13.758389261745,-5942
149.597315436242,13.758389261745,-5825
149.664429530201,13.758389261745,-5921
149.731543624161,13.758389261745,-6091
149.798657718121,13.758389261745,-6023
149.865771812081,13.758389261745,-5996
149.93288590604,13.758389261745,-6035
150,13.758389261745,-6026
140,13.6912751677852,-4930
140.06711409396,13.6912751677852,-4954
140.134228187919,13.6912751677852,-5036
140.201342281879,13.6912751677852,-4948
140.268456375839,13.6912751677852,-4908
140.335570469799,13.6912751677852,-4890
140.402684563758,13.6912751677852,-4905
140.469798657718,13.6912751677852,-5015
140.536912751678,13.6912751677852,-5061
140.604026845638,13.6912751677852,-5039
140.671140939597,13.6912751677852,-5016
140.738255033557,13.6912751677852,-4975
140.805369127517,13.6912751677852,-4896
140.872483221477,13.6912751677852,-4821
140.939597315436,13.6912751677852,-4826
141.006711409396,13.6912751677852,-4782
141.073825503356,13.6912751677852,-4806
141.140939597315,13.6912751677852,-4743
141.208053691275,13.6912751677852,-4589
141.275167785235,13.6912751677852,-4357
141.342281879195,13.6912751677852,-4284
141.409395973154,13.6912751677852,-4395
141.476510067114,13.6912751677852,-4405
141.543624161074,13.6912751677852,-4343
141.610738255034,13.6912751677852,-4250
141.677852348993,13.6912751677852,-4159
141.744966442953,13.6912751677852,-4168
141.812080536913,13.6912751677852,-4240
141.879194630872,13.6912751677852,-4131
141.946308724832,13.6912751677852,-3890
142.013422818792,13.6912751677852,-3598
142.080536912752,13.6912751677852,-3317
142.147651006711,13.6912751677852,-3350
142.214765100671,13.6912751677852,-3327
142.281879194631,13.6912751677852,-3293
142.348993288591,13.6912751677852,-3388
142.41610738255,13.6912751677852,-3261
142.48322147651,13.6912751677852,-2900
142.55033557047,13.6912751677852,-2328
142.61744966443,13.6912751677852,-2091
142.684563758389,13.6912751677852,-2830
142.751677852349,13.6912751677852,-3902
142.818791946309,13.6912751677852,-4190
142.885906040268,13.6912751677852,-3701
142.953020134228,13.6912751677852,-3658
143.020134228188,13.6912751677852,-4509
143.087248322148,13.6912751677852,-4756
143.154362416107,13.6912751677852,-4508
143.221476510067,13.6912751677852,-3796
143.288590604027,13.6912751677852,-3596
143.355704697987,13.6912751677852,-3555
143.422818791946,13.6912751677852,-3490
143.489932885906,13.6912751677852,-3430
143.557046979866,13.6912751677852,-3643
143.624161073825,13.6912751677852,-3602
143.691275167785,13.6912751677852,-3587
143.758389261745,13.6912751677852,-3426
143.825503355705,13.6912751677852,-3261
143.892617449664,13.6912751677852,-3359
143.959731543624,13.6912751677852,-3520
144.026845637584,13.6912751677852,-3700
144.093959731544,13.6912751677852,-3598
144.161073825503,13.6912751677852,-3281
144.228187919463,13.6912751677852,-3241
144.295302013423,13.6912751677852,-3031
144.362416107383,13.6912751677852,-2215
144.429530201342,13.6912751677852,-2091
144.496644295302,13.6912751677852,-2394
144.563758389262,13.6912751677852,-2111
144.630872483221,13.6912751677852,-2049
144.697986577181,13.6912751677852,-1060
144.765100671141,13.6912751677852,-712
144.832214765101,13.6912751677852,-324
144.89932885906,13.6912751677852,-397
144.96644295302,13.6912751677852,-793
145.03355704698,13.6912751677852,-965
145.10067114094,13.6912751677852,-1276
145.167785234899,13.6912751677852,-1560
145.234899328859,13.6912751677852,-1852
145.302013422819,13.6912751677852,-2100
145.369127516779,13.6912751677852,-2325
145.436241610738,13.6912751677852,-2556
145.503355704698,13.6912751677852,-2765
145.570469798658,13.6912751677852,-2997
145.637583892617,13.6912751677852,-3314
145.704697986577,13.6912751677852,-3715
145.771812080537,13.6912751677852,-4024
145.838926174497,13.6912751677852,-4241
145.906040268456,13.6912751677852,-4270
145.973154362416,13.6912751677852,-4486
146.040268456376,13.6912751677852,-4820
146.107382550336,13.6912751677852,-5407
146.174496644295,13.6912751677852,-5862
146.241610738255,13.6912751677852,-6311
146.308724832215,13.6912751677852,-6698
146.375838926175,13.6912751677852,-7185
146.442953020134,13.6912751677852,-7559
146.510067114094,13.6912751677852,-7704
146.577181208054,13.6912751677852,-7486
146.644295302013,13.6912751677852,-7289
146.711409395973,13.6912751677852,-7841
146.778523489933,13.6912751677852,-8621
146.845637583893,13.6912751677852,-8922
146.912751677852,13.6912751677852,-8800
146.979865771812,13.6912751677852,-8109
147.046979865772,13.6912751677852,-6661
147.114093959732,13.6912751677852,-4768
147.181208053691,13.6912751677852,-4257
147.248322147651,13.6912751677852,-4937
147.315436241611,13.6912751677852,-5918
147.38255033557,13.6912751677852,-6431
147.44966442953,13.6912751677852,-6323
147.51677852349,13.6912751677852,-6166
147.58389261745,13.6912751677852,-5923
147.651006711409,13.6912751677852,-5656
147.718120805369,13.6912751677852,-5503
147.785234899329,13.6912751677852,-5741
147.852348993289,13.6912751677852,-5776
147.919463087248,13.6912751677852,-5702
147.986577181208,13.6912751677852,-5598
148.053691275168,13.6912751677852,-5486
148.120805369128,13.6912751677852,-5401
148.187919463087,13.6912751677852,-5408
148.255033557047,13.6912751677852,-5308
148.322147651007,13.6912751677852,-4814
148.389261744966,13.6912751677852,-4473
148.456375838926,13.6912751677852,-4996
148.523489932886,13.6912751677852,-5509
148.590604026846,13.6912751677852,-5724
148.657718120805,13.6912751677852,-5845
148.724832214765,13.6912751677852,-5883
148.791946308725,13.6912751677852,-5905
148.859060402685,13.6912751677852,-5916
148.926174496644,13.6912751677852,-5939
148.993288590604,13.6912751677852,-5973
149.060402684564,13.6912751677852,-5971
149.127516778523,13.6912751677852,-5957
149.194630872483,13.6912751677852,-5875
149.261744966443,13.6912751677852,-5593
149.328859060403,13.6912751677852,-5742
149.395973154362,13.6912751677852,-5914
149.463087248322,13.6912751677852,-5974
149.530201342282,13.6912751677852,-5915
149.597315436242,13.6912751677852,-5855
149.664429530201,13.6912751677852,-5932
149.731543624161,13.6912751677852,-5987
149.798657718121,13.6912751677852,-5967
149.865771812081,13.6912751677852,-5993
149.93288590604,13.6912751677852,-6028
150,13.6912751677852,-6009
140,13.6241610738255,-4934
140.06711409396,13.6241610738255,-4960
140.134228187919,13.6241610738255,-4961
140.201342281879,13.6241610738255,-4864
140.268456375839,13.6241610738255,-4809
140.335570469799,13.6241610738255,-4733
140.402684563758,13.6241610738255,-4794
140.469798657718,13.6241610738255,-4971
140.536912751678,13.6241610738255,-5051
140.604026845638,13.6241610738255,-5126
140.671140939597,13.6241610738255,-5046
140.738255033557,13.6241610738255,-4759
140.805369127517,13.6241610738255,-4775
140.872483221477,13.6241610738255,-4849
140.939597315436,13.6241610738255,-4801
141.006711409396,13.6241610738255,-4743
141.073825503356,13.6241610738255,-4742
141.140939597315,13.6241610738255,-4721
141.208053691275,13.6241610738255,-4711
141.275167785235,13.6241610738255,-4614
141.342281879195,13.6241610738255,-4492
141.409395973154,13.6241610738255,-4457
141.476510067114,13.6241610738255,-4430
141.543624161074,13.6241610738255,-4393
141.610738255034,13.6241610738255,-4385
141.677852348993,13.6241610738255,-4241
141.744966442953,13.6241610738255,-4112
141.812080536913,13.6241610738255,-4191
141.879194630872,13.6241610738255,-4025
141.946308724832,13.6241610738255,-3547
142.013422818792,13.6241610738255,-3256
142.080536912752,13.6241610738255,-3294
142.147651006711,13.6241610738255,-3420
142.214765100671,13.6241610738255,-3399
142.281879194631,13.6241610738255,-3323
142.348993288591,13.6241610738255,-3356
142.41610738255,13.6241610738255,-3248
142.48322147651,13.6241610738255,-2870
142.55033557047,13.6241610738255,-2503
142.61744966443,13.6241610738255,-2768
142.684563758389,13.6241610738255,-3612
142.751677852349,13.6241610738255,-4153
142.818791946309,13.6241610738255,-4304
142.885906040268,13.6241610738255,-4343
142.953020134228,13.6241610738255,-4453
143.020134228188,13.6241610738255,-4594
143.087248322148,13.6241610738255,-4464
143.154362416107,13.6241610738255,-4176
143.221476510067,13.6241610738255,-3672
143.288590604027,13.6241610738255,-3521
143.355704697987,13.6241610738255,-3446
143.422818791946,13.6241610738255,-3523
143.489932885906,13.6241610738255,-3560
143.557046979866,13.6241610738255,-3555
143.624161073825,13.6241610738255,-3433
143.691275167785,13.6241610738255,-3496
143.758389261745,13.6241610738255,-3433
143.825503355705,13.6241610738255,-3321
143.892617449664,13.6241610738255,-3168
143.959731543624,13.6241610738255,-3168
144.026845637584,13.6241610738255,-3624
144.093959731544,13.6241610738255,-3385
144.161073825503,13.6241610738255,-3293
144.228187919463,13.6241610738255,-3425
144.295302013423,13.6241610738255,-2963
144.362416107383,13.6241610738255,-1947
144.429530201342,13.6241610738255,-1794
144.496644295302,13.6241610738255,-2439
144.563758389262,13.6241610738255,-2152
144.630872483221,13.6241610738255,-1493
144.697986577181,13.6241610738255,-906
144.765100671141,13.6241610738255,-703
144.832214765101,13.6241610738255,-63
144.89932885906,13.6241610738255,-123
144.96644295302,13.6241610738255,-526
145.03355704698,13.6241610738255,-807
145.10067114094,13.6241610738255,-1168
145.167785234899,13.6241610738255,-1577
145.234899328859,13.6241610738255,-1870
145.302013422819,13.6241610738255,-2133
145.369127516779,13.6241610738255,-2385
145.436241610738,13.6241610738255,-2667
145.503355704698,13.6241610738255,-2879
145.570469798658,13.6241610738255,-3144
145.637583892617,13.6241610738255,-3527
145.704697986577,13.6241610738255,-3831
145.771812080537,13.6241610738255,-4122
145.838926174497,13.6241610738255,-4344
145.906040268456,13.6241610738255,-4474
145.973154362416,13.6241610738255,-4782
146.040268456376,13.6241610738255,-5315
146.107382550336,13.6241610738255,-5743
146.174496644295,13.6241610738255,-6175
146.241610738255,13.6241610738255,-6439
146.308724832215,13.6241610738255,-6890
146.375838926175,13.6241610738255,-7555
146.442953020134,13.6241610738255,-7868
146.510067114094,13.6241610738255,-7718
146.577181208054,13.6241610738255,-7498
146.644295302013,13.6241610738255,-7761
146.711409395973,13.6241610738255,-8172
146.778523489933,13.6241610738255,-8827
146.845637583893,13.6241610738255,-9063
146.912751677852,13.6241610738255,-8668
146.979865771812,13.6241610738255,-7611
147.046979865772,13.6241610738255,-5610
147.114093959732,13.6241610738255,-4175
147.181208053691,13.6241610738255,-4012
147.248322147651,13.6241610738255,-4730
147.315436241611,13.6241610738255,-5567
147.38255033557,13.6241610738255,-6045
147.44966442953,13.6241610738255,-6294
147.51677852349,13.6241610738255,-6170
147.58389261745,13.6241610738255,-6011
147.651006711409,13.6241610738255,-5787
147.718120805369,13.6241610738255,-5662
147.785234899329,13.6241610738255,-5682
147.852348993289,13.6241610738255,-5701
147.919463087248,13.6241610738255,-5653
147.986577181208,13.6241610738255,-5575
148.053691275168,13.6241610738255,-5499
148.120805369128,13.6241610738255,-5452
148.187919463087,13.6241610738255,-5407
148.255033557047,13.6241610738255,-5111
148.322147651007,13.6241610738255,-4502
148.389261744966,13.6241610738255,-4621
148.456375838926,13.6241610738255,-5251
148.523489932886,13.6241610738255,-5499
148.590604026846,13.6241610738255,-5608
148.657718120805,13.6241610738255,-5796
148.724832214765,13.6241610738255,-5865
148.791946308725,13.6241610738255,-5895
148.859060402685,13.6241610738255,-5944
148.926174496644,13.6241610738255,-5999
148.993288590604,13.6241610738255,-5985
149.060402684564,13.6241610738255,-5932
149.127516778523,13.6241610738255,-5914
149.194630872483,13.6241610738255,-5872
149.261744966443,13.6241610738255,-5901
149.328859060403,13.6241610738255,-5972
149.395973154362,13.6241610738255,-5988
149.463087248322,13.6241610738255,-5987
149.530201342282,13.6241610738255,-5959
149.597315436242,13.6241610738255,-5932
149.664429530201,13.6241610738255,-5868
149.731543624161,13.6241610738255,-5833
149.798657718121,13.6241610738255,-5946
149.865771812081,13.6241610738255,-6015
149.93288590604,13.6241610738255,-6037
150,13.6241610738255,-6000
140,13.5570469798658,-4946
140.06711409396,13.5570469798658,-5018
140.134228187919,13.5570469798658,-4990
140.201342281879,13.5570469798658,-4877
140.268456375839,13.5570469798658,-4782
140.335570469799,13.5570469798658,-4732
140.402684563758,13.5570469798658,-4843
140.469798657718,13.5570469798658,-5003
140.536912751678,13.5570469798658,-5136
140.604026845638,13.5570469798658,-5246
140.671140939597,13.5570469798658,-5026
140.738255033557,13.5570469798658,-4475
140.805369127517,13.5570469798658,-4495
140.872483221477,13.5570469798658,-4781
140.939597315436,13.5570469798658,-4767
141.006711409396,13.5570469798658,-4704
141.073825503356,13.5570469798658,-4694
141.140939597315,13.5570469798658,-4645
141.208053691275,13.5570469798658,-4676
141.275167785235,13.5570469798658,-4603
141.342281879195,13.5570469798658,-4505
141.409395973154,13.5570469798658,-4507
141.476510067114,13.5570469798658,-4420
141.543624161074,13.5570469798658,-4354
141.610738255034,13.5570469798658,-4325
141.677852348993,13.5570469798658,-3901
141.744966442953,13.5570469798658,-3647
141.812080536913,13.5570469798658,-3812
141.879194630872,13.5570469798658,-3539
141.946308724832,13.5570469798658,-2952
142.013422818792,13.5570469798658,-2995
142.080536912752,13.5570469798658,-3329
142.147651006711,13.5570469798658,-3281
142.214765100671,13.5570469798658,-3273
142.281879194631,13.5570469798658,-3296
142.348993288591,13.5570469798658,-3256
142.41610738255,13.5570469798658,-2999
142.48322147651,13.5570469798658,-2548
142.55033557047,13.5570469798658,-2662
142.61744966443,13.5570469798658,-3470
142.684563758389,13.5570469798658,-3970
142.751677852349,13.5570469798658,-4019
142.818791946309,13.5570469798658,-4304
142.885906040268,13.5570469798658,-4425
142.953020134228,13.5570469798658,-4153
143.020134228188,13.5570469798658,-4267
143.087248322148,13.5570469798658,-4196
143.154362416107,13.5570469798658,-3933
143.221476510067,13.5570469798658,-3649
143.288590604027,13.5570469798658,-3480
143.355704697987,13.5570469798658,-3469
143.422818791946,13.5570469798658,-3633
143.489932885906,13.5570469798658,-3669
143.557046979866,13.5570469798658,-3463
143.624161073825,13.5570469798658,-3404
143.691275167785,13.5570469798658,-3505
143.758389261745,13.5570469798658,-3630
143.825503355705,13.5570469798658,-3469
143.892617449664,13.5570469798658,-2952
143.959731543624,13.5570469798658,-2823
144.026845637584,13.5570469798658,-3461
144.093959731544,13.5570469798658,-3670
144.161073825503,13.5570469798658,-3698
144.228187919463,13.5570469798658,-3505
144.295302013423,13.5570469798658,-3179
144.362416107383,13.5570469798658,-2770
144.429530201342,13.5570469798658,-2544
144.496644295302,13.5570469798658,-2629
144.563758389262,13.5570469798658,-2351
144.630872483221,13.5570469798658,-1576
144.697986577181,13.5570469798658,-958
144.765100671141,13.5570469798658,-533
144.832214765101,13.5570469798658,76
144.89932885906,13.5570469798658,138
144.96644295302,13.5570469798658,-323
145.03355704698,13.5570469798658,-860
145.10067114094,13.5570469798658,-1279
145.167785234899,13.5570469798658,-1633
145.234899328859,13.5570469798658,-1893
145.302013422819,13.5570469798658,-2183
145.369127516779,13.5570469798658,-2435
145.436241610738,13.5570469798658,-2680
145.503355704698,13.5570469798658,-2919
145.570469798658,13.5570469798658,-3134
145.637583892617,13.5570469798658,-3539
145.704697986577,13.5570469798658,-3877
145.771812080537,13.5570469798658,-4216
145.838926174497,13.5570469798658,-4491
145.906040268456,13.5570469798658,-4745
145.973154362416,13.5570469798658,-5073
146.040268456376,13.5570469798658,-5738
146.107382550336,13.5570469798658,-5953
146.174496644295,13.5570469798658,-6618
146.241610738255,13.5570469798658,-6962
146.308724832215,13.5570469798658,-7337
146.375838926175,13.5570469798658,-7894
146.442953020134,13.5570469798658,-8011
146.510067114094,13.5570469798658,-7564
146.577181208054,13.5570469798658,-7351
146.644295302013,13.5570469798658,-7759
146.711409395973,13.5570469798658,-8150
146.778523489933,13.5570469798658,-8699
146.845637583893,13.5570469798658,-8689
146.912751677852,13.5570469798658,-7759
146.979865771812,13.5570469798658,-6557
147.046979865772,13.5570469798658,-5202
147.114093959732,13.5570469798658,-4168
147.181208053691,13.5570469798658,-3944
147.248322147651,13.5570469798658,-4411
147.315436241611,13.5570469798658,-5166
147.38255033557,13.5570469798658,-6121
147.44966442953,13.5570469798658,-6252
147.51677852349,13.5570469798658,-6092
147.58389261745,13.5570469798658,-6054
147.651006711409,13.5570469798658,-5961
147.718120805369,13.5570469798658,-5837
147.785234899329,13.5570469798658,-5765
147.852348993289,13.5570469798658,-5690
147.919463087248,13.5570469798658,-5603
147.986577181208,13.5570469798658,-5555
148.053691275168,13.5570469798658,-5598
148.120805369128,13.5570469798658,-5609
148.187919463087,13.5570469798658,-5547
148.255033557047,13.5570469798658,-5202
148.322147651007,13.5570469798658,-4295
148.389261744966,13.5570469798658,-4546
148.456375838926,13.5570469798658,-5363
148.523489932886,13.5570469798658,-5560
148.590604026846,13.5570469798658,-5630
148.657718120805,13.5570469798658,-5754
148.724832214765,13.5570469798658,-5864
148.791946308725,13.5570469798658,-5887
148.859060402685,13.5570469798658,-5905
148.926174496644,13.5570469798658,-5916
148.993288590604,13.5570469798658,-5847
149.060402684564,13.5570469798658,-5895
149.127516778523,13.5570469798658,-5922
149.194630872483,13.5570469798658,-5944
149.261744966443,13.5570469798658,-5967
149.328859060403,13.5570469798658,-5982
149.395973154362,13.5570469798658,-5991
149.463087248322,13.5570469798658,-6021
149.530201342282,13.5570469798658,-6025
149.597315436242,13.5570469798658,-5942
149.664429530201,13.5570469798658,-5795
149.731543624161,13.5570469798658,-5864
149.798657718121,13.5570469798658,-6095
149.865771812081,13.5570469798658,-6104
149.93288590604,13.5570469798658,-6019
150,13.5570469798658,-5972
140,13.489932885906,-4874
140.06711409396,13.489932885906,-4989
140.134228187919,13.489932885906,-4986
140.201342281879,13.489932885906,-4912
140.268456375839,13.489932885906,-4863
140.335570469799,13.489932885906,-4860
140.402684563758,13.489932885906,-4913
140.469798657718,13.489932885906,-4951
140.536912751678,13.489932885906,-4980
140.604026845638,13.489932885906,-4914
140.671140939597,13.489932885906,-4834
140.738255033557,13.489932885906,-4709
140.805369127517,13.489932885906,-4596
140.872483221477,13.489932885906,-4716
140.939597315436,13.489932885906,-4743
141.006711409396,13.489932885906,-4721
141.073825503356,13.489932885906,-4673
141.140939597315,13.489932885906,-4624
141.208053691275,13.489932885906,-4583
141.275167785235,13.489932885906,-4487
141.342281879195,13.489932885906,-4417
141.409395973154,13.489932885906,-4431
141.476510067114,13.489932885906,-4369
141.543624161074,13.489932885906,-4195
141.610738255034,13.489932885906,-4048
141.677852348993,13.489932885906,-3256
141.744966442953,13.489932885906,-3073
141.812080536913,13.489932885906,-3386
141.879194630872,13.489932885906,-3149
141.946308724832,13.489932885906,-2844
142.013422818792,13.489932885906,-3087
142.080536912752,13.489932885906,-3144
142.147651006711,13.489932885906,-2938
142.214765100671,13.489932885906,-3096
142.281879194631,13.489932885906,-3205
142.348993288591,13.489932885906,-3085
142.41610738255,13.489932885906,-2465
142.48322147651,13.489932885906,-2264
142.55033557047,13.489932885906,-2759
142.61744966443,13.489932885906,-3436
142.684563758389,13.489932885906,-3417
142.751677852349,13.489932885906,-3365
142.818791946309,13.489932885906,-4002
142.885906040268,13.489932885906,-3852
142.953020134228,13.489932885906,-3481
143.020134228188,13.489932885906,-3695
143.087248322148,13.489932885906,-4106
143.154362416107,13.489932885906,-4009
143.221476510067,13.489932885906,-3738
143.288590604027,13.489932885906,-3512
143.355704697987,13.489932885906,-3484
143.422818791946,13.489932885906,-3533
143.489932885906,13.489932885906,-3481
143.557046979866,13.489932885906,-3234
143.624161073825,13.489932885906,-3219
143.691275167785,13.489932885906,-3487
143.758389261745,13.489932885906,-3495
143.825503355705,13.489932885906,-3505
143.892617449664,13.489932885906,-2932
143.959731543624,13.489932885906,-2970
144.026845637584,13.489932885906,-3074
144.093959731544,13.489932885906,-3775
144.161073825503,13.489932885906,-3835
144.228187919463,13.489932885906,-3758
144.295302013423,13.489932885906,-3611
144.362416107383,13.489932885906,-3225
144.429530201342,13.489932885906,-2806
144.496644295302,13.489932885906,-2460
144.563758389262,13.489932885906,-1949
144.630872483221,13.489932885906,-811
144.697986577181,13.489932885906,-311
144.765100671141,13.489932885906,-90
144.832214765101,13.489932885906,103
144.89932885906,13.489932885906,-130
144.96644295302,13.489932885906,-894
145.03355704698,13.489932885906,-1179
145.10067114094,13.489932885906,-1355
145.167785234899,13.489932885906,-1725
145.234899328859,13.489932885906,-1968
145.302013422819,13.489932885906,-2229
145.369127516779,13.489932885906,-2573
145.436241610738,13.489932885906,-2796
145.503355704698,13.489932885906,-2912
145.570469798658,13.489932885906,-3214
145.637583892617,13.489932885906,-3486
145.704697986577,13.489932885906,-3842
145.771812080537,13.489932885906,-4224
145.838926174497,13.489932885906,-4491
145.906040268456,13.489932885906,-4948
145.973154362416,13.489932885906,-5454
146.040268456376,13.489932885906,-6391
146.107382550336,13.489932885906,-6603
146.174496644295,13.489932885906,-7070
146.241610738255,13.489932885906,-7763
146.308724832215,13.489932885906,-7923
146.375838926175,13.489932885906,-8139
146.442953020134,13.489932885906,-7988
146.510067114094,13.489932885906,-7481
146.577181208054,13.489932885906,-7411
146.644295302013,13.489932885906,-7743
146.711409395973,13.489932885906,-8362
146.778523489933,13.489932885906,-8463
146.845637583893,13.489932885906,-7845
146.912751677852,13.489932885906,-6751
146.979865771812,13.489932885906,-5885
147.046979865772,13.489932885906,-4388
147.114093959732,13.489932885906,-3956
147.181208053691,13.489932885906,-4239
147.248322147651,13.489932885906,-4627
147.315436241611,13.489932885906,-5476
147.38255033557,13.489932885906,-6182
147.44966442953,13.489932885906,-6205
147.51677852349,13.489932885906,-6015
147.58389261745,13.489932885906,-5896
147.651006711409,13.489932885906,-5808
147.718120805369,13.489932885906,-5758
147.785234899329,13.489932885906,-5665
147.852348993289,13.489932885906,-5512
147.919463087248,13.489932885906,-5393
147.986577181208,13.489932885906,-5483
148.053691275168,13.489932885906,-5628
148.120805369128,13.489932885906,-5621
148.187919463087,13.489932885906,-5553
148.255033557047,13.489932885906,-4552
148.322147651007,13.489932885906,-4767
148.389261744966,13.489932885906,-5258
148.456375838926,13.489932885906,-5561
148.523489932886,13.489932885906,-5655
148.590604026846,13.489932885906,-5741
148.657718120805,13.489932885906,-5787
148.724832214765,13.489932885906,-5865
148.791946308725,13.489932885906,-5915
148.859060402685,13.489932885906,-5876
148.926174496644,13.489932885906,-5836
148.993288590604,13.489932885906,-5857
149.060402684564,13.489932885906,-5896
149.127516778523,13.489932885906,-5916
149.194630872483,13.489932885906,-5954
149.261744966443,13.489932885906,-5947
149.328859060403,13.489932885906,-5812
149.395973154362,13.489932885906,-5857
149.463087248322,13.489932885906,-5999
149.530201342282,13.489932885906,-5987
149.597315436242,13.489932885906,-5913
149.664429530201,13.489932885906,-5934
149.731543624161,13.489932885906,-6118
149.798657718121,13.489932885906,-5889
149.865771812081,13.489932885906,-5283
149.93288590604,13.489932885906,-5488
150,13.489932885906,-5904
140,13.4228187919463,-4043
140.06711409396,13.4228187919463,-4575
140.134228187919,13.4228187919463,-4906
140.201342281879,13.4228187919463,-4896
140.268456375839,13.4228187919463,-4891
140.335570469799,13.4228187919463,-4890
140.402684563758,13.4228187919463,-4898
140.469798657718,13.4228187919463,-4896
140.536912751678,13.4228187919463,-4568
140.604026845638,13.4228187919463,-3598
140.671140939597,13.4228187919463,-3978
140.738255033557,13.4228187919463,-4741
140.805369127517,13.4228187919463,-4759
140.872483221477,13.4228187919463,-4736
140.939597315436,13.4228187919463,-4708
141.006711409396,13.4228187919463,-4654
141.073825503356,13.4228187919463,-4637
141.140939597315,13.4228187919463,-4595
141.208053691275,13.4228187919463,-4517
141.275167785235,13.4228187919463,-4462
141.342281879195,13.4228187919463,-4414
141.409395973154,13.4228187919463,-4389
141.476510067114,13.4228187919463,-4323
141.543624161074,13.4228187919463,-4168
141.610738255034,13.4228187919463,-3972
141.677852348993,13.4228187919463,-3727
141.744966442953,13.4228187919463,-3538
141.812080536913,13.4228187919463,-3525
141.879194630872,13.4228187919463,-3115
141.946308724832,13.4228187919463,-2780
142.013422818792,13.4228187919463,-2884
142.080536912752,13.4228187919463,-2828
142.147651006711,13.4228187919463,-2970
142.214765100671,13.4228187919463,-3117
142.281879194631,13.4228187919463,-3057
142.348993288591,13.4228187919463,-2712
142.41610738255,13.4228187919463,-2045
142.48322147651,13.4228187919463,-2205
142.55033557047,13.4228187919463,-2897
142.61744966443,13.4228187919463,-3157
142.684563758389,13.4228187919463,-2626
142.751677852349,13.4228187919463,-2907
142.818791946309,13.4228187919463,-3997
142.885906040268,13.4228187919463,-3386
142.953020134228,13.4228187919463,-3560
143.020134228188,13.4228187919463,-3839
143.087248322148,13.4228187919463,-3850
143.154362416107,13.4228187919463,-3792
143.221476510067,13.4228187919463,-3653
143.288590604027,13.4228187919463,-3432
143.355704697987,13.4228187919463,-3442
143.422818791946,13.4228187919463,-3322
143.489932885906,13.4228187919463,-3273
143.557046979866,13.4228187919463,-3109
143.624161073825,13.4228187919463,-3040
143.691275167785,13.4228187919463,-3260
143.758389261745,13.4228187919463,-3262
143.825503355705,13.4228187919463,-3399
143.892617449664,13.4228187919463,-3034
143.959731543624,13.4228187919463,-2967
144.026845637584,13.4228187919463,-3205
144.093959731544,13.4228187919463,-3882
144.161073825503,13.4228187919463,-3871
144.228187919463,13.4228187919463,-3974
144.295302013423,13.4228187919463,-3842
144.362416107383,13.4228187919463,-3239
144.429530201342,13.4228187919463,-2890
144.496644295302,13.4228187919463,-2517
144.563758389262,13.4228187919463,-1691
144.630872483221,13.4228187919463,-99
144.697986577181,13.4228187919463,93
144.765100671141,13.4228187919463,40
144.832214765101,13.4228187919463,-252
144.89932885906,13.4228187919463,-905
144.96644295302,13.4228187919463,-1254
145.03355704698,13.4228187919463,-1326
145.10067114094,13.4228187919463,-1507
145.167785234899,13.4228187919463,-1877
145.234899328859,13.4228187919463,-2142
145.302013422819,13.4228187919463,-2384
145.369127516779,13.4228187919463,-2708
145.436241610738,13.4228187919463,-2980
145.503355704698,13.4228187919463,-3150
145.570469798658,13.4228187919463,-3360
145.637583892617,13.4228187919463,-3478
145.704697986577,13.4228187919463,-3836
145.771812080537,13.4228187919463,-4213
145.838926174497,13.4228187919463,-4412
145.906040268456,13.4228187919463,-4873
145.973154362416,13.4228187919463,-5651
146.040268456376,13.4228187919463,-6910
146.107382550336,13.4228187919463,-7175
146.174496644295,13.4228187919463,-7562
146.241610738255,13.4228187919463,-8212
146.308724832215,13.4228187919463,-8399
146.375838926175,13.4228187919463,-8427
146.442953020134,13.4228187919463,-7887
146.510067114094,13.4228187919463,-7344
146.577181208054,13.4228187919463,-7952
146.644295302013,13.4228187919463,-8663
146.711409395973,13.4228187919463,-8980
146.778523489933,13.4228187919463,-8569
146.845637583893,13.4228187919463,-7947
146.912751677852,13.4228187919463,-7032
146.979865771812,13.4228187919463,-6100
147.046979865772,13.4228187919463,-4455
147.114093959732,13.4228187919463,-4032
147.181208053691,13.4228187919463,-4598
147.248322147651,13.4228187919463,-4951
147.315436241611,13.4228187919463,-5816
147.38255033557,13.4228187919463,-6165
147.44966442953,13.4228187919463,-6141
147.51677852349,13.4228187919463,-5978
147.58389261745,13.4228187919463,-5793
147.651006711409,13.4228187919463,-5673
147.718120805369,13.4228187919463,-5652
147.785234899329,13.4228187919463,-5450
147.852348993289,13.4228187919463,-5007
147.919463087248,13.4228187919463,-4989
147.986577181208,13.4228187919463,-5162
148.053691275168,13.4228187919463,-5424
148.120805369128,13.4228187919463,-5528
148.187919463087,13.4228187919463,-5444
148.255033557047,13.4228187919463,-4560
148.322147651007,13.4228187919463,-4916
148.389261744966,13.4228187919463,-5372
148.456375838926,13.4228187919463,-5511
148.523489932886,13.4228187919463,-5622
148.590604026846,13.4228187919463,-5725
148.657718120805,13.4228187919463,-5731
148.724832214765,13.4228187919463,-5782
148.791946308725,13.4228187919463,-5908
148.859060402685,13.4228187919463,-5862
148.926174496644,13.4228187919463,-5833
148.993288590604,13.4228187919463,-5881
149.060402684564,13.4228187919463,-5935
149.127516778523,13.4228187919463,-5930
149.194630872483,13.4228187919463,-5922
149.261744966443,13.4228187919463,-5895
149.328859060403,13.4228187919463,-5905
149.395973154362,13.4228187919463,-5964
149.463087248322,13.4228187919463,-6040
149.530201342282,13.4228187919463,-5983
149.597315436242,13.4228187919463,-5984
149.664429530201,13.4228187919463,-6147
149.731543624161,13.4228187919463,-6226
149.798657718121,13.4228187919463,-5031
149.865771812081,13.4228187919463,-3217
149.93288590604,13.4228187919463,-3697
150,13.4228187919463,-5291
140,13.3557046979866,-4519
140.06711409396,13.3557046979866,-4684
140.134228187919,13.3557046979866,-4940
140.201342281879,13.3557046979866,-4956
140.268456375839,13.3557046979866,-4941
140.335570469799,13.3557046979866,-4867
140.402684563758,13.3557046979866,-4803
140.469798657718,13.3557046979866,-4867
140.536912751678,13.3557046979866,-4417
140.604026845638,13.3557046979866,-3424
140.671140939597,13.3557046979866,-3671
140.738255033557,13.3557046979866,-4439
140.805369127517,13.3557046979866,-4717
140.872483221477,13.3557046979866,-4686
140.939597315436,13.3557046979866,-4662
141.006711409396,13.3557046979866,-4628
141.073825503356,13.3557046979866,-4594
141.140939597315,13.3557046979866,-4550
141.208053691275,13.3557046979866,-4502
141.275167785235,13.3557046979866,-4496
141.342281879195,13.3557046979866,-4420
141.409395973154,13.3557046979866,-4352
141.476510067114,13.3557046979866,-4305
141.543624161074,13.3557046979866,-4170
141.610738255034,13.3557046979866,-3893
141.677852348993,13.3557046979866,-3692
141.744966442953,13.3557046979866,-3579
141.812080536913,13.3557046979866,-3544
141.879194630872,13.3557046979866,-3342
141.946308724832,13.3557046979866,-2977
142.013422818792,13.3557046979866,-2736
142.080536912752,13.3557046979866,-2873
142.147651006711,13.3557046979866,-3161
142.214765100671,13.3557046979866,-3268
142.281879194631,13.3557046979866,-2827
142.348993288591,13.3557046979866,-2114
142.41610738255,13.3557046979866,-2008
142.48322147651,13.3557046979866,-2638
142.55033557047,13.3557046979866,-3047
142.61744966443,13.3557046979866,-2952
142.684563758389,13.3557046979866,-2567
142.751677852349,13.3557046979866,-3237
142.818791946309,13.3557046979866,-4124
142.885906040268,13.3557046979866,-3799
142.953020134228,13.3557046979866,-3878
143.020134228188,13.3557046979866,-3989
143.087248322148,13.3557046979866,-3622
143.154362416107,13.3557046979866,-3437
143.221476510067,13.3557046979866,-3651
143.288590604027,13.3557046979866,-3344
143.355704697987,13.3557046979866,-3268
143.422818791946,13.3557046979866,-3257
143.489932885906,13.3557046979866,-3388
143.557046979866,13.3557046979866,-3256
143.624161073825,13.3557046979866,-3160
143.691275167785,13.3557046979866,-3374
143.758389261745,13.3557046979866,-3294
143.825503355705,13.3557046979866,-3550
143.892617449664,13.3557046979866,-3225
143.959731543624,13.3557046979866,-3011
144.026845637584,13.3557046979866,-3449
144.093959731544,13.3557046979866,-3876
144.161073825503,13.3557046979866,-3703
144.228187919463,13.3557046979866,-4079
144.295302013423,13.3557046979866,-3863
144.362416107383,13.3557046979866,-3021
144.429530201342,13.3557046979866,-2206
144.496644295302,13.3557046979866,-1958
144.563758389262,13.3557046979866,-1722
144.630872483221,13.3557046979866,-278
144.697986577181,13.3557046979866,88
144.765100671141,13.3557046979866,-51
144.832214765101,13.3557046979866,-653
144.89932885906,13.3557046979866,-1131
144.96644295302,13.3557046979866,-1433
145.03355704698,13.3557046979866,-1731
145.10067114094,13.3557046979866,-1933
145.167785234899,13.3557046979866,-2084
145.234899328859,13.3557046979866,-2349
145.302013422819,13.3557046979866,-2570
145.369127516779,13.3557046979866,-2796
145.436241610738,13.3557046979866,-3060
145.503355704698,13.3557046979866,-3291
145.570469798658,13.3557046979866,-3548
145.637583892617,13.3557046979866,-3745
145.704697986577,13.3557046979866,-4006
145.771812080537,13.3557046979866,-4199
145.838926174497,13.3557046979866,-4529
145.906040268456,13.3557046979866,-4989
145.973154362416,13.3557046979866,-5801
146.040268456376,13.3557046979866,-7556
146.107382550336,13.3557046979866,-7824
146.174496644295,13.3557046979866,-8161
146.241610738255,13.3557046979866,-8578
146.308724832215,13.3557046979866,-8455
146.375838926175,13.3557046979866,-8717
146.442953020134,13.3557046979866,-8700
146.510067114094,13.3557046979866,-8832
146.577181208054,13.3557046979866,-9206
146.644295302013,13.3557046979866,-9530
146.711409395973,13.3557046979866,-9069
146.778523489933,13.3557046979866,-8626
146.845637583893,13.3557046979866,-7986
146.912751677852,13.3557046979866,-6971
146.979865771812,13.3557046979866,-5826
147.046979865772,13.3557046979866,-4895
147.114093959732,13.3557046979866,-4675
147.181208053691,13.3557046979866,-5099
147.248322147651,13.3557046979866,-5981
147.315436241611,13.3557046979866,-6180
147.38255033557,13.3557046979866,-6102
147.44966442953,13.3557046979866,-5999
147.51677852349,13.3557046979866,-5909
147.58389261745,13.3557046979866,-5751
147.651006711409,13.3557046979866,-5620
147.718120805369,13.3557046979866,-5561
147.785234899329,13.3557046979866,-5327
147.852348993289,13.3557046979866,-4763
147.919463087248,13.3557046979866,-4659
147.986577181208,13.3557046979866,-5004
148.053691275168,13.3557046979866,-5335
148.120805369128,13.3557046979866,-5476
148.187919463087,13.3557046979866,-5434
148.255033557047,13.3557046979866,-5218
148.322147651007,13.3557046979866,-5233
148.389261744966,13.3557046979866,-5486
148.456375838926,13.3557046979866,-5604
148.523489932886,13.3557046979866,-5620
148.590604026846,13.3557046979866,-5666
148.657718120805,13.3557046979866,-5711
148.724832214765,13.3557046979866,-5811
148.791946308725,13.3557046979866,-5883
148.859060402685,13.3557046979866,-5854
148.926174496644,13.3557046979866,-5830
148.993288590604,13.3557046979866,-5899
149.060402684564,13.3557046979866,-5952
149.127516778523,13.3557046979866,-5937
149.194630872483,13.3557046979866,-5926
149.261744966443,13.3557046979866,-5912
149.328859060403,13.3557046979866,-5957
149.395973154362,13.3557046979866,-6096
149.463087248322,13.3557046979866,-6197
149.530201342282,13.3557046979866,-6072
149.597315436242,13.3557046979866,-5975
149.664429530201,13.3557046979866,-6114
149.731543624161,13.3557046979866,-6115
149.798657718121,13.3557046979866,-4624
149.865771812081,13.3557046979866,-2697
149.93288590604,13.3557046979866,-3260
150,13.3557046979866,-5266
140,13.2885906040268,-4636
140.06711409396,13.2885906040268,-4728
140.134228187919,13.2885906040268,-4960
140.201342281879,13.2885906040268,-5075
140.268456375839,13.2885906040268,-5041
140.335570469799,13.2885906040268,-4858
140.402684563758,13.2885906040268,-4709
140.469798657718,13.2885906040268,-4880
140.536912751678,13.2885906040268,-4782
140.604026845638,13.2885906040268,-4453
140.671140939597,13.2885906040268,-4355
140.738255033557,13.2885906040268,-4315
140.805369127517,13.2885906040268,-4471
140.872483221477,13.2885906040268,-4580
140.939597315436,13.2885906040268,-4628
141.006711409396,13.2885906040268,-4598
141.073825503356,13.2885906040268,-4474
141.140939597315,13.2885906040268,-4377
141.208053691275,13.2885906040268,-4421
141.275167785235,13.2885906040268,-4417
141.342281879195,13.2885906040268,-4252
141.409395973154,13.2885906040268,-3990
141.476510067114,13.2885906040268,-3832
141.543624161074,13.2885906040268,-3793
141.610738255034,13.2885906040268,-3707
141.677852348993,13.2885906040268,-3581
141.744966442953,13.2885906040268,-3515
141.812080536913,13.2885906040268,-3521
141.879194630872,13.2885906040268,-3411
141.946308724832,13.2885906040268,-3161
142.013422818792,13.2885906040268,-2876
142.080536912752,13.2885906040268,-2727
142.147651006711,13.2885906040268,-3008
142.214765100671,13.2885906040268,-3085
142.281879194631,13.2885906040268,-2438
142.348993288591,13.2885906040268,-2018
142.41610738255,13.2885906040268,-2527
142.48322147651,13.2885906040268,-3171
142.55033557047,13.2885906040268,-3248
142.61744966443,13.2885906040268,-3201
142.684563758389,13.2885906040268,-3368
142.751677852349,13.2885906040268,-3885
142.818791946309,13.2885906040268,-4005
142.885906040268,13.2885906040268,-3807
142.953020134228,13.2885906040268,-3860
143.020134228188,13.2885906040268,-3924
143.087248322148,13.2885906040268,-3611
143.154362416107,13.2885906040268,-3564
143.221476510067,13.2885906040268,-3762
143.288590604027,13.2885906040268,-3489
143.355704697987,13.2885906040268,-3256
143.422818791946,13.2885906040268,-3193
143.489932885906,13.2885906040268,-3295
143.557046979866,13.2885906040268,-3190
143.624161073825,13.2885906040268,-3293
143.691275167785,13.2885906040268,-3317
143.758389261745,13.2885906040268,-3272
143.825503355705,13.2885906040268,-3570
143.892617449664,13.2885906040268,-3315
143.959731543624,13.2885906040268,-2928
144.026845637584,13.2885906040268,-2875
144.093959731544,13.2885906040268,-3741
144.161073825503,13.2885906040268,-3877
144.228187919463,13.2885906040268,-4149
144.295302013423,13.2885906040268,-3446
144.362416107383,13.2885906040268,-2289
144.429530201342,13.2885906040268,-1549
144.496644295302,13.2885906040268,-1394
144.563758389262,13.2885906040268,-1621
144.630872483221,13.2885906040268,-402
144.697986577181,13.2885906040268,131
144.765100671141,13.2885906040268,-154
144.832214765101,13.2885906040268,-873
144.89932885906,13.2885906040268,-1304
144.96644295302,13.2885906040268,-1658
145.03355704698,13.2885906040268,-1958
145.10067114094,13.2885906040268,-2174
145.167785234899,13.2885906040268,-2311
145.234899328859,13.2885906040268,-2492
145.302013422819,13.2885906040268,-2712
145.369127516779,13.2885906040268,-3000
145.436241610738,13.2885906040268,-3183
145.503355704698,13.2885906040268,-3423
145.570469798658,13.2885906040268,-3836
145.637583892617,13.2885906040268,-4097
145.704697986577,13.2885906040268,-4267
145.771812080537,13.2885906040268,-4484
145.838926174497,13.2885906040268,-4994
145.906040268456,13.2885906040268,-5493
145.973154362416,13.2885906040268,-6145
146.040268456376,13.2885906040268,-7338
146.107382550336,13.2885906040268,-8113
146.174496644295,13.2885906040268,-8449
146.241610738255,13.2885906040268,-8684
146.308724832215,13.2885906040268,-8676
146.375838926175,13.2885906040268,-8771
146.442953020134,13.2885906040268,-8954
146.510067114094,13.2885906040268,-9584
146.577181208054,13.2885906040268,-9678
146.644295302013,13.2885906040268,-9248
146.711409395973,13.2885906040268,-8771
146.778523489933,13.2885906040268,-8378
146.845637583893,13.2885906040268,-7748
146.912751677852,13.2885906040268,-6812
146.979865771812,13.2885906040268,-5447
147.046979865772,13.2885906040268,-4990
147.114093959732,13.2885906040268,-5007
147.181208053691,13.2885906040268,-5530
147.248322147651,13.2885906040268,-6180
147.315436241611,13.2885906040268,-6098
147.38255033557,13.2885906040268,-5977
147.44966442953,13.2885906040268,-5901
147.51677852349,13.2885906040268,-5843
147.58389261745,13.2885906040268,-5740
147.651006711409,13.2885906040268,-5617
147.718120805369,13.2885906040268,-5466
147.785234899329,13.2885906040268,-5077
147.852348993289,13.2885906040268,-4228
147.919463087248,13.2885906040268,-4095
147.986577181208,13.2885906040268,-5064
148.053691275168,13.2885906040268,-5445
148.120805369128,13.2885906040268,-5389
148.187919463087,13.2885906040268,-5439
148.255033557047,13.2885906040268,-5547
148.322147651007,13.2885906040268,-5510
148.389261744966,13.2885906040268,-5571
148.456375838926,13.2885906040268,-5648
148.523489932886,13.2885906040268,-5691
148.590604026846,13.2885906040268,-5650
148.657718120805,13.2885906040268,-5698
148.724832214765,13.2885906040268,-5804
148.791946308725,13.2885906040268,-5865
148.859060402685,13.2885906040268,-5839
148.926174496644,13.2885906040268,-5816
148.993288590604,13.2885906040268,-5865
149.060402684564,13.2885906040268,-5919
149.127516778523,13.2885906040268,-5990
149.194630872483,13.2885906040268,-6062
149.261744966443,13.2885906040268,-6002
149.328859060403,13.2885906040268,-5961
149.395973154362,13.2885906040268,-5997
149.463087248322,13.2885906040268,-6147
149.530201342282,13.2885906040268,-6122
149.597315436242,13.2885906040268,-5842
149.664429530201,13.2885906040268,-5571
149.731543624161,13.2885906040268,-5886
149.798657718121,13.2885906040268,-5307
149.865771812081,13.2885906040268,-4643
149.93288590604,13.2885906040268,-4925
150,13.2885906040268,-5646
140,13.2214765100671,-4751
140.06711409396,13.2214765100671,-4706
140.134228187919,13.2214765100671,-4832
140.201342281879,13.2214765100671,-4993
140.268456375839,13.2214765100671,-5016
140.335570469799,13.2214765100671,-4848
140.402684563758,13.2214765100671,-4714
140.469798657718,13.2214765100671,-4881
140.536912751678,13.2214765100671,-5004
140.604026845638,13.2214765100671,-4938
140.671140939597,13.2214765100671,-4778
140.738255033557,13.2214765100671,-4609
140.805369127517,13.2214765100671,-4500
140.872483221477,13.2214765100671,-4492
140.939597315436,13.2214765100671,-4598
141.006711409396,13.2214765100671,-4532
141.073825503356,13.2214765100671,-4304
141.140939597315,13.2214765100671,-4235
141.208053691275,13.2214765100671,-4363
141.275167785235,13.2214765100671,-4294
141.342281879195,13.2214765100671,-4096
141.409395973154,13.2214765100671,-3782
141.476510067114,13.2214765100671,-3489
141.543624161074,13.2214765100671,-3489
141.610738255034,13.2214765100671,-3651
141.677852348993,13.2214765100671,-3563
141.744966442953,13.2214765100671,-3446
141.812080536913,13.2214765100671,-3512
141.879194630872,13.2214765100671,-3392
141.946308724832,13.2214765100671,-3149
142.013422818792,13.2214765100671,-2970
142.080536912752,13.2214765100671,-2669
142.147651006711,13.2214765100671,-2802
142.214765100671,13.2214765100671,-2554
142.281879194631,13.2214765100671,-1960
142.348993288591,13.2214765100671,-2370
142.41610738255,13.2214765100671,-2656
142.48322147651,13.2214765100671,-3360
142.55033557047,13.2214765100671,-3669
142.61744966443,13.2214765100671,-3814
142.684563758389,13.2214765100671,-3978
142.751677852349,13.2214765100671,-3867
142.818791946309,13.2214765100671,-3630
142.885906040268,13.2214765100671,-3652
142.953020134228,13.2214765100671,-3731
143.020134228188,13.2214765100671,-3721
143.087248322148,13.2214765100671,-3552
143.154362416107,13.2214765100671,-3630
143.221476510067,13.2214765100671,-3719
143.288590604027,13.2214765100671,-3518
143.355704697987,13.2214765100671,-3232
143.422818791946,13.2214765100671,-3118
143.489932885906,13.2214765100671,-3297
143.557046979866,13.2214765100671,-3329
143.624161073825,13.2214765100671,-3338
143.691275167785,13.2214765100671,-3119
143.758389261745,13.2214765100671,-3338
143.825503355705,13.2214765100671,-3316
143.892617449664,13.2214765100671,-3451
143.959731543624,13.2214765100671,-3275
144.026845637584,13.2214765100671,-3134
144.093959731544,13.2214765100671,-3817
144.161073825503,13.2214765100671,-4084
144.228187919463,13.2214765100671,-4142
144.295302013423,13.2214765100671,-3068
144.362416107383,13.2214765100671,-1695
144.429530201342,13.2214765100671,-1304
144.496644295302,13.2214765100671,-1404
144.563758389262,13.2214765100671,-1509
144.630872483221,13.2214765100671,-724
144.697986577181,13.2214765100671,-303
144.765100671141,13.2214765100671,-1009
144.832214765101,13.2214765100671,-1375
144.89932885906,13.2214765100671,-1746
144.96644295302,13.2214765100671,-2038
145.03355704698,13.2214765100671,-2173
145.10067114094,13.2214765100671,-2329
145.167785234899,13.2214765100671,-2484
145.234899328859,13.2214765100671,-2716
145.302013422819,13.2214765100671,-2828
145.369127516779,13.2214765100671,-3072
145.436241610738,13.2214765100671,-3407
145.503355704698,13.2214765100671,-3818
145.570469798658,13.2214765100671,-4254
145.637583892617,13.2214765100671,-4410
145.704697986577,13.2214765100671,-4484
145.771812080537,13.2214765100671,-5118
145.838926174497,13.2214765100671,-5861
145.906040268456,13.2214765100671,-6795
145.973154362416,13.2214765100671,-7521
146.040268456376,13.2214765100671,-7069
146.107382550336,13.2214765100671,-7694
146.174496644295,13.2214765100671,-8533
146.241610738255,13.2214765100671,-9070
146.308724832215,13.2214765100671,-8917
146.375838926175,13.2214765100671,-8960
146.442953020134,13.2214765100671,-8375
146.510067114094,13.2214765100671,-8699
146.577181208054,13.2214765100671,-8982
146.644295302013,13.2214765100671,-8611
146.711409395973,13.2214765100671,-8333
146.778523489933,13.2214765100671,-7965
146.845637583893,13.2214765100671,-7571
146.912751677852,13.2214765100671,-6863
146.979865771812,13.2214765100671,-5999
147.046979865772,13.2214765100671,-5615
147.114093959732,13.2214765100671,-5628
147.181208053691,13.2214765100671,-5932
147.248322147651,13.2214765100671,-6101
147.315436241611,13.2214765100671,-6009
147.38255033557,13.2214765100671,-5849
147.44966442953,13.2214765100671,-5781
147.51677852349,13.2214765100671,-5786
147.58389261745,13.2214765100671,-5723
147.651006711409,13.2214765100671,-5552
147.718120805369,13.2214765100671,-5307
147.785234899329,13.2214765100671,-4874
147.852348993289,13.2214765100671,-3587
147.919463087248,13.2214765100671,-2870
147.986577181208,13.2214765100671,-4531
148.053691275168,13.2214765100671,-4864
148.120805369128,13.2214765100671,-5107
148.187919463087,13.2214765100671,-5468
148.255033557047,13.2214765100671,-5567
148.322147651007,13.2214765100671,-5199
148.389261744966,13.2214765100671,-4924
148.456375838926,13.2214765100671,-5248
148.523489932886,13.2214765100671,-5673
148.590604026846,13.2214765100671,-5686
148.657718120805,13.2214765100671,-5715
148.724832214765,13.2214765100671,-5750
148.791946308725,13.2214765100671,-5795
148.859060402685,13.2214765100671,-5823
148.926174496644,13.2214765100671,-5855
148.993288590604,13.2214765100671,-5854
149.060402684564,13.2214765100671,-5823
149.127516778523,13.2214765100671,-5895
149.194630872483,13.2214765100671,-6008
149.261744966443,13.2214765100671,-5985
149.328859060403,13.2214765100671,-5957
149.395973154362,13.2214765100671,-5934
149.463087248322,13.2214765100671,-6076
149.530201342282,13.2214765100671,-6199
149.597315436242,13.2214765100671,-5783
149.664429530201,13.2214765100671,-5174
149.731543624161,13.2214765100671,-5456
149.798657718121,13.2214765100671,-5860
149.865771812081,13.2214765100671,-6002
149.93288590604,13.2214765100671,-6022
150,13.2214765100671,-6052
140,13.1543624161074,-4848
140.06711409396,13.1543624161074,-4537
140.134228187919,13.1543624161074,-4381
140.201342281879,13.1543624161074,-4672
140.268456375839,13.1543624161074,-4922
140.335570469799,13.1543624161074,-4783
140.402684563758,13.1543624161074,-4637
140.469798657718,13.1543624161074,-4680
140.536912751678,13.1543624161074,-4613
140.604026845638,13.1543624161074,-4368
140.671140939597,13.1543624161074,-4359
140.738255033557,13.1543624161074,-4641
140.805369127517,13.1543624161074,-4610
140.872483221477,13.1543624161074,-4226
140.939597315436,13.1543624161074,-4386
141.006711409396,13.1543624161074,-4428
141.073825503356,13.1543624161074,-4346
141.140939597315,13.1543624161074,-4377
141.208053691275,13.1543624161074,-4409
141.275167785235,13.1543624161074,-4266
141.342281879195,13.1543624161074,-4086
141.409395973154,13.1543624161074,-3914
141.476510067114,13.1543624161074,-3733
141.543624161074,13.1543624161074,-3645
141.610738255034,13.1543624161074,-3694
141.677852348993,13.1543624161074,-3525
141.744966442953,13.1543624161074,-3367
141.812080536913,13.1543624161074,-3436
141.879194630872,13.1543624161074,-3343
141.946308724832,13.1543624161074,-3180
142.013422818792,13.1543624161074,-3100
142.080536912752,13.1543624161074,-2735
142.147651006711,13.1543624161074,-2523
142.214765100671,13.1543624161074,-1932
142.281879194631,13.1543624161074,-1863
142.348993288591,13.1543624161074,-3204
142.41610738255,13.1543624161074,-2721
142.48322147651,13.1543624161074,-3294
142.55033557047,13.1543624161074,-3835
142.61744966443,13.1543624161074,-3935
142.684563758389,13.1543624161074,-3740
142.751677852349,13.1543624161074,-3554
142.818791946309,13.1543624161074,-3619
142.885906040268,13.1543624161074,-3675
142.953020134228,13.1543624161074,-3496
143.020134228188,13.1543624161074,-3329
143.087248322148,13.1543624161074,-3429
143.154362416107,13.1543624161074,-3631
143.221476510067,13.1543624161074,-3562
143.288590604027,13.1543624161074,-3502
143.355704697987,13.1543624161074,-3341
143.422818791946,13.1543624161074,-3303
143.489932885906,13.1543624161074,-3367
143.557046979866,13.1543624161074,-3343
143.624161073825,13.1543624161074,-3184
143.691275167785,13.1543624161074,-3086
143.758389261745,13.1543624161074,-3103
143.825503355705,13.1543624161074,-2880
143.892617449664,13.1543624161074,-3320
143.959731543624,13.1543624161074,-3687
144.026845637584,13.1543624161074,-3756
144.093959731544,13.1543624161074,-3824
144.161073825503,13.1543624161074,-3685
144.228187919463,13.1543624161074,-4017
144.295302013423,13.1543624161074,-3225
144.362416107383,13.1543624161074,-1861
144.429530201342,13.1543624161074,-1401
144.496644295302,13.1543624161074,-1272
144.563758389262,13.1543624161074,-1292
144.630872483221,13.1543624161074,-1364
144.697986577181,13.1543624161074,-908
144.765100671141,13.1543624161074,-1132
144.832214765101,13.1543624161074,-1768
144.89932885906,13.1543624161074,-2134
144.96644295302,13.1543624161074,-2465
145.03355704698,13.1543624161074,-2644
145.10067114094,13.1543624161074,-2612
145.167785234899,13.1543624161074,-2667
145.234899328859,13.1543624161074,-2858
145.302013422819,13.1543624161074,-3114
145.369127516779,13.1543624161074,-3311
145.436241610738,13.1543624161074,-3652
145.503355704698,13.1543624161074,-4262
145.570469798658,13.1543624161074,-4681
145.637583892617,13.1543624161074,-4899
145.704697986577,13.1543624161074,-5072
145.771812080537,13.1543624161074,-5735
145.838926174497,13.1543624161074,-6754
145.906040268456,13.1543624161074,-7642
145.973154362416,13.1543624161074,-8011
146.040268456376,13.1543624161074,-8083
146.107382550336,13.1543624161074,-8507
146.174496644295,13.1543624161074,-8670
146.241610738255,13.1543624161074,-9169
146.308724832215,13.1543624161074,-9122
146.375838926175,13.1543624161074,-8866
146.442953020134,13.1543624161074,-7987
146.510067114094,13.1543624161074,-7885
146.577181208054,13.1543624161074,-8017
146.644295302013,13.1543624161074,-8022
146.711409395973,13.1543624161074,-7941
146.778523489933,13.1543624161074,-7606
146.845637583893,13.1543624161074,-7287
146.912751677852,13.1543624161074,-6932
146.979865771812,13.1543624161074,-6489
147.046979865772,13.1543624161074,-6140
147.114093959732,13.1543624161074,-6019
147.181208053691,13.1543624161074,-6054
147.248322147651,13.1543624161074,-5972
147.315436241611,13.1543624161074,-5940
147.38255033557,13.1543624161074,-5782
147.44966442953,13.1543624161074,-5657
147.51677852349,13.1543624161074,-5680
147.58389261745,13.1543624161074,-5632
147.651006711409,13.1543624161074,-5385
147.718120805369,13.1543624161074,-4948
147.785234899329,13.1543624161074,-4377
147.852348993289,13.1543624161074,-3362
147.919463087248,13.1543624161074,-2127
147.986577181208,13.1543624161074,-3024
148.053691275168,13.1543624161074,-3744
148.120805369128,13.1543624161074,-4666
148.187919463087,13.1543624161074,-5326
148.255033557047,13.1543624161074,-5226
148.322147651007,13.1543624161074,-4120
148.389261744966,13.1543624161074,-3595
148.456375838926,13.1543624161074,-4491
148.523489932886,13.1543624161074,-5388
148.590604026846,13.1543624161074,-5677
148.657718120805,13.1543624161074,-5724
148.724832214765,13.1543624161074,-5700
148.791946308725,13.1543624161074,-5728
148.859060402685,13.1543624161074,-5835
148.926174496644,13.1543624161074,-5860
148.993288590604,13.1543624161074,-5876
149.060402684564,13.1543624161074,-5826
149.127516778523,13.1543624161074,-5835
149.194630872483,13.1543624161074,-5936
149.261744966443,13.1543624161074,-5997
149.328859060403,13.1543624161074,-5994
149.395973154362,13.1543624161074,-5966
149.463087248322,13.1543624161074,-6024
149.530201342282,13.1543624161074,-6186
149.597315436242,13.1543624161074,-6075
149.664429530201,13.1543624161074,-5842
149.731543624161,13.1543624161074,-5698
149.798657718121,13.1543624161074,-5983
149.865771812081,13.1543624161074,-6084
149.93288590604,13.1543624161074,-6029
150,13.1543624161074,-6003
140,13.0872483221477,-4867
140.06711409396,13.0872483221477,-4426
140.134228187919,13.0872483221477,-4044
140.201342281879,13.0872483221477,-4444
140.268456375839,13.0872483221477,-4896
140.335570469799,13.0872483221477,-4799
140.402684563758,13.0872483221477,-4631
140.469798657718,13.0872483221477,-4479
140.536912751678,13.0872483221477,-4138
140.604026845638,13.0872483221477,-3674
140.671140939597,13.0872483221477,-3843
140.738255033557,13.0872483221477,-4567
140.805369127517,13.0872483221477,-4681
140.872483221477,13.0872483221477,-4346
140.939597315436,13.0872483221477,-4356
141.006711409396,13.0872483221477,-4379
141.073825503356,13.0872483221477,-4421
141.140939597315,13.0872483221477,-4401
141.208053691275,13.0872483221477,-4349
141.275167785235,13.0872483221477,-4227
141.342281879195,13.0872483221477,-4135
141.409395973154,13.0872483221477,-4020
141.476510067114,13.0872483221477,-3872
141.543624161074,13.0872483221477,-3739
141.610738255034,13.0872483221477,-3701
141.677852348993,13.0872483221477,-3579
141.744966442953,13.0872483221477,-3401
141.812080536913,13.0872483221477,-3315
141.879194630872,13.0872483221477,-3258
141.946308724832,13.0872483221477,-3213
142.013422818792,13.0872483221477,-3124
142.080536912752,13.0872483221477,-2776
142.147651006711,13.0872483221477,-2209
142.214765100671,13.0872483221477,-1442
142.281879194631,13.0872483221477,-2224
142.348993288591,13.0872483221477,-3703
142.41610738255,13.0872483221477,-3567
142.48322147651,13.0872483221477,-3435
142.55033557047,13.0872483221477,-3576
142.61744966443,13.0872483221477,-3559
142.684563758389,13.0872483221477,-3387
142.751677852349,13.0872483221477,-3438
142.818791946309,13.0872483221477,-3649
142.885906040268,13.0872483221477,-3659
142.953020134228,13.0872483221477,-3229
143.020134228188,13.0872483221477,-3104
143.087248322148,13.0872483221477,-3437
143.154362416107,13.0872483221477,-3522
143.221476510067,13.0872483221477,-3360
143.288590604027,13.0872483221477,-3477
143.355704697987,13.0872483221477,-3475
143.422818791946,13.0872483221477,-3367
143.489932885906,13.0872483221477,-3324
143.557046979866,13.0872483221477,-3286
143.624161073825,13.0872483221477,-3058
143.691275167785,13.0872483221477,-3080
143.758389261745,13.0872483221477,-3251
143.825503355705,13.0872483221477,-3295
143.892617449664,13.0872483221477,-3433
143.959731543624,13.0872483221477,-3676
144.026845637584,13.0872483221477,-3981
144.093959731544,13.0872483221477,-3872
144.161073825503,13.0872483221477,-3567
144.228187919463,13.0872483221477,-3967
144.295302013423,13.0872483221477,-3010
144.362416107383,13.0872483221477,-1336
144.429530201342,13.0872483221477,-226
144.496644295302,13.0872483221477,-726
144.563758389262,13.0872483221477,-1545
144.630872483221,13.0872483221477,-1604
144.697986577181,13.0872483221477,-1531
144.765100671141,13.0872483221477,-1861
144.832214765101,13.0872483221477,-2392
144.89932885906,13.0872483221477,-2805
144.96644295302,13.0872483221477,-3113
145.03355704698,13.0872483221477,-3386
145.10067114094,13.0872483221477,-3371
145.167785234899,13.0872483221477,-3233
145.234899328859,13.0872483221477,-3252
145.302013422819,13.0872483221477,-3290
145.369127516779,13.0872483221477,-3700
145.436241610738,13.0872483221477,-4083
145.503355704698,13.0872483221477,-4395
145.570469798658,13.0872483221477,-4767
145.637583892617,13.0872483221477,-5276
145.704697986577,13.0872483221477,-5883
145.771812080537,13.0872483221477,-6658
145.838926174497,13.0872483221477,-7552
145.906040268456,13.0872483221477,-8032
145.973154362416,13.0872483221477,-8363
146.040268456376,13.0872483221477,-8678
146.107382550336,13.0872483221477,-9039
146.174496644295,13.0872483221477,-9269
146.241610738255,13.0872483221477,-9402
146.308724832215,13.0872483221477,-8267
146.375838926175,13.0872483221477,-7210
146.442953020134,13.0872483221477,-6602
146.510067114094,13.0872483221477,-6392
146.577181208054,13.0872483221477,-6693
146.644295302013,13.0872483221477,-6984
146.711409395973,13.0872483221477,-7177
146.778523489933,13.0872483221477,-7168
146.845637583893,13.0872483221477,-6883
146.912751677852,13.0872483221477,-6680
146.979865771812,13.0872483221477,-6461
147.046979865772,13.0872483221477,-6242
147.114093959732,13.0872483221477,-6173
147.181208053691,13.0872483221477,-6044
147.248322147651,13.0872483221477,-5793
147.315436241611,13.0872483221477,-5702
147.38255033557,13.0872483221477,-5691
147.44966442953,13.0872483221477,-5648
147.51677852349,13.0872483221477,-5637
147.58389261745,13.0872483221477,-5485
147.651006711409,13.0872483221477,-4954
147.718120805369,13.0872483221477,-4372
147.785234899329,13.0872483221477,-3740
147.852348993289,13.0872483221477,-3262
147.919463087248,13.0872483221477,-2929
147.986577181208,13.0872483221477,-3092
148.053691275168,13.0872483221477,-3812
148.120805369128,13.0872483221477,-4691
148.187919463087,13.0872483221477,-5103
148.255033557047,13.0872483221477,-4604
148.322147651007,13.0872483221477,-3500
148.389261744966,13.0872483221477,-3304
148.456375838926,13.0872483221477,-4283
148.523489932886,13.0872483221477,-5259
148.590604026846,13.0872483221477,-5669
148.657718120805,13.0872483221477,-5717
148.724832214765,13.0872483221477,-5717
148.791946308725,13.0872483221477,-5742
148.859060402685,13.0872483221477,-5809
148.926174496644,13.0872483221477,-5826
148.993288590604,13.0872483221477,-5908
149.060402684564,13.0872483221477,-5879
149.127516778523,13.0872483221477,-5851
149.194630872483,13.0872483221477,-5954
149.261744966443,13.0872483221477,-6018
149.328859060403,13.0872483221477,-5990
149.395973154362,13.0872483221477,-5932
149.463087248322,13.0872483221477,-5926
149.530201342282,13.0872483221477,-6045
149.597315436242,13.0872483221477,-6061
149.664429530201,13.0872483221477,-6051
149.731543624161,13.0872483221477,-6087
149.798657718121,13.0872483221477,-6117
149.865771812081,13.0872483221477,-6059
149.93288590604,13.0872483221477,-6035
150,13.0872483221477,-5985
140,13.0201342281879,-4827
140.06711409396,13.0201342281879,-4661
140.134228187919,13.0201342281879,-4453
140.201342281879,13.0201342281879,-4737
140.268456375839,13.0201342281879,-5027
140.335570469799,13.0201342281879,-4944
140.402684563758,13.0201342281879,-4769
140.469798657718,13.0201342281879,-4485
140.536912751678,13.0201342281879,-4188
140.604026845638,13.0201342281879,-3934
140.671140939597,13.0201342281879,-4089
140.738255033557,13.0201342281879,-4546
140.805369127517,13.0201342281879,-4620
140.872483221477,13.0201342281879,-4104
140.939597315436,13.0201342281879,-3717
141.006711409396,13.0201342281879,-3931
141.073825503356,13.0201342281879,-4031
141.140939597315,13.0201342281879,-4222
141.208053691275,13.0201342281879,-4279
141.275167785235,13.0201342281879,-4182
141.342281879195,13.0201342281879,-4108
141.409395973154,13.0201342281879,-3989
141.476510067114,13.0201342281879,-3748
141.543624161074,13.0201342281879,-3575
141.610738255034,13.0201342281879,-3531
141.677852348993,13.0201342281879,-3497
141.744966442953,13.0201342281879,-3314
141.812080536913,13.0201342281879,-3204
141.879194630872,13.0201342281879,-3179
141.946308724832,13.0201342281879,-3055
142.013422818792,13.0201342281879,-2784
142.080536912752,13.0201342281879,-2181
142.147651006711,13.0201342281879,-1745
142.214765100671,13.0201342281879,-1594
142.281879194631,13.0201342281879,-2499
142.348993288591,13.0201342281879,-3634
142.41610738255,13.0201342281879,-3630
142.48322147651,13.0201342281879,-3251
142.55033557047,13.0201342281879,-3163
142.61744966443,13.0201342281879,-3267
142.684563758389,13.0201342281879,-3364
142.751677852349,13.0201342281879,-3541
142.818791946309,13.0201342281879,-3623
142.885906040268,13.0201342281879,-3492
142.953020134228,13.0201342281879,-3277
143.020134228188,13.0201342281879,-3238
143.087248322148,13.0201342281879,-3363
143.154362416107,13.0201342281879,-3320
143.221476510067,13.0201342281879,-3268
143.288590604027,13.0201342281879,-3459
143.355704697987,13.0201342281879,-3494
143.422818791946,13.0201342281879,-3299
143.489932885906,13.0201342281879,-3235
143.557046979866,13.0201342281879,-3197
143.624161073825,13.0201342281879,-3007
143.691275167785,13.0201342281879,-3317
143.758389261745,13.0201342281879,-3446
143.825503355705,13.0201342281879,-3500
143.892617449664,13.0201342281879,-3396
143.959731543624,13.0201342281879,-3489
144.026845637584,13.0201342281879,-3855
144.093959731544,13.0201342281879,-3799
144.161073825503,13.0201342281879,-3674
144.228187919463,13.0201342281879,-3705
144.295302013423,13.0201342281879,-1991
144.362416107383,13.0201342281879,-699
144.429530201342,13.0201342281879,-196
144.496644295302,13.0201342281879,-1198
144.563758389262,13.0201342281879,-2144
144.630872483221,13.0201342281879,-2125
144.697986577181,13.0201342281879,-2132
144.765100671141,13.0201342281879,-2456
144.832214765101,13.0201342281879,-3001
144.89932885906,13.0201342281879,-3560
144.96644295302,13.0201342281879,-3625
145.03355704698,13.0201342281879,-4009
145.10067114094,13.0201342281879,-4078
145.167785234899,13.0201342281879,-3700
145.234899328859,13.0201342281879,-3825
145.302013422819,13.0201342281879,-4090
145.369127516779,13.0201342281879,-4439
145.436241610738,13.0201342281879,-4824
145.503355704698,13.0201342281879,-5038
145.570469798658,13.0201342281879,-5381
145.637583892617,13.0201342281879,-6001
145.704697986577,13.0201342281879,-6731
145.771812080537,13.0201342281879,-7656
145.838926174497,13.0201342281879,-8053
145.906040268456,13.0201342281879,-8388
145.973154362416,13.0201342281879,-8571
146.040268456376,13.0201342281879,-8903
146.107382550336,13.0201342281879,-9337
146.174496644295,13.0201342281879,-9766
146.241610738255,13.0201342281879,-9653
146.308724832215,13.0201342281879,-8345
146.375838926175,13.0201342281879,-6585
146.442953020134,13.0201342281879,-5605
146.510067114094,13.0201342281879,-5398
146.577181208054,13.0201342281879,-5899
146.644295302013,13.0201342281879,-6389
146.711409395973,13.0201342281879,-6759
146.778523489933,13.0201342281879,-6755
146.845637583893,13.0201342281879,-6574
146.912751677852,13.0201342281879,-6452
146.979865771812,13.0201342281879,-6245
147.046979865772,13.0201342281879,-6087
147.114093959732,13.0201342281879,-6005
147.181208053691,13.0201342281879,-5910
147.248322147651,13.0201342281879,-5711
147.315436241611,13.0201342281879,-5622
147.38255033557,13.0201342281879,-5622
147.44966442953,13.0201342281879,-5630
147.51677852349,13.0201342281879,-5616
147.58389261745,13.0201342281879,-5358
147.651006711409,13.0201342281879,-4359
147.718120805369,13.0201342281879,-3698
147.785234899329,13.0201342281879,-2724
147.852348993289,13.0201342281879,-3209
147.919463087248,13.0201342281879,-4083
147.986577181208,13.0201342281879,-4291
148.053691275168,13.0201342281879,-4601
148.120805369128,13.0201342281879,-4975
148.187919463087,13.0201342281879,-4841
148.255033557047,13.0201342281879,-3743
148.322147651007,13.0201342281879,-3567
148.389261744966,13.0201342281879,-4335
148.456375838926,13.0201342281879,-5142
148.523489932886,13.0201342281879,-5531
148.590604026846,13.0201342281879,-5666
148.657718120805,13.0201342281879,-5685
148.724832214765,13.0201342281879,-5735
148.791946308725,13.0201342281879,-5780
148.859060402685,13.0201342281879,-5790
148.926174496644,13.0201342281879,-5825
148.993288590604,13.0201342281879,-5896
149.060402684564,13.0201342281879,-5889
149.127516778523,13.0201342281879,-5866
149.194630872483,13.0201342281879,-5943
149.261744966443,13.0201342281879,-5996
149.328859060403,13.0201342281879,-5946
149.395973154362,13.0201342281879,-5932
149.463087248322,13.0201342281879,-5941
149.530201342282,13.0201342281879,-5994
149.597315436242,13.0201342281879,-6018
149.664429530201,13.0201342281879,-6016
149.731543624161,13.0201342281879,-6061
149.798657718121,13.0201342281879,-6107
149.865771812081,13.0201342281879,-6064
149.93288590604,13.0201342281879,-6046
150,13.0201342281879,-6017
140,12.9530201342282,-4310
140.06711409396,12.9530201342282,-4707
140.134228187919,12.9530201342282,-4915
140.201342281879,12.9530201342282,-4986
140.268456375839,12.9530201342282,-5078
140.335570469799,12.9530201342282,-5074
140.402684563758,12.9530201342282,-4941
140.469798657718,12.9530201342282,-4651
140.536912751678,12.9530201342282,-4444
140.604026845638,12.9530201342282,-4399
140.671140939597,12.9530201342282,-4426
140.738255033557,12.9530201342282,-4471
140.805369127517,12.9530201342282,-4467
140.872483221477,12.9530201342282,-4123
140.939597315436,12.9530201342282,-3788
141.006711409396,12.9530201342282,-3214
141.073825503356,12.9530201342282,-3234
141.140939597315,12.9530201342282,-4121
141.208053691275,12.9530201342282,-4186
141.275167785235,12.9530201342282,-4062
141.342281879195,12.9530201342282,-3659
141.409395973154,12.9530201342282,-3682
141.476510067114,12.9530201342282,-3582
141.543624161074,12.9530201342282,-3427
141.610738255034,12.9530201342282,-3274
141.677852348993,12.9530201342282,-3216
141.744966442953,12.9530201342282,-3047
141.812080536913,12.9530201342282,-2968
141.879194630872,12.9530201342282,-2957
141.946308724832,12.9530201342282,-2636
142.013422818792,12.9530201342282,-2294
142.080536912752,12.9530201342282,-2472
142.147651006711,12.9530201342282,-2390
142.214765100671,12.9530201342282,-2138
142.281879194631,12.9530201342282,-2785
142.348993288591,12.9530201342282,-3417
142.41610738255,12.9530201342282,-3416
142.48322147651,12.9530201342282,-3192
142.55033557047,12.9530201342282,-3086
142.61744966443,12.9530201342282,-3157
142.684563758389,12.9530201342282,-3463
142.751677852349,12.9530201342282,-3670
142.818791946309,12.9530201342282,-3584
142.885906040268,12.9530201342282,-3392
142.953020134228,12.9530201342282,-3208
143.020134228188,12.9530201342282,-3298
143.087248322148,12.9530201342282,-3273
143.154362416107,12.9530201342282,-3322
143.221476510067,12.9530201342282,-3418
143.288590604027,12.9530201342282,-3399
143.355704697987,12.9530201342282,-3277
143.422818791946,12.9530201342282,-3247
143.489932885906,12.9530201342282,-3213
143.557046979866,12.9530201342282,-3053
143.624161073825,12.9530201342282,-3045
143.691275167785,12.9530201342282,-3306
143.758389261745,12.9530201342282,-3211
143.825503355705,12.9530201342282,-3377
143.892617449664,12.9530201342282,-3443
143.959731543624,12.9530201342282,-3566
144.026845637584,12.9530201342282,-3741
144.093959731544,12.9530201342282,-3811
144.161073825503,12.9530201342282,-3884
144.228187919463,12.9530201342282,-3556
144.295302013423,12.9530201342282,-1786
144.362416107383,12.9530201342282,-268
144.429530201342,12.9530201342282,-525
144.496644295302,12.9530201342282,-1711
144.563758389262,12.9530201342282,-2665
144.630872483221,12.9530201342282,-2672
144.697986577181,12.9530201342282,-2776
144.765100671141,12.9530201342282,-3243
144.832214765101,12.9530201342282,-3838
144.89932885906,12.9530201342282,-4365
144.96644295302,12.9530201342282,-4521
145.03355704698,12.9530201342282,-4539
145.10067114094,12.9530201342282,-4401
145.167785234899,12.9530201342282,-4010
145.234899328859,12.9530201342282,-4318
145.302013422819,12.9530201342282,-5171
145.369127516779,12.9530201342282,-5851
145.436241610738,12.9530201342282,-6132
145.503355704698,12.9530201342282,-6094
145.570469798658,12.9530201342282,-6075
145.637583892617,12.9530201342282,-6610
145.704697986577,12.9530201342282,-7071
145.771812080537,12.9530201342282,-7827
145.838926174497,12.9530201342282,-8063
145.906040268456,12.9530201342282,-8540
145.973154362416,12.9530201342282,-8910
146.040268456376,12.9530201342282,-9241
146.107382550336,12.9530201342282,-9778
146.174496644295,12.9530201342282,-9909
146.241610738255,12.9530201342282,-9348
146.308724832215,12.9530201342282,-8314
146.375838926175,12.9530201342282,-6522
146.442953020134,12.9530201342282,-5463
146.510067114094,12.9530201342282,-5437
146.577181208054,12.9530201342282,-5867
146.644295302013,12.9530201342282,-6241
146.711409395973,12.9530201342282,-6584
146.778523489933,12.9530201342282,-6545
146.845637583893,12.9530201342282,-6372
146.912751677852,12.9530201342282,-6190
146.979865771812,12.9530201342282,-6064
147.046979865772,12.9530201342282,-5932
147.114093959732,12.9530201342282,-5838
147.181208053691,12.9530201342282,-5748
147.248322147651,12.9530201342282,-5660
147.315436241611,12.9530201342282,-5646
147.38255033557,12.9530201342282,-5683
147.44966442953,12.9530201342282,-5643
147.51677852349,12.9530201342282,-5299
147.58389261745,12.9530201342282,-4369
147.651006711409,12.9530201342282,-3135
147.718120805369,12.9530201342282,-2408
147.785234899329,12.9530201342282,-2039
147.852348993289,12.9530201342282,-3046
147.919463087248,12.9530201342282,-4180
147.986577181208,12.9530201342282,-4493
148.053691275168,12.9530201342282,-4785
148.120805369128,12.9530201342282,-5091
148.187919463087,12.9530201342282,-4812
148.255033557047,12.9530201342282,-3512
148.322147651007,12.9530201342282,-4142
148.389261744966,12.9530201342282,-5232
148.456375838926,12.9530201342282,-5692
148.523489932886,12.9530201342282,-5666
148.590604026846,12.9530201342282,-5628
148.657718120805,12.9530201342282,-5681
148.724832214765,12.9530201342282,-5690
148.791946308725,12.9530201342282,-5723
148.859060402685,12.9530201342282,-5749
148.926174496644,12.9530201342282,-5787
148.993288590604,12.9530201342282,-5860
149.060402684564,12.9530201342282,-5888
149.127516778523,12.9530201342282,-5910
149.194630872483,12.9530201342282,-5923
149.261744966443,12.9530201342282,-5946
149.328859060403,12.9530201342282,-5920
149.395973154362,12.9530201342282,-5965
149.463087248322,12.9530201342282,-5960
149.530201342282,12.9530201342282,-5970
149.597315436242,12.9530201342282,-5993
149.664429530201,12.9530201342282,-5999
149.731543624161,12.9530201342282,-6024
149.798657718121,12.9530201342282,-6020
149.865771812081,12.9530201342282,-6040
149.93288590604,12.9530201342282,-5903
150,12.9530201342282,-6008
140,12.8859060402685,-3598
140.06711409396,12.8859060402685,-4510
140.134228187919,12.8859060402685,-4995
140.201342281879,12.8859060402685,-4921
140.268456375839,12.8859060402685,-4903
140.335570469799,12.8859060402685,-4941
140.402684563758,12.8859060402685,-4849
140.469798657718,12.8859060402685,-4677
140.536912751678,12.8859060402685,-4517
140.604026845638,12.8859060402685,-4449
140.671140939597,12.8859060402685,-4396
140.738255033557,12.8859060402685,-4360
140.805369127517,12.8859060402685,-4266
140.872483221477,12.8859060402685,-3929
140.939597315436,12.8859060402685,-3087
141.006711409396,12.8859060402685,-2877
141.073825503356,12.8859060402685,-3478
141.140939597315,12.8859060402685,-4070
141.208053691275,12.8859060402685,-3870
141.275167785235,12.8859060402685,-3749
141.342281879195,12.8859060402685,-3362
141.409395973154,12.8859060402685,-3248
141.476510067114,12.8859060402685,-3438
141.543624161074,12.8859060402685,-3281
141.610738255034,12.8859060402685,-2876
141.677852348993,12.8859060402685,-2765
141.744966442953,12.8859060402685,-2719
141.812080536913,12.8859060402685,-2612
141.879194630872,12.8859060402685,-2463
141.946308724832,12.8859060402685,-1984
142.013422818792,12.8859060402685,-1839
142.080536912752,12.8859060402685,-2197
142.147651006711,12.8859060402685,-2166
142.214765100671,12.8859060402685,-2681
142.281879194631,12.8859060402685,-3295
142.348993288591,12.8859060402685,-3531
142.41610738255,12.8859060402685,-3814
142.48322147651,12.8859060402685,-3718
142.55033557047,12.8859060402685,-3293
142.61744966443,12.8859060402685,-3375
142.684563758389,12.8859060402685,-3654
142.751677852349,12.8859060402685,-3749
142.818791946309,12.8859060402685,-3610
142.885906040268,12.8859060402685,-3424
142.953020134228,12.8859060402685,-2761
143.020134228188,12.8859060402685,-3180
143.087248322148,12.8859060402685,-3299
143.154362416107,12.8859060402685,-3249
143.221476510067,12.8859060402685,-3352
143.288590604027,12.8859060402685,-3241
143.355704697987,12.8859060402685,-3201
143.422818791946,12.8859060402685,-3188
143.489932885906,12.8859060402685,-3070
143.557046979866,12.8859060402685,-3053
143.624161073825,12.8859060402685,-3262
143.691275167785,12.8859060402685,-3346
143.758389261745,12.8859060402685,-3069
143.825503355705,12.8859060402685,-2765
143.892617449664,12.8859060402685,-3372
143.959731543624,12.8859060402685,-3603
144.026845637584,12.8859060402685,-3554
144.093959731544,12.8859060402685,-3655
144.161073825503,12.8859060402685,-3945
144.228187919463,12.8859060402685,-3233
144.295302013423,12.8859060402685,-1532
144.362416107383,12.8859060402685,-241
144.429530201342,12.8859060402685,-433
144.496644295302,12.8859060402685,-1818
144.563758389262,12.8859060402685,-2961
144.630872483221,12.8859060402685,-2790
144.697986577181,12.8859060402685,-2951
144.765100671141,12.8859060402685,-3471
144.832214765101,12.8859060402685,-4190
144.89932885906,12.8859060402685,-4853
144.96644295302,12.8859060402685,-5246
145.03355704698,12.8859060402685,-5296
145.10067114094,12.8859060402685,-5181
145.167785234899,12.8859060402685,-5129
145.234899328859,12.8859060402685,-5304
145.302013422819,12.8859060402685,-5841
145.369127516779,12.8859060402685,-6240
145.436241610738,12.8859060402685,-6642
145.503355704698,12.8859060402685,-6765
145.570469798658,12.8859060402685,-6726
145.637583892617,12.8859060402685,-7209
145.704697986577,12.8859060402685,-7665
145.771812080537,12.8859060402685,-7885
145.838926174497,12.8859060402685,-8353
145.906040268456,12.8859060402685,-8860
145.973154362416,12.8859060402685,-9233
146.040268456376,12.8859060402685,-9861
146.107382550336,12.8859060402685,-9996
146.174496644295,12.8859060402685,-9594
146.241610738255,12.8859060402685,-8946
146.308724832215,12.8859060402685,-8174
146.375838926175,12.8859060402685,-6945
146.442953020134,12.8859060402685,-5790
146.510067114094,12.8859060402685,-5332
146.577181208054,12.8859060402685,-6041
146.644295302013,12.8859060402685,-6347
146.711409395973,12.8859060402685,-6451
146.778523489933,12.8859060402685,-6385
146.845637583893,12.8859060402685,-6276
146.912751677852,12.8859060402685,-6049
146.979865771812,12.8859060402685,-5871
147.046979865772,12.8859060402685,-5790
147.114093959732,12.8859060402685,-5727
147.181208053691,12.8859060402685,-5660
147.248322147651,12.8859060402685,-5587
147.315436241611,12.8859060402685,-5602
147.38255033557,12.8859060402685,-5658
147.44966442953,12.8859060402685,-5376
147.51677852349,12.8859060402685,-4427
147.58389261745,12.8859060402685,-2956
147.651006711409,12.8859060402685,-2095
147.718120805369,12.8859060402685,-2102
147.785234899329,12.8859060402685,-2895
147.852348993289,12.8859060402685,-3150
147.919463087248,12.8859060402685,-3906
147.986577181208,12.8859060402685,-4237
148.053691275168,12.8859060402685,-4614
148.120805369128,12.8859060402685,-5156
148.187919463087,12.8859060402685,-5149
148.255033557047,12.8859060402685,-4797
148.322147651007,12.8859060402685,-5158
148.389261744966,12.8859060402685,-5636
148.456375838926,12.8859060402685,-5750
148.523489932886,12.8859060402685,-5588
148.590604026846,12.8859060402685,-5568
148.657718120805,12.8859060402685,-5698
148.724832214765,12.8859060402685,-5651
148.791946308725,12.8859060402685,-5669
148.859060402685,12.8859060402685,-5769
148.926174496644,12.8859060402685,-5790
148.993288590604,12.8859060402685,-5840
149.060402684564,12.8859060402685,-5882
149.127516778523,12.8859060402685,-5910
149.194630872483,12.8859060402685,-5926
149.261744966443,12.8859060402685,-5936
149.328859060403,12.8859060402685,-5930
149.395973154362,12.8859060402685,-5966
149.463087248322,12.8859060402685,-5978
149.530201342282,12.8859060402685,-5947
149.597315436242,12.8859060402685,-5937
149.664429530201,12.8859060402685,-5987
149.731543624161,12.8859060402685,-6008
149.798657718121,12.8859060402685,-5963
149.865771812081,12.8859060402685,-6023
149.93288590604,12.8859060402685,-5974
150,12.8859060402685,-6014
140,12.8187919463087,-3454
140.06711409396,12.8187919463087,-4445
140.134228187919,12.8187919463087,-4715
140.201342281879,12.8187919463087,-4616
140.268456375839,12.8187919463087,-4644
140.335570469799,12.8187919463087,-4454
140.402684563758,12.8187919463087,-4121
140.469798657718,12.8187919463087,-4123
140.536912751678,12.8187919463087,-4415
140.604026845638,12.8187919463087,-4420
140.671140939597,12.8187919463087,-4353
140.738255033557,12.8187919463087,-4330
140.805369127517,12.8187919463087,-4251
140.872483221477,12.8187919463087,-3929
140.939597315436,12.8187919463087,-3411
141.006711409396,12.8187919463087,-3537
141.073825503356,12.8187919463087,-3965
141.140939597315,12.8187919463087,-3721
141.208053691275,12.8187919463087,-3303
141.275167785235,12.8187919463087,-3232
141.342281879195,12.8187919463087,-2867
141.409395973154,12.8187919463087,-2588
141.476510067114,12.8187919463087,-3079
141.543624161074,12.8187919463087,-2885
141.610738255034,12.8187919463087,-2283
141.677852348993,12.8187919463087,-2311
141.744966442953,12.8187919463087,-2368
141.812080536913,12.8187919463087,-2152
141.879194630872,12.8187919463087,-2044
141.946308724832,12.8187919463087,-1769
142.013422818792,12.8187919463087,-1693
142.080536912752,12.8187919463087,-1728
142.147651006711,12.8187919463087,-2088
142.214765100671,12.8187919463087,-3444
142.281879194631,12.8187919463087,-3584
142.348993288591,12.8187919463087,-3233
142.41610738255,12.8187919463087,-3863
142.48322147651,12.8187919463087,-3908
142.55033557047,12.8187919463087,-3614
142.61744966443,12.8187919463087,-3515
142.684563758389,12.8187919463087,-3844
142.751677852349,12.8187919463087,-3843
142.818791946309,12.8187919463087,-3716
142.885906040268,12.8187919463087,-3535
142.953020134228,12.8187919463087,-2966
143.020134228188,12.8187919463087,-3033
143.087248322148,12.8187919463087,-3263
143.154362416107,12.8187919463087,-3265
143.221476510067,12.8187919463087,-3169
143.288590604027,12.8187919463087,-3102
143.355704697987,12.8187919463087,-3170
143.422818791946,12.8187919463087,-3083
143.489932885906,12.8187919463087,-3025
143.557046979866,12.8187919463087,-3267
143.624161073825,12.8187919463087,-3463
143.691275167785,12.8187919463087,-3209
143.758389261745,12.8187919463087,-2683
143.825503355705,12.8187919463087,-2877
143.892617449664,12.8187919463087,-3460
143.959731543624,12.8187919463087,-3744
144.026845637584,12.8187919463087,-3807
144.093959731544,12.8187919463087,-3903
144.161073825503,12.8187919463087,-3861
144.228187919463,12.8187919463087,-2493
144.295302013423,12.8187919463087,-922
144.362416107383,12.8187919463087,-154
144.429530201342,12.8187919463087,-168
144.496644295302,12.8187919463087,-1568
144.563758389262,12.8187919463087,-2832
144.630872483221,12.8187919463087,-3244
144.697986577181,12.8187919463087,-3489
144.765100671141,12.8187919463087,-3871
144.832214765101,12.8187919463087,-4565
144.89932885906,12.8187919463087,-5278
144.96644295302,12.8187919463087,-5865
145.03355704698,12.8187919463087,-6193
145.10067114094,12.8187919463087,-6403
145.167785234899,12.8187919463087,-6048
145.234899328859,12.8187919463087,-5841
145.302013422819,12.8187919463087,-5853
145.369127516779,12.8187919463087,-5799
145.436241610738,12.8187919463087,-5914
145.503355704698,12.8187919463087,-6543
145.570469798658,12.8187919463087,-7077
145.637583892617,12.8187919463087,-7734
145.704697986577,12.8187919463087,-8077
145.771812080537,12.8187919463087,-8553
145.838926174497,12.8187919463087,-8948
145.906040268456,12.8187919463087,-9336
145.973154362416,12.8187919463087,-9723
146.040268456376,12.8187919463087,-9610
146.107382550336,12.8187919463087,-9611
146.174496644295,12.8187919463087,-9175
146.241610738255,12.8187919463087,-8562
146.308724832215,12.8187919463087,-8200
146.375838926175,12.8187919463087,-7422
146.442953020134,12.8187919463087,-6568
146.510067114094,12.8187919463087,-5858
146.577181208054,12.8187919463087,-6198
146.644295302013,12.8187919463087,-6008
146.711409395973,12.8187919463087,-6236
146.778523489933,12.8187919463087,-6174
146.845637583893,12.8187919463087,-6045
146.912751677852,12.8187919463087,-5868
146.979865771812,12.8187919463087,-5693
147.046979865772,12.8187919463087,-5646
147.114093959732,12.8187919463087,-5609
147.181208053691,12.8187919463087,-5562
147.248322147651,12.8187919463087,-5539
147.315436241611,12.8187919463087,-5536
147.38255033557,12.8187919463087,-5288
147.44966442953,12.8187919463087,-4663
147.51677852349,12.8187919463087,-3847
147.58389261745,12.8187919463087,-2712
147.651006711409,12.8187919463087,-2565
147.718120805369,12.8187919463087,-3530
147.785234899329,12.8187919463087,-4102
147.852348993289,12.8187919463087,-4253
147.919463087248,12.8187919463087,-4154
147.986577181208,12.8187919463087,-3874
148.053691275168,12.8187919463087,-4023
148.120805369128,12.8187919463087,-4902
148.187919463087,12.8187919463087,-5445
148.255033557047,12.8187919463087,-5567
148.322147651007,12.8187919463087,-5664
148.389261744966,12.8187919463087,-5676
148.456375838926,12.8187919463087,-5635
148.523489932886,12.8187919463087,-5570
148.590604026846,12.8187919463087,-5601
148.657718120805,12.8187919463087,-5691
148.724832214765,12.8187919463087,-5680
148.791946308725,12.8187919463087,-5718
148.859060402685,12.8187919463087,-5780
148.926174496644,12.8187919463087,-5780
148.993288590604,12.8187919463087,-5795
149.060402684564,12.8187919463087,-5835
149.127516778523,12.8187919463087,-5846
149.194630872483,12.8187919463087,-5878
149.261744966443,12.8187919463087,-5915
149.328859060403,12.8187919463087,-5962
149.395973154362,12.8187919463087,-6003
149.463087248322,12.8187919463087,-6017
149.530201342282,12.8187919463087,-5926
149.597315436242,12.8187919463087,-5893
149.664429530201,12.8187919463087,-5955
149.731543624161,12.8187919463087,-5988
149.798657718121,12.8187919463087,-5961
149.865771812081,12.8187919463087,-6027
149.93288590604,12.8187919463087,-6028
150,12.8187919463087,-6011
140,12.751677852349,-3961
140.06711409396,12.751677852349,-4172
140.134228187919,12.751677852349,-4039
140.201342281879,12.751677852349,-3991
140.268456375839,12.751677852349,-4444
140.335570469799,12.751677852349,-4035
140.402684563758,12.751677852349,-3319
140.469798657718,12.751677852349,-3567
140.536912751678,12.751677852349,-4321
140.604026845638,12.751677852349,-4408
140.671140939597,12.751677852349,-4271
140.738255033557,12.751677852349,-4256
140.805369127517,12.751677852349,-4179
140.872483221477,12.751677852349,-3975
140.939597315436,12.751677852349,-3812
141.006711409396,12.751677852349,-3891
141.073825503356,12.751677852349,-3859
141.140939597315,12.751677852349,-3244
141.208053691275,12.751677852349,-3237
141.275167785235,12.751677852349,-2989
141.342281879195,12.751677852349,-2238
141.409395973154,12.751677852349,-1898
141.476510067114,12.751677852349,-2601
141.543624161074,12.751677852349,-2398
141.610738255034,12.751677852349,-1803
141.677852348993,12.751677852349,-1832
141.744966442953,12.751677852349,-2004
141.812080536913,12.751677852349,-1900
141.879194630872,12.751677852349,-2140
141.946308724832,12.751677852349,-2356
142.013422818792,12.751677852349,-2063
142.080536912752,12.751677852349,-1929
142.147651006711,12.751677852349,-2745
142.214765100671,12.751677852349,-3791
142.281879194631,12.751677852349,-3973
142.348993288591,12.751677852349,-3546
142.41610738255,12.751677852349,-3252
142.48322147651,12.751677852349,-3062
142.55033557047,12.751677852349,-3209
142.61744966443,12.751677852349,-3738
142.684563758389,12.751677852349,-3735
142.751677852349,12.751677852349,-3858
142.818791946309,12.751677852349,-3801
142.885906040268,12.751677852349,-3593
142.953020134228,12.751677852349,-3150
143.020134228188,12.751677852349,-3018
143.087248322148,12.751677852349,-3071
143.154362416107,12.751677852349,-3214
143.221476510067,12.751677852349,-3124
143.288590604027,12.751677852349,-3090
143.355704697987,12.751677852349,-3118
143.422818791946,12.751677852349,-3008
143.489932885906,12.751677852349,-2894
143.557046979866,12.751677852349,-3055
143.624161073825,12.751677852349,-3430
143.691275167785,12.751677852349,-3007
143.758389261745,12.751677852349,-2734
143.825503355705,12.751677852349,-3343
143.892617449664,12.751677852349,-3653
143.959731543624,12.751677852349,-3918
144.026845637584,12.751677852349,-3952
144.093959731544,12.751677852349,-3989
144.161073825503,12.751677852349,-3916
144.228187919463,12.751677852349,-2466
144.295302013423,12.751677852349,-585
144.362416107383,12.751677852349,-178
144.429530201342,12.751677852349,-870
144.496644295302,12.751677852349,-1946
144.563758389262,12.751677852349,-3015
144.630872483221,12.751677852349,-4368
144.697986577181,12.751677852349,-4491
144.765100671141,12.751677852349,-4735
144.832214765101,12.751677852349,-5221
144.89932885906,12.751677852349,-5740
144.96644295302,12.751677852349,-6230
145.03355704698,12.751677852349,-6239
145.10067114094,12.751677852349,-6305
145.167785234899,12.751677852349,-6049
145.234899328859,12.751677852349,-5696
145.302013422819,12.751677852349,-6190
145.369127516779,12.751677852349,-6737
145.436241610738,12.751677852349,-6913
145.503355704698,12.751677852349,-7132
145.570469798658,12.751677852349,-7490
145.637583892617,12.751677852349,-8329
145.704697986577,12.751677852349,-8743
145.771812080537,12.751677852349,-9007
145.838926174497,12.751677852349,-9299
145.906040268456,12.751677852349,-9092
145.973154362416,12.751677852349,-9143
146.040268456376,12.751677852349,-9104
146.107382550336,12.751677852349,-8902
146.174496644295,12.751677852349,-9031
146.241610738255,12.751677852349,-8528
146.308724832215,12.751677852349,-7905
146.375838926175,12.751677852349,-7499
146.442953020134,12.751677852349,-6987
146.510067114094,12.751677852349,-6480
146.577181208054,12.751677852349,-6012
146.644295302013,12.751677852349,-5245
146.711409395973,12.751677852349,-5927
146.778523489933,12.751677852349,-5939
146.845637583893,12.751677852349,-5858
146.912751677852,12.751677852349,-5688
146.979865771812,12.751677852349,-5555
147.046979865772,12.751677852349,-5477
147.114093959732,12.751677852349,-5459
147.181208053691,12.751677852349,-5457
147.248322147651,12.751677852349,-5427
147.315436241611,12.751677852349,-5135
147.38255033557,12.751677852349,-4108
147.44966442953,12.751677852349,-4016
147.51677852349,12.751677852349,-4318
147.58389261745,12.751677852349,-3970
147.651006711409,12.751677852349,-3720
147.718120805369,12.751677852349,-4404
147.785234899329,12.751677852349,-4400
147.852348993289,12.751677852349,-4248
147.919463087248,12.751677852349,-4196
147.986577181208,12.751677852349,-3446
148.053691275168,12.751677852349,-2857
148.120805369128,12.751677852349,-4143
148.187919463087,12.751677852349,-5253
148.255033557047,12.751677852349,-5565
148.322147651007,12.751677852349,-5541
148.389261744966,12.751677852349,-5475
148.456375838926,12.751677852349,-5603
148.523489932886,12.751677852349,-5614
148.590604026846,12.751677852349,-5634
148.657718120805,12.751677852349,-5650
148.724832214765,12.751677852349,-5676
148.791946308725,12.751677852349,-5732
148.859060402685,12.751677852349,-5751
148.926174496644,12.751677852349,-5733
148.993288590604,12.751677852349,-5774
149.060402684564,12.751677852349,-5832
149.127516778523,12.751677852349,-5837
149.194630872483,12.751677852349,-5880
149.261744966443,12.751677852349,-5908
149.328859060403,12.751677852349,-5943
149.395973154362,12.751677852349,-5990
149.463087248322,12.751677852349,-5991
149.530201342282,12.751677852349,-5914
149.597315436242,12.751677852349,-5931
149.664429530201,12.751677852349,-5944
149.731543624161,12.751677852349,-5953
149.798657718121,12.751677852349,-5980
149.865771812081,12.751677852349,-6027
149.93288590604,12.751677852349,-6024
150,12.751677852349,-6019
140,12.6845637583893,-4385
140.06711409396,12.6845637583893,-3812
140.134228187919,12.6845637583893,-3936
140.201342281879,12.6845637583893,-4001
140.268456375839,12.6845637583893,-4213
140.335570469799,12.6845637583893,-4077
140.402684563758,12.6845637583893,-3674
140.469798657718,12.6845637583893,-3843
140.536912751678,12.6845637583893,-4279
140.604026845638,12.6845637583893,-4180
140.671140939597,12.6845637583893,-3704
140.738255033557,12.6845637583893,-3586
140.805369127517,12.6845637583893,-3663
140.872483221477,12.6845637583893,-3768
140.939597315436,12.6845637583893,-3782
141.006711409396,12.6845637583893,-3781
141.073825503356,12.6845637583893,-3709
141.140939597315,12.6845637583893,-3308
141.208053691275,12.6845637583893,-2977
141.275167785235,12.6845637583893,-2692
141.342281879195,12.6845637583893,-2674
141.409395973154,12.6845637583893,-2510
141.476510067114,12.6845637583893,-2154
141.543624161074,12.6845637583893,-1958
141.610738255034,12.6845637583893,-1866
141.677852348993,12.6845637583893,-1875
141.744966442953,12.6845637583893,-1979
141.812080536913,12.6845637583893,-2300
141.879194630872,12.6845637583893,-2576
141.946308724832,12.6845637583893,-2837
142.013422818792,12.6845637583893,-2740
142.080536912752,12.6845637583893,-2518
142.147651006711,12.6845637583893,-3412
142.214765100671,12.6845637583893,-3893
142.281879194631,12.6845637583893,-4040
142.348993288591,12.6845637583893,-3826
142.41610738255,12.6845637583893,-3287
142.48322147651,12.6845637583893,-3075
142.55033557047,12.6845637583893,-3401
142.61744966443,12.6845637583893,-3747
142.684563758389,12.6845637583893,-3817
142.751677852349,12.6845637583893,-3833
142.818791946309,12.6845637583893,-3745
142.885906040268,12.6845637583893,-3520
142.953020134228,12.6845637583893,-3173
143.020134228188,12.6845637583893,-3030
143.087248322148,12.6845637583893,-3085
143.154362416107,12.6845637583893,-3144
143.221476510067,12.6845637583893,-3105
143.288590604027,12.6845637583893,-3184
143.355704697987,12.6845637583893,-3070
143.422818791946,12.6845637583893,-3087
143.489932885906,12.6845637583893,-2910
143.557046979866,12.6845637583893,-3084
143.624161073825,12.6845637583893,-3520
143.691275167785,12.6845637583893,-3062
143.758389261745,12.6845637583893,-2936
143.825503355705,12.6845637583893,-3434
143.892617449664,12.6845637583893,-3757
143.959731543624,12.6845637583893,-3747
144.026845637584,12.6845637583893,-3810
144.093959731544,12.6845637583893,-4113
144.161073825503,12.6845637583893,-4124
144.228187919463,12.6845637583893,-2732
144.295302013423,12.6845637583893,-889
144.362416107383,12.6845637583893,-650
144.429530201342,12.6845637583893,-1887
144.496644295302,12.6845637583893,-2675
144.563758389262,12.6845637583893,-3699
144.630872483221,12.6845637583893,-5359
144.697986577181,12.6845637583893,-5949
144.765100671141,12.6845637583893,-5668
144.832214765101,12.6845637583893,-5961
144.89932885906,12.6845637583893,-6258
144.96644295302,12.6845637583893,-6477
145.03355704698,12.6845637583893,-6501
145.10067114094,12.6845637583893,-6705
145.167785234899,12.6845637583893,-6365
145.234899328859,12.6845637583893,-6240
145.302013422819,12.6845637583893,-6702
145.369127516779,12.6845637583893,-7101
145.436241610738,12.6845637583893,-7501
145.503355704698,12.6845637583893,-7714
145.570469798658,12.6845637583893,-8033
145.637583892617,12.6845637583893,-8805
145.704697986577,12.6845637583893,-9103
145.771812080537,12.6845637583893,-8620
145.838926174497,12.6845637583893,-8077
145.906040268456,12.6845637583893,-7917
145.973154362416,12.6845637583893,-8115
146.040268456376,12.6845637583893,-8433
146.107382550336,12.6845637583893,-8312
146.174496644295,12.6845637583893,-8429
146.241610738255,12.6845637583893,-8516
146.308724832215,12.6845637583893,-7739
146.375838926175,12.6845637583893,-7181
146.442953020134,12.6845637583893,-6958
146.510067114094,12.6845637583893,-6660
146.577181208054,12.6845637583893,-6128
146.644295302013,12.6845637583893,-5518
146.711409395973,12.6845637583893,-5769
146.778523489933,12.6845637583893,-5847
146.845637583893,12.6845637583893,-5714
146.912751677852,12.6845637583893,-5517
146.979865771812,12.6845637583893,-5310
147.046979865772,12.6845637583893,-5164
147.114093959732,12.6845637583893,-5262
147.181208053691,12.6845637583893,-5272
147.248322147651,12.6845637583893,-5055
147.315436241611,12.6845637583893,-4153
147.38255033557,12.6845637583893,-3475
147.44966442953,12.6845637583893,-4303
147.51677852349,12.6845637583893,-4765
147.58389261745,12.6845637583893,-4768
147.651006711409,12.6845637583893,-4481
147.718120805369,12.6845637583893,-4419
147.785234899329,12.6845637583893,-4043
147.852348993289,12.6845637583893,-3977
147.919463087248,12.6845637583893,-3540
147.986577181208,12.6845637583893,-2516
148.053691275168,12.6845637583893,-2626
148.120805369128,12.6845637583893,-4157
148.187919463087,12.6845637583893,-5174
148.255033557047,12.6845637583893,-5500
148.322147651007,12.6845637583893,-5480
148.389261744966,12.6845637583893,-5410
148.456375838926,12.6845637583893,-5521
148.523489932886,12.6845637583893,-5569
148.590604026846,12.6845637583893,-5658
148.657718120805,12.6845637583893,-5679
148.724832214765,12.6845637583893,-5688
148.791946308725,12.6845637583893,-5703
148.859060402685,12.6845637583893,-5701
148.926174496644,12.6845637583893,-5713
148.993288590604,12.6845637583893,-5793
149.060402684564,12.6845637583893,-5880
149.127516778523,12.6845637583893,-5876
149.194630872483,12.6845637583893,-5881
149.261744966443,12.6845637583893,-5886
149.328859060403,12.6845637583893,-5890
149.395973154362,12.6845637583893,-5959
149.463087248322,12.6845637583893,-5981
149.530201342282,12.6845637583893,-5989
149.597315436242,12.6845637583893,-5974
149.664429530201,12.6845637583893,-5824
149.731543624161,12.6845637583893,-5854
149.798657718121,12.6845637583893,-5966
149.865771812081,12.6845637583893,-5997
149.93288590604,12.6845637583893,-5986
150,12.6845637583893,-5995
140,12.6174496644295,-3651
140.06711409396,12.6174496644295,-3193
140.134228187919,12.6174496644295,-3656
140.201342281879,12.6174496644295,-3995
140.268456375839,12.6174496644295,-4120
140.335570469799,12.6174496644295,-4177
140.402684563758,12.6174496644295,-4078
140.469798657718,12.6174496644295,-3984
140.536912751678,12.6174496644295,-3845
140.604026845638,12.6174496644295,-3610
140.671140939597,12.6174496644295,-3476
140.738255033557,12.6174496644295,-3403
140.805369127517,12.6174496644295,-3384
140.872483221477,12.6174496644295,-3516
140.939597315436,12.6174496644295,-3533
141.006711409396,12.6174496644295,-3018
141.073825503356,12.6174496644295,-2829
141.140939597315,12.6174496644295,-2933
141.208053691275,12.6174496644295,-2713
141.275167785235,12.6174496644295,-2370
141.342281879195,12.6174496644295,-2382
141.409395973154,12.6174496644295,-2361
141.476510067114,12.6174496644295,-1986
141.543624161074,12.6174496644295,-2363
141.610738255034,12.6174496644295,-2980
141.677852348993,12.6174496644295,-3196
141.744966442953,12.6174496644295,-2980
141.812080536913,12.6174496644295,-2709
141.879194630872,12.6174496644295,-2654
141.946308724832,12.6174496644295,-2660
142.013422818792,12.6174496644295,-2925
142.080536912752,12.6174496644295,-3250
142.147651006711,12.6174496644295,-3764
142.214765100671,12.6174496644295,-3853
142.281879194631,12.6174496644295,-3752
142.348993288591,12.6174496644295,-3529
142.41610738255,12.6174496644295,-3155
142.48322147651,12.6174496644295,-2956
142.55033557047,12.6174496644295,-3361
142.61744966443,12.6174496644295,-3146
142.684563758389,12.6174496644295,-3193
142.751677852349,12.6174496644295,-3581
142.818791946309,12.6174496644295,-3581
142.885906040268,12.6174496644295,-3541
142.953020134228,12.6174496644295,-3213
143.020134228188,12.6174496644295,-2957
143.087248322148,12.6174496644295,-3105
143.154362416107,12.6174496644295,-3134
143.221476510067,12.6174496644295,-3147
143.288590604027,12.6174496644295,-3275
143.355704697987,12.6174496644295,-3189
143.422818791946,12.6174496644295,-3341
143.489932885906,12.6174496644295,-3586
143.557046979866,12.6174496644295,-3575
143.624161073825,12.6174496644295,-3359
143.691275167785,12.6174496644295,-2915
143.758389261745,12.6174496644295,-3161
143.825503355705,12.6174496644295,-3730
143.892617449664,12.6174496644295,-3820
143.959731543624,12.6174496644295,-3801
144.026845637584,12.6174496644295,-3937
144.093959731544,12.6174496644295,-4201
144.161073825503,12.6174496644295,-4044
144.228187919463,12.6174496644295,-2884
144.295302013423,12.6174496644295,-1416
144.362416107383,12.6174496644295,-1475
144.429530201342,12.6174496644295,-2506
144.496644295302,12.6174496644295,-3443
144.563758389262,12.6174496644295,-4546
144.630872483221,12.6174496644295,-5933
144.697986577181,12.6174496644295,-6718
144.765100671141,12.6174496644295,-6716
144.832214765101,12.6174496644295,-7013
144.89932885906,12.6174496644295,-7417
144.96644295302,12.6174496644295,-7411
145.03355704698,12.6174496644295,-7342
145.10067114094,12.6174496644295,-7253
145.167785234899,12.6174496644295,-6813
145.234899328859,12.6174496644295,-6644
145.302013422819,12.6174496644295,-6868
145.369127516779,12.6174496644295,-7546
145.436241610738,12.6174496644295,-7778
145.503355704698,12.6174496644295,-7870
145.570469798658,12.6174496644295,-8313
145.637583892617,12.6174496644295,-8292
145.704697986577,12.6174496644295,-8172
145.771812080537,12.6174496644295,-7380
145.838926174497,12.6174496644295,-6275
145.906040268456,12.6174496644295,-6706
145.973154362416,12.6174496644295,-7323
146.040268456376,12.6174496644295,-7781
146.107382550336,12.6174496644295,-7757
146.174496644295,12.6174496644295,-7721
146.241610738255,12.6174496644295,-7533
146.308724832215,12.6174496644295,-7378
146.375838926175,12.6174496644295,-7049
146.442953020134,12.6174496644295,-6725
146.510067114094,12.6174496644295,-6579
146.577181208054,12.6174496644295,-6274
146.644295302013,12.6174496644295,-6031
146.711409395973,12.6174496644295,-5831
146.778523489933,12.6174496644295,-5723
146.845637583893,12.6174496644295,-5513
146.912751677852,12.6174496644295,-4922
146.979865771812,12.6174496644295,-4424
147.046979865772,12.6174496644295,-3946
147.114093959732,12.6174496644295,-4433
147.181208053691,12.6174496644295,-4885
147.248322147651,12.6174496644295,-4640
147.315436241611,12.6174496644295,-4021
147.38255033557,12.6174496644295,-4043
147.44966442953,12.6174496644295,-4628
147.51677852349,12.6174496644295,-4920
147.58389261745,12.6174496644295,-4896
147.651006711409,12.6174496644295,-4714
147.718120805369,12.6174496644295,-4407
147.785234899329,12.6174496644295,-3723
147.852348993289,12.6174496644295,-3388
147.919463087248,12.6174496644295,-2565
147.986577181208,12.6174496644295,-2417
148.053691275168,12.6174496644295,-3639
148.120805369128,12.6174496644295,-4848
148.187919463087,12.6174496644295,-5442
148.255033557047,12.6174496644295,-5485
148.322147651007,12.6174496644295,-5438
148.389261744966,12.6174496644295,-5495
148.456375838926,12.6174496644295,-5537
148.523489932886,12.6174496644295,-5611
148.590604026846,12.6174496644295,-5659
148.657718120805,12.6174496644295,-5657
148.724832214765,12.6174496644295,-5692
148.791946308725,12.6174496644295,-5701
148.859060402685,12.6174496644295,-5681
148.926174496644,12.6174496644295,-5712
148.993288590604,12.6174496644295,-5810
149.060402684564,12.6174496644295,-5872
149.127516778523,12.6174496644295,-5883
149.194630872483,12.6174496644295,-5882
149.261744966443,12.6174496644295,-5884
149.328859060403,12.6174496644295,-5910
149.395973154362,12.6174496644295,-5947
149.463087248322,12.6174496644295,-5949
149.530201342282,12.6174496644295,-5890
149.597315436242,12.6174496644295,-5512
149.664429530201,12.6174496644295,-4943
149.731543624161,12.6174496644295,-5202
149.798657718121,12.6174496644295,-5616
149.865771812081,12.6174496644295,-5967
149.93288590604,12.6174496644295,-5987
150,12.6174496644295,-5951
140,12.5503355704698,-3346
140.06711409396,12.5503355704698,-2897
140.134228187919,12.5503355704698,-3468
140.201342281879,12.5503355704698,-4007
140.268456375839,12.5503355704698,-4099
140.335570469799,12.5503355704698,-4061
140.402684563758,12.5503355704698,-4046
140.469798657718,12.5503355704698,-3957
140.536912751678,12.5503355704698,-3607
140.604026845638,12.5503355704698,-3243
140.671140939597,12.5503355704698,-3390
140.738255033557,12.5503355704698,-3655
140.805369127517,12.5503355704698,-3599
140.872483221477,12.5503355704698,-3577
140.939597315436,12.5503355704698,-3303
141.006711409396,12.5503355704698,-2521
141.073825503356,12.5503355704698,-2346
141.140939597315,12.5503355704698,-2560
141.208053691275,12.5503355704698,-2338
141.275167785235,12.5503355704698,-1730
141.342281879195,12.5503355704698,-1639
141.409395973154,12.5503355704698,-2649
141.476510067114,12.5503355704698,-3196
141.543624161074,12.5503355704698,-3828
141.610738255034,12.5503355704698,-4072
141.677852348993,12.5503355704698,-3999
141.744966442953,12.5503355704698,-3638
141.812080536913,12.5503355704698,-3241
141.879194630872,12.5503355704698,-2861
141.946308724832,12.5503355704698,-2709
142.013422818792,12.5503355704698,-2876
142.080536912752,12.5503355704698,-3430
142.147651006711,12.5503355704698,-3662
142.214765100671,12.5503355704698,-3336
142.281879194631,12.5503355704698,-3126
142.348993288591,12.5503355704698,-3034
142.41610738255,12.5503355704698,-3224
142.48322147651,12.5503355704698,-3661
142.55033557047,12.5503355704698,-3534
142.61744966443,12.5503355704698,-3142
142.684563758389,12.5503355704698,-2995
142.751677852349,12.5503355704698,-3342
142.818791946309,12.5503355704698,-3514
142.885906040268,12.5503355704698,-3521
142.953020134228,12.5503355704698,-3254
143.020134228188,12.5503355704698,-2929
143.087248322148,12.5503355704698,-2995
143.154362416107,12.5503355704698,-3182
143.221476510067,12.5503355704698,-3169
143.288590604027,12.5503355704698,-3224
143.355704697987,12.5503355704698,-3015
143.422818791946,12.5503355704698,-3186
143.489932885906,12.5503355704698,-3612
143.557046979866,12.5503355704698,-3212
143.624161073825,12.5503355704698,-2919
143.691275167785,12.5503355704698,-3094
143.758389261745,12.5503355704698,-3491
143.825503355705,12.5503355704698,-3880
143.892617449664,12.5503355704698,-3897
143.959731543624,12.5503355704698,-3775
144.026845637584,12.5503355704698,-3887
144.093959731544,12.5503355704698,-3982
144.161073825503,12.5503355704698,-3926
144.228187919463,12.5503355704698,-2889
144.295302013423,12.5503355704698,-1933
144.362416107383,12.5503355704698,-1913
144.429530201342,12.5503355704698,-2667
144.496644295302,12.5503355704698,-3618
144.563758389262,12.5503355704698,-4380
144.630872483221,12.5503355704698,-5722
144.697986577181,12.5503355704698,-6454
144.765100671141,12.5503355704698,-6674
144.832214765101,12.5503355704698,-7610
144.89932885906,12.5503355704698,-7935
144.96644295302,12.5503355704698,-7895
145.03355704698,12.5503355704698,-7511
145.10067114094,12.5503355704698,-7146
145.167785234899,12.5503355704698,-6994
145.234899328859,12.5503355704698,-6837
145.302013422819,12.5503355704698,-7028
145.369127516779,12.5503355704698,-7649
145.436241610738,12.5503355704698,-8013
145.503355704698,12.5503355704698,-8384
145.570469798658,12.5503355704698,-8151
145.637583892617,12.5503355704698,-7485
145.704697986577,12.5503355704698,-7340
145.771812080537,12.5503355704698,-7179
145.838926174497,12.5503355704698,-6730
145.906040268456,12.5503355704698,-6835
145.973154362416,12.5503355704698,-7282
146.040268456376,12.5503355704698,-7464
146.107382550336,12.5503355704698,-7282
146.174496644295,12.5503355704698,-7214
146.241610738255,12.5503355704698,-7125
146.308724832215,12.5503355704698,-7016
146.375838926175,12.5503355704698,-7180
146.442953020134,12.5503355704698,-6720
146.510067114094,12.5503355704698,-6385
146.577181208054,12.5503355704698,-6170
146.644295302013,12.5503355704698,-5970
146.711409395973,12.5503355704698,-5665
146.778523489933,12.5503355704698,-5581
146.845637583893,12.5503355704698,-5448
146.912751677852,12.5503355704698,-4715
146.979865771812,12.5503355704698,-3252
147.046979865772,12.5503355704698,-2461
147.114093959732,12.5503355704698,-3619
147.181208053691,12.5503355704698,-4781
147.248322147651,12.5503355704698,-4911
147.315436241611,12.5503355704698,-4804
147.38255033557,12.5503355704698,-4664
147.44966442953,12.5503355704698,-4855
147.51677852349,12.5503355704698,-4995
147.58389261745,12.5503355704698,-4899
147.651006711409,12.5503355704698,-4681
147.718120805369,12.5503355704698,-4354
147.785234899329,12.5503355704698,-3707
147.852348993289,12.5503355704698,-2414
147.919463087248,12.5503355704698,-1901
147.986577181208,12.5503355704698,-2689
148.053691275168,12.5503355704698,-4300
148.120805369128,12.5503355704698,-5205
148.187919463087,12.5503355704698,-5427
148.255033557047,12.5503355704698,-5519
148.322147651007,12.5503355704698,-5494
148.389261744966,12.5503355704698,-5584
148.456375838926,12.5503355704698,-5614
148.523489932886,12.5503355704698,-5689
148.590604026846,12.5503355704698,-5571
148.657718120805,12.5503355704698,-5442
148.724832214765,12.5503355704698,-5649
148.791946308725,12.5503355704698,-5777
148.859060402685,12.5503355704698,-5768
148.926174496644,12.5503355704698,-5782
148.993288590604,12.5503355704698,-5818
149.060402684564,12.5503355704698,-5837
149.127516778523,12.5503355704698,-5885
149.194630872483,12.5503355704698,-5866
149.261744966443,12.5503355704698,-5878
149.328859060403,12.5503355704698,-5926
149.395973154362,12.5503355704698,-5943
149.463087248322,12.5503355704698,-5948
149.530201342282,12.5503355704698,-5691
149.597315436242,12.5503355704698,-4459
149.664429530201,12.5503355704698,-3210
149.731543624161,12.5503355704698,-3567
149.798657718121,12.5503355704698,-5033
149.865771812081,12.5503355704698,-5932
149.93288590604,12.5503355704698,-6006
150,12.5503355704698,-5956
140,12.4832214765101,-3813
140.06711409396,12.4832214765101,-3532
140.134228187919,12.4832214765101,-3831
140.201342281879,12.4832214765101,-4163
140.268456375839,12.4832214765101,-3997
140.335570469799,12.4832214765101,-3716
140.402684563758,12.4832214765101,-3876
140.469798657718,12.4832214765101,-4059
140.536912751678,12.4832214765101,-3680
140.604026845638,12.4832214765101,-3126
140.671140939597,12.4832214765101,-2898
140.738255033557,12.4832214765101,-3001
140.805369127517,12.4832214765101,-3161
140.872483221477,12.4832214765101,-3374
140.939597315436,12.4832214765101,-3176
141.006711409396,12.4832214765101,-2813
141.073825503356,12.4832214765101,-2618
141.140939597315,12.4832214765101,-2536
141.208053691275,12.4832214765101,-2013
141.275167785235,12.4832214765101,-1474
141.342281879195,12.4832214765101,-1874
141.409395973154,12.4832214765101,-3282
141.476510067114,12.4832214765101,-4336
141.543624161074,12.4832214765101,-4702
141.610738255034,12.4832214765101,-4236
141.677852348993,12.4832214765101,-3604
141.744966442953,12.4832214765101,-3294
141.812080536913,12.4832214765101,-3491
141.879194630872,12.4832214765101,-3278
141.946308724832,12.4832214765101,-3173
142.013422818792,12.4832214765101,-3038
142.080536912752,12.4832214765101,-3540
142.147651006711,12.4832214765101,-3313
142.214765100671,12.4832214765101,-2736
142.281879194631,12.4832214765101,-2661
142.348993288591,12.4832214765101,-2869
142.41610738255,12.4832214765101,-3293
142.48322147651,12.4832214765101,-3870
142.55033557047,12.4832214765101,-3915
142.61744966443,12.4832214765101,-3568
142.684563758389,12.4832214765101,-3214
142.751677852349,12.4832214765101,-3236
142.818791946309,12.4832214765101,-3156
142.885906040268,12.4832214765101,-3062
142.953020134228,12.4832214765101,-2812
143.020134228188,12.4832214765101,-2713
143.087248322148,12.4832214765101,-2986
143.154362416107,12.4832214765101,-3104
143.221476510067,12.4832214765101,-3132
143.288590604027,12.4832214765101,-3060
143.355704697987,12.4832214765101,-3132
143.422818791946,12.4832214765101,-3230
143.489932885906,12.4832214765101,-3140
143.557046979866,12.4832214765101,-2903
143.624161073825,12.4832214765101,-2985
143.691275167785,12.4832214765101,-3160
143.758389261745,12.4832214765101,-3658
143.825503355705,12.4832214765101,-4092
143.892617449664,12.4832214765101,-3867
143.959731543624,12.4832214765101,-3493
144.026845637584,12.4832214765101,-3771
144.093959731544,12.4832214765101,-4540
144.161073825503,12.4832214765101,-4650
144.228187919463,12.4832214765101,-3770
144.295302013423,12.4832214765101,-2831
144.362416107383,12.4832214765101,-2889
144.429530201342,12.4832214765101,-3217
144.496644295302,12.4832214765101,-3796
144.563758389262,12.4832214765101,-4512
144.630872483221,12.4832214765101,-5552
144.697986577181,12.4832214765101,-6371
144.765100671141,12.4832214765101,-6735
144.832214765101,12.4832214765101,-7588
144.89932885906,12.4832214765101,-7870
144.96644295302,12.4832214765101,-7470
145.03355704698,12.4832214765101,-7008
145.10067114094,12.4832214765101,-7238
145.167785234899,12.4832214765101,-7381
145.234899328859,12.4832214765101,-7234
145.302013422819,12.4832214765101,-7387
145.369127516779,12.4832214765101,-8017
145.436241610738,12.4832214765101,-8493
145.503355704698,12.4832214765101,-8849
145.570469798658,12.4832214765101,-8053
145.637583892617,12.4832214765101,-7258
145.704697986577,12.4832214765101,-7240
145.771812080537,12.4832214765101,-7187
145.838926174497,12.4832214765101,-6989
145.906040268456,12.4832214765101,-7124
145.973154362416,12.4832214765101,-7246
146.040268456376,12.4832214765101,-7198
146.107382550336,12.4832214765101,-7094
146.174496644295,12.4832214765101,-6987
146.241610738255,12.4832214765101,-6797
146.308724832215,12.4832214765101,-6666
146.375838926175,12.4832214765101,-6704
146.442953020134,12.4832214765101,-6927
146.510067114094,12.4832214765101,-6628
146.577181208054,12.4832214765101,-6140
146.644295302013,12.4832214765101,-5849
146.711409395973,12.4832214765101,-5699
146.778523489933,12.4832214765101,-5487
146.845637583893,12.4832214765101,-5399
146.912751677852,12.4832214765101,-5012
146.979865771812,12.4832214765101,-3755
147.046979865772,12.4832214765101,-3567
147.114093959732,12.4832214765101,-4505
147.181208053691,12.4832214765101,-5044
147.248322147651,12.4832214765101,-5085
147.315436241611,12.4832214765101,-5087
147.38255033557,12.4832214765101,-5014
147.44966442953,12.4832214765101,-5019
147.51677852349,12.4832214765101,-5022
147.58389261745,12.4832214765101,-4923
147.651006711409,12.4832214765101,-4552
147.718120805369,12.4832214765101,-3912
147.785234899329,12.4832214765101,-3087
147.852348993289,12.4832214765101,-1869
147.919463087248,12.4832214765101,-1797
147.986577181208,12.4832214765101,-2913
148.053691275168,12.4832214765101,-4270
148.120805369128,12.4832214765101,-5183
148.187919463087,12.4832214765101,-5436
148.255033557047,12.4832214765101,-5438
148.322147651007,12.4832214765101,-5551
148.389261744966,12.4832214765101,-5657
148.456375838926,12.4832214765101,-5688
148.523489932886,12.4832214765101,-5730
148.590604026846,12.4832214765101,-5596
148.657718120805,12.4832214765101,-5301
148.724832214765,12.4832214765101,-5704
148.791946308725,12.4832214765101,-5797
148.859060402685,12.4832214765101,-5799
148.926174496644,12.4832214765101,-5799
148.993288590604,12.4832214765101,-5818
149.060402684564,12.4832214765101,-5850
149.127516778523,12.4832214765101,-5894
149.194630872483,12.4832214765101,-5880
149.261744966443,12.4832214765101,-5881
149.328859060403,12.4832214765101,-5915
149.395973154362,12.4832214765101,-5922
149.463087248322,12.4832214765101,-5942
149.530201342282,12.4832214765101,-5807
149.597315436242,12.4832214765101,-4768
149.664429530201,12.4832214765101,-3129
149.731543624161,12.4832214765101,-3231
149.798657718121,12.4832214765101,-4907
149.865771812081,12.4832214765101,-5948
149.93288590604,12.4832214765101,-5986
150,12.4832214765101,-5967
140,12.4161073825503,-4281
140.06711409396,12.4161073825503,-4143
140.134228187919,12.4161073825503,-4191
140.201342281879,12.4161073825503,-4222
140.268456375839,12.4161073825503,-3734
140.335570469799,12.4161073825503,-3127
140.402684563758,12.4161073825503,-3342
140.469798657718,12.4161073825503,-3871
140.536912751678,12.4161073825503,-3682
140.604026845638,12.4161073825503,-3183
140.671140939597,12.4161073825503,-3069
140.738255033557,12.4161073825503,-2560
140.805369127517,12.4161073825503,-2391
140.872483221477,12.4161073825503,-2803
140.939597315436,12.4161073825503,-2833
141.006711409396,12.4161073825503,-2609
141.073825503356,12.4161073825503,-2394
141.140939597315,12.4161073825503,-2203
141.208053691275,12.4161073825503,-1888
141.275167785235,12.4161073825503,-1800
141.342281879195,12.4161073825503,-2556
141.409395973154,12.4161073825503,-3980
141.476510067114,12.4161073825503,-5186
141.543624161074,12.4161073825503,-4942
141.610738255034,12.4161073825503,-4258
141.677852348993,12.4161073825503,-3293
141.744966442953,12.4161073825503,-3382
141.812080536913,12.4161073825503,-3694
141.879194630872,12.4161073825503,-3763
141.946308724832,12.4161073825503,-3466
142.013422818792,12.4161073825503,-3253
142.080536912752,12.4161073825503,-3568
142.147651006711,12.4161073825503,-3383
142.214765100671,12.4161073825503,-3131
142.281879194631,12.4161073825503,-2922
142.348993288591,12.4161073825503,-2913
142.41610738255,12.4161073825503,-3099
142.48322147651,12.4161073825503,-3603
142.55033557047,12.4161073825503,-3621
142.61744966443,12.4161073825503,-3623
142.684563758389,12.4161073825503,-3596
142.751677852349,12.4161073825503,-3357
142.818791946309,12.4161073825503,-3370
142.885906040268,12.4161073825503,-3191
142.953020134228,12.4161073825503,-2929
143.020134228188,12.4161073825503,-2844
143.087248322148,12.4161073825503,-3289
143.154362416107,12.4161073825503,-3366
143.221476510067,12.4161073825503,-3476
143.288590604027,12.4161073825503,-3388
143.355704697987,12.4161073825503,-3311
143.422818791946,12.4161073825503,-3470
143.489932885906,12.4161073825503,-3328
143.557046979866,12.4161073825503,-3203
143.624161073825,12.4161073825503,-3519
143.691275167785,12.4161073825503,-3577
143.758389261745,12.4161073825503,-3787
143.825503355705,12.4161073825503,-4272
143.892617449664,12.4161073825503,-4154
143.959731543624,12.4161073825503,-3820
144.026845637584,12.4161073825503,-3905
144.093959731544,12.4161073825503,-5029
144.161073825503,12.4161073825503,-5644
144.228187919463,12.4161073825503,-4745
144.295302013423,12.4161073825503,-3727
144.362416107383,12.4161073825503,-4091
144.429530201342,12.4161073825503,-4399
144.496644295302,12.4161073825503,-4880
144.563758389262,12.4161073825503,-5587
144.630872483221,12.4161073825503,-6214
144.697986577181,12.4161073825503,-6692
144.765100671141,12.4161073825503,-7028
144.832214765101,12.4161073825503,-7298
144.89932885906,12.4161073825503,-7433
144.96644295302,12.4161073825503,-7004
145.03355704698,12.4161073825503,-7092
145.10067114094,12.4161073825503,-7501
145.167785234899,12.4161073825503,-7805
145.234899328859,12.4161073825503,-8095
145.302013422819,12.4161073825503,-8298
145.369127516779,12.4161073825503,-8694
145.436241610738,12.4161073825503,-9102
145.503355704698,12.4161073825503,-8843
145.570469798658,12.4161073825503,-8192
145.637583892617,12.4161073825503,-7691
145.704697986577,12.4161073825503,-7273
145.771812080537,12.4161073825503,-7151
145.838926174497,12.4161073825503,-7099
145.906040268456,12.4161073825503,-7083
145.973154362416,12.4161073825503,-7041
146.040268456376,12.4161073825503,-6898
146.107382550336,12.4161073825503,-6897
146.174496644295,12.4161073825503,-6867
146.241610738255,12.4161073825503,-6740
146.308724832215,12.4161073825503,-6560
146.375838926175,12.4161073825503,-6378
146.442953020134,12.4161073825503,-5970
146.510067114094,12.4161073825503,-6271
146.577181208054,12.4161073825503,-6389
146.644295302013,12.4161073825503,-5755
146.711409395973,12.4161073825503,-5638
146.778523489933,12.4161073825503,-5398
146.845637583893,12.4161073825503,-5062
146.912751677852,12.4161073825503,-5259
146.979865771812,12.4161073825503,-4989
147.046979865772,12.4161073825503,-5069
147.114093959732,12.4161073825503,-5248
147.181208053691,12.4161073825503,-5234
147.248322147651,12.4161073825503,-5170
147.315436241611,12.4161073825503,-5149
147.38255033557,12.4161073825503,-5085
147.44966442953,12.4161073825503,-5063
147.51677852349,12.4161073825503,-5023
147.58389261745,12.4161073825503,-4974
147.651006711409,12.4161073825503,-4515
147.718120805369,12.4161073825503,-3559
147.785234899329,12.4161073825503,-2505
147.852348993289,12.4161073825503,-1657
147.919463087248,12.4161073825503,-1811
147.986577181208,12.4161073825503,-3048
148.053691275168,12.4161073825503,-4116
148.120805369128,12.4161073825503,-4565
148.187919463087,12.4161073825503,-5350
148.255033557047,12.4161073825503,-5412
148.322147651007,12.4161073825503,-5561
148.389261744966,12.4161073825503,-5660
148.456375838926,12.4161073825503,-5724
148.523489932886,12.4161073825503,-5759
148.590604026846,12.4161073825503,-5701
148.657718120805,12.4161073825503,-5229
148.724832214765,12.4161073825503,-5506
148.791946308725,12.4161073825503,-5792
148.859060402685,12.4161073825503,-5788
148.926174496644,12.4161073825503,-5805
148.993288590604,12.4161073825503,-5824
149.060402684564,12.4161073825503,-5851
149.127516778523,12.4161073825503,-5878
149.194630872483,12.4161073825503,-5889
149.261744966443,12.4161073825503,-5910
149.328859060403,12.4161073825503,-5918
149.395973154362,12.4161073825503,-5902
149.463087248322,12.4161073825503,-5912
149.530201342282,12.4161073825503,-5902
149.597315436242,12.4161073825503,-5480
149.664429530201,12.4161073825503,-4580
149.731543624161,12.4161073825503,-4857
149.798657718121,12.4161073825503,-5584
149.865771812081,12.4161073825503,-5971
149.93288590604,12.4161073825503,-5969
150,12.4161073825503,-5956
140,12.3489932885906,-4401
140.06711409396,12.3489932885906,-4185
140.134228187919,12.3489932885906,-4142
140.201342281879,12.3489932885906,-4114
140.268456375839,12.3489932885906,-3614
140.335570469799,12.3489932885906,-2915
140.402684563758,12.3489932885906,-3006
140.469798657718,12.3489932885906,-3617
140.536912751678,12.3489932885906,-3723
140.604026845638,12.3489932885906,-3426
140.671140939597,12.3489932885906,-3247
140.738255033557,12.3489932885906,-2922
140.805369127517,12.3489932885906,-2375
140.872483221477,12.3489932885906,-2301
140.939597315436,12.3489932885906,-2518
141.006711409396,12.3489932885906,-2418
141.073825503356,12.3489932885906,-2644
141.140939597315,12.3489932885906,-2502
141.208053691275,12.3489932885906,-3195
141.275167785235,12.3489932885906,-4174
141.342281879195,12.3489932885906,-4941
141.409395973154,12.3489932885906,-5328
141.476510067114,12.3489932885906,-4960
141.543624161074,12.3489932885906,-4225
141.610738255034,12.3489932885906,-3818
141.677852348993,12.3489932885906,-3308
141.744966442953,12.3489932885906,-3137
141.812080536913,12.3489932885906,-3224
141.879194630872,12.3489932885906,-3519
141.946308724832,12.3489932885906,-2793
142.013422818792,12.3489932885906,-2578
142.080536912752,12.3489932885906,-3022
142.147651006711,12.3489932885906,-3390
142.214765100671,12.3489932885906,-3416
142.281879194631,12.3489932885906,-3453
142.348993288591,12.3489932885906,-3359
142.41610738255,12.3489932885906,-3349
142.48322147651,12.3489932885906,-3490
142.55033557047,12.3489932885906,-3655
142.61744966443,12.3489932885906,-3711
142.684563758389,12.3489932885906,-3951
142.751677852349,12.3489932885906,-3955
142.818791946309,12.3489932885906,-3948
142.885906040268,12.3489932885906,-3828
142.953020134228,12.3489932885906,-3433
143.020134228188,12.3489932885906,-3306
143.087248322148,12.3489932885906,-3485
143.154362416107,12.3489932885906,-3452
143.221476510067,12.3489932885906,-3654
143.288590604027,12.3489932885906,-3752
143.355704697987,12.3489932885906,-3764
143.422818791946,12.3489932885906,-3885
143.489932885906,12.3489932885906,-3635
143.557046979866,12.3489932885906,-3659
143.624161073825,12.3489932885906,-3748
143.691275167785,12.3489932885906,-3756
143.758389261745,12.3489932885906,-3754
143.825503355705,12.3489932885906,-4013
143.892617449664,12.3489932885906,-4489
143.959731543624,12.3489932885906,-4532
144.026845637584,12.3489932885906,-3599
144.093959731544,12.3489932885906,-4123
144.161073825503,12.3489932885906,-5567
144.228187919463,12.3489932885906,-5106
144.295302013423,12.3489932885906,-4771
144.362416107383,12.3489932885906,-5291
144.429530201342,12.3489932885906,-5569
144.496644295302,12.3489932885906,-5719
144.563758389262,12.3489932885906,-6320
144.630872483221,12.3489932885906,-7241
144.697986577181,12.3489932885906,-7607
144.765100671141,12.3489932885906,-7206
144.832214765101,12.3489932885906,-7005
144.89932885906,12.3489932885906,-7272
144.96644295302,12.3489932885906,-7412
145.03355704698,12.3489932885906,-7729
145.10067114094,12.3489932885906,-7975
145.167785234899,12.3489932885906,-8501
145.234899328859,12.3489932885906,-8875
145.302013422819,12.3489932885906,-9113
145.369127516779,12.3489932885906,-9045
145.436241610738,12.3489932885906,-8957
145.503355704698,12.3489932885906,-8627
145.570469798658,12.3489932885906,-8147
145.637583892617,12.3489932885906,-7664
145.704697986577,12.3489932885906,-7145
145.771812080537,12.3489932885906,-6685
145.838926174497,12.3489932885906,-6079
145.906040268456,12.3489932885906,-6132
145.973154362416,12.3489932885906,-6570
146.040268456376,12.3489932885906,-6705
146.107382550336,12.3489932885906,-6706
146.174496644295,12.3489932885906,-6684
146.241610738255,12.3489932885906,-6649
146.308724832215,12.3489932885906,-6494
146.375838926175,12.3489932885906,-5964
146.442953020134,12.3489932885906,-4724
146.510067114094,12.3489932885906,-4892
146.577181208054,12.3489932885906,-5476
146.644295302013,12.3489932885906,-5955
146.711409395973,12.3489932885906,-6024
146.778523489933,12.3489932885906,-5554
146.845637583893,12.3489932885906,-5075
146.912751677852,12.3489932885906,-5246
146.979865771812,12.3489932885906,-5305
147.046979865772,12.3489932885906,-5360
147.114093959732,12.3489932885906,-5385
147.181208053691,12.3489932885906,-5299
147.248322147651,12.3489932885906,-5255
147.315436241611,12.3489932885906,-5148
147.38255033557,12.3489932885906,-4770
147.44966442953,12.3489932885906,-4493
147.51677852349,12.3489932885906,-4420
147.58389261745,12.3489932885906,-4411
147.651006711409,12.3489932885906,-4136
147.718120805369,12.3489932885906,-3450
147.785234899329,12.3489932885906,-2761
147.852348993289,12.3489932885906,-1865
147.919463087248,12.3489932885906,-1839
147.986577181208,12.3489932885906,-2712
148.053691275168,12.3489932885906,-3826
148.120805369128,12.3489932885906,-4594
148.187919463087,12.3489932885906,-5478
148.255033557047,12.3489932885906,-5619
148.322147651007,12.3489932885906,-5665
148.389261744966,12.3489932885906,-5672
148.456375838926,12.3489932885906,-5715
148.523489932886,12.3489932885906,-5742
148.590604026846,12.3489932885906,-5742
148.657718120805,12.3489932885906,-5746
148.724832214765,12.3489932885906,-5757
148.791946308725,12.3489932885906,-5811
148.859060402685,12.3489932885906,-5792
148.926174496644,12.3489932885906,-5805
148.993288590604,12.3489932885906,-5831
149.060402684564,12.3489932885906,-5859
149.127516778523,12.3489932885906,-5878
149.194630872483,12.3489932885906,-5889
149.261744966443,12.3489932885906,-5905
149.328859060403,12.3489932885906,-5922
149.395973154362,12.3489932885906,-5909
149.463087248322,12.3489932885906,-5896
149.530201342282,12.3489932885906,-5891
149.597315436242,12.3489932885906,-5683
149.664429530201,12.3489932885906,-5564
149.731543624161,12.3489932885906,-5883
149.798657718121,12.3489932885906,-5979
149.865771812081,12.3489932885906,-5973
149.93288590604,12.3489932885906,-5943
150,12.3489932885906,-5940
140,12.2818791946309,-4138
140.06711409396,12.2818791946309,-3977
140.134228187919,12.2818791946309,-4007
140.201342281879,12.2818791946309,-4070
140.268456375839,12.2818791946309,-3857
140.335570469799,12.2818791946309,-3385
140.402684563758,12.2818791946309,-3300
140.469798657718,12.2818791946309,-3639
140.536912751678,12.2818791946309,-3677
140.604026845638,12.2818791946309,-3467
140.671140939597,12.2818791946309,-3385
140.738255033557,12.2818791946309,-3374
140.805369127517,12.2818791946309,-3010
140.872483221477,12.2818791946309,-2851
140.939597315436,12.2818791946309,-3429
141.006711409396,12.2818791946309,-4197
141.073825503356,12.2818791946309,-4486
141.140939597315,12.2818791946309,-4823
141.208053691275,12.2818791946309,-5171
141.275167785235,12.2818791946309,-5342
141.342281879195,12.2818791946309,-5311
141.409395973154,12.2818791946309,-4858
141.476510067114,12.2818791946309,-4112
141.543624161074,12.2818791946309,-3813
141.610738255034,12.2818791946309,-3198
141.677852348993,12.2818791946309,-2689
141.744966442953,12.2818791946309,-2253
141.812080536913,12.2818791946309,-2208
141.879194630872,12.2818791946309,-2388
141.946308724832,12.2818791946309,-2225
142.013422818792,12.2818791946309,-1821
142.080536912752,12.2818791946309,-1932
142.147651006711,12.2818791946309,-3149
142.214765100671,12.2818791946309,-3110
142.281879194631,12.2818791946309,-3232
142.348993288591,12.2818791946309,-3485
142.41610738255,12.2818791946309,-3687
142.48322147651,12.2818791946309,-3830
142.55033557047,12.2818791946309,-4060
142.61744966443,12.2818791946309,-4047
142.684563758389,12.2818791946309,-4018
142.751677852349,12.2818791946309,-4141
142.818791946309,12.2818791946309,-4129
142.885906040268,12.2818791946309,-4074
142.953020134228,12.2818791946309,-3763
143.020134228188,12.2818791946309,-3663
143.087248322148,12.2818791946309,-3777
143.154362416107,12.2818791946309,-3780
143.221476510067,12.2818791946309,-3854
143.288590604027,12.2818791946309,-3890
143.355704697987,12.2818791946309,-3776
143.422818791946,12.2818791946309,-3699
143.489932885906,12.2818791946309,-3715
143.557046979866,12.2818791946309,-3755
143.624161073825,12.2818791946309,-3838
143.691275167785,12.2818791946309,-3799
143.758389261745,12.2818791946309,-3835
143.825503355705,12.2818791946309,-4246
143.892617449664,12.2818791946309,-4708
143.959731543624,12.2818791946309,-4749
144.026845637584,12.2818791946309,-3465
144.093959731544,12.2818791946309,-4832
144.161073825503,12.2818791946309,-6201
144.228187919463,12.2818791946309,-5930
144.295302013423,12.2818791946309,-5531
144.362416107383,12.2818791946309,-5786
144.429530201342,12.2818791946309,-5960
144.496644295302,12.2818791946309,-5976
144.563758389262,12.2818791946309,-6789
144.630872483221,12.2818791946309,-8009
144.697986577181,12.2818791946309,-8207
144.765100671141,12.2818791946309,-7600
144.832214765101,12.2818791946309,-7450
144.89932885906,12.2818791946309,-7888
144.96644295302,12.2818791946309,-8162
145.03355704698,12.2818791946309,-8524
145.10067114094,12.2818791946309,-8804
145.167785234899,12.2818791946309,-9052
145.234899328859,12.2818791946309,-9108
145.302013422819,12.2818791946309,-9049
145.369127516779,12.2818791946309,-8782
145.436241610738,12.2818791946309,-8546
145.503355704698,12.2818791946309,-8185
145.570469798658,12.2818791946309,-7849
145.637583892617,12.2818791946309,-7391
145.704697986577,12.2818791946309,-6948
145.771812080537,12.2818791946309,-5999
145.838926174497,12.2818791946309,-5141
145.906040268456,12.2818791946309,-5176
145.973154362416,12.2818791946309,-6016
146.040268456376,12.2818791946309,-6502
146.107382550336,12.2818791946309,-6584
146.174496644295,12.2818791946309,-6583
146.241610738255,12.2818791946309,-6475
146.308724832215,12.2818791946309,-6038
146.375838926175,12.2818791946309,-4719
146.442953020134,12.2818791946309,-3541
146.510067114094,12.2818791946309,-3798
146.577181208054,12.2818791946309,-4404
146.644295302013,12.2818791946309,-4634
146.711409395973,12.2818791946309,-5256
146.778523489933,12.2818791946309,-4906
146.845637583893,12.2818791946309,-4583
146.912751677852,12.2818791946309,-5015
146.979865771812,12.2818791946309,-5255
147.046979865772,12.2818791946309,-5374
147.114093959732,12.2818791946309,-5383
147.181208053691,12.2818791946309,-5363
147.248322147651,12.2818791946309,-5319
147.315436241611,12.2818791946309,-4942
147.38255033557,12.2818791946309,-3898
147.44966442953,12.2818791946309,-3011
147.51677852349,12.2818791946309,-3127
147.58389261745,12.2818791946309,-3510
147.651006711409,12.2818791946309,-3765
147.718120805369,12.2818791946309,-3568
147.785234899329,12.2818791946309,-3303
147.852348993289,12.2818791946309,-2884
147.919463087248,12.2818791946309,-2779
147.986577181208,12.2818791946309,-3813
148.053691275168,12.2818791946309,-5001
148.120805369128,12.2818791946309,-5415
148.187919463087,12.2818791946309,-5669
148.255033557047,12.2818791946309,-5651
148.322147651007,12.2818791946309,-5649
148.389261744966,12.2818791946309,-5681
148.456375838926,12.2818791946309,-5697
148.523489932886,12.2818791946309,-5738
148.590604026846,12.2818791946309,-5751
148.657718120805,12.2818791946309,-5745
148.724832214765,12.2818791946309,-5790
148.791946308725,12.2818791946309,-5802
148.859060402685,12.2818791946309,-5803
148.926174496644,12.2818791946309,-5812
148.993288590604,12.2818791946309,-5847
149.060402684564,12.2818791946309,-5870
149.127516778523,12.2818791946309,-5866
149.194630872483,12.2818791946309,-5856
149.261744966443,12.2818791946309,-5883
149.328859060403,12.2818791946309,-5900
149.395973154362,12.2818791946309,-5894
149.463087248322,12.2818791946309,-5887
149.530201342282,12.2818791946309,-5888
149.597315436242,12.2818791946309,-5879
149.664429530201,12.2818791946309,-5923
149.731543624161,12.2818791946309,-5941
149.798657718121,12.2818791946309,-5946
149.865771812081,12.2818791946309,-5952
149.93288590604,12.2818791946309,-5939
150,12.2818791946309,-5936
140,12.2147651006711,-3351
140.06711409396,12.2147651006711,-3602
140.134228187919,12.2147651006711,-3888
140.201342281879,12.2147651006711,-4015
140.268456375839,12.2147651006711,-4081
140.335570469799,12.2147651006711,-3977
140.402684563758,12.2147651006711,-3813
140.469798657718,12.2147651006711,-3843
140.536912751678,12.2147651006711,-3710
140.604026845638,12.2147651006711,-3599
140.671140939597,12.2147651006711,-3371
140.738255033557,12.2147651006711,-3634
140.805369127517,12.2147651006711,-3720
140.872483221477,12.2147651006711,-3759
140.939597315436,12.2147651006711,-3941
141.006711409396,12.2147651006711,-4799
141.073825503356,12.2147651006711,-5300
141.140939597315,12.2147651006711,-5213
141.208053691275,12.2147651006711,-4925
141.275167785235,12.2147651006711,-4879
141.342281879195,12.2147651006711,-4772
141.409395973154,12.2147651006711,-3962
141.476510067114,12.2147651006711,-3471
141.543624161074,12.2147651006711,-2977
141.610738255034,12.2147651006711,-2253
141.677852348993,12.2147651006711,-2284
141.744966442953,12.2147651006711,-2250
141.812080536913,12.2147651006711,-2548
141.879194630872,12.2147651006711,-2654
141.946308724832,12.2147651006711,-2273
142.013422818792,12.2147651006711,-2266
142.080536912752,12.2147651006711,-2270
142.147651006711,12.2147651006711,-2423
142.214765100671,12.2147651006711,-2276
142.281879194631,12.2147651006711,-2556
142.348993288591,12.2147651006711,-3041
142.41610738255,12.2147651006711,-3599
142.48322147651,12.2147651006711,-3853
142.55033557047,12.2147651006711,-4053
142.61744966443,12.2147651006711,-3969
142.684563758389,12.2147651006711,-3977
142.751677852349,12.2147651006711,-4076
142.818791946309,12.2147651006711,-4022
142.885906040268,12.2147651006711,-3963
142.953020134228,12.2147651006711,-3852
143.020134228188,12.2147651006711,-3838
143.087248322148,12.2147651006711,-3848
143.154362416107,12.2147651006711,-3790
143.221476510067,12.2147651006711,-3836
143.288590604027,12.2147651006711,-3843
143.355704697987,12.2147651006711,-3692
143.422818791946,12.2147651006711,-3665
143.489932885906,12.2147651006711,-3753
143.557046979866,12.2147651006711,-3957
143.624161073825,12.2147651006711,-4150
143.691275167785,12.2147651006711,-4024
143.758389261745,12.2147651006711,-4318
143.825503355705,12.2147651006711,-4807
143.892617449664,12.2147651006711,-4976
143.959731543624,12.2147651006711,-4811
144.026845637584,12.2147651006711,-4011
144.093959731544,12.2147651006711,-5796
144.161073825503,12.2147651006711,-7128
144.228187919463,12.2147651006711,-7212
144.295302013423,12.2147651006711,-6857
144.362416107383,12.2147651006711,-6855
144.429530201342,12.2147651006711,-6855
144.496644295302,12.2147651006711,-6780
144.563758389262,12.2147651006711,-7809
144.630872483221,12.2147651006711,-8738
144.697986577181,12.2147651006711,-8509
144.765100671141,12.2147651006711,-8313
144.832214765101,12.2147651006711,-8469
144.89932885906,12.2147651006711,-8874
144.96644295302,12.2147651006711,-9133
145.03355704698,12.2147651006711,-9337
145.10067114094,12.2147651006711,-9363
145.167785234899,12.2147651006711,-8976
145.234899328859,12.2147651006711,-8504
145.302013422819,12.2147651006711,-8428
145.369127516779,12.2147651006711,-8354
145.436241610738,12.2147651006711,-8058
145.503355704698,12.2147651006711,-7722
145.570469798658,12.2147651006711,-7521
145.637583892617,12.2147651006711,-7190
145.704697986577,12.2147651006711,-6930
145.771812080537,12.2147651006711,-6332
145.838926174497,12.2147651006711,-5163
145.906040268456,12.2147651006711,-5357
145.973154362416,12.2147651006711,-6122
146.040268456376,12.2147651006711,-6419
146.107382550336,12.2147651006711,-6430
146.174496644295,12.2147651006711,-6355
146.241610738255,12.2147651006711,-6060
146.308724832215,12.2147651006711,-5343
146.375838926175,12.2147651006711,-3829
146.442953020134,12.2147651006711,-2887
146.510067114094,12.2147651006711,-2816
146.577181208054,12.2147651006711,-3113
146.644295302013,12.2147651006711,-3718
146.711409395973,12.2147651006711,-4239
146.778523489933,12.2147651006711,-3670
146.845637583893,12.2147651006711,-3811
146.912751677852,12.2147651006711,-5144
146.979865771812,12.2147651006711,-5371
147.046979865772,12.2147651006711,-5426
147.114093959732,12.2147651006711,-5430
147.181208053691,12.2147651006711,-5422
147.248322147651,12.2147651006711,-5370
147.315436241611,12.2147651006711,-4945
147.38255033557,12.2147651006711,-3508
147.44966442953,12.2147651006711,-2794
147.51677852349,12.2147651006711,-3205
147.58389261745,12.2147651006711,-3801
147.651006711409,12.2147651006711,-4376
147.718120805369,12.2147651006711,-4279
147.785234899329,12.2147651006711,-4061
147.852348993289,12.2147651006711,-4279
147.919463087248,12.2147651006711,-4466
147.986577181208,12.2147651006711,-5053
148.053691275168,12.2147651006711,-5614
148.120805369128,12.2147651006711,-5661
148.187919463087,12.2147651006711,-5659
148.255033557047,12.2147651006711,-5685
148.322147651007,12.2147651006711,-5633
148.389261744966,12.2147651006711,-5652
148.456375838926,12.2147651006711,-5664
148.523489932886,12.2147651006711,-5697
148.590604026846,12.2147651006711,-5722
148.657718120805,12.2147651006711,-5717
148.724832214765,12.2147651006711,-5755
148.791946308725,12.2147651006711,-5780
148.859060402685,12.2147651006711,-5780
148.926174496644,12.2147651006711,-5804
148.993288590604,12.2147651006711,-5818
149.060402684564,12.2147651006711,-5845
149.127516778523,12.2147651006711,-5861
149.194630872483,12.2147651006711,-5847
149.261744966443,12.2147651006711,-5856
149.328859060403,12.2147651006711,-5881
149.395973154362,12.2147651006711,-5884
149.463087248322,12.2147651006711,-5885
149.530201342282,12.2147651006711,-5886
149.597315436242,12.2147651006711,-5890
149.664429530201,12.2147651006711,-5894
149.731543624161,12.2147651006711,-5912
149.798657718121,12.2147651006711,-5926
149.865771812081,12.2147651006711,-5949
149.93288590604,12.2147651006711,-5948
150,12.2147651006711,-5938
140,12.1476510067114,-2962
140.06711409396,12.1476510067114,-3496
140.134228187919,12.1476510067114,-3843
140.201342281879,12.1476510067114,-3964
140.268456375839,12.1476510067114,-4111
140.335570469799,12.1476510067114,-4259
140.402684563758,12.1476510067114,-4273
140.469798657718,12.1476510067114,-4138
140.536912751678,12.1476510067114,-3942
140.604026845638,12.1476510067114,-3982
140.671140939597,12.1476510067114,-3776
140.738255033557,12.1476510067114,-3677
140.805369127517,12.1476510067114,-4079
140.872483221477,12.1476510067114,-4307
140.939597315436,12.1476510067114,-3991
141.006711409396,12.1476510067114,-4534
141.073825503356,12.1476510067114,-4799
141.140939597315,12.1476510067114,-4507
141.208053691275,12.1476510067114,-4308
141.275167785235,12.1476510067114,-4299
141.342281879195,12.1476510067114,-4137
141.409395973154,12.1476510067114,-3480
141.476510067114,12.1476510067114,-2539
141.543624161074,12.1476510067114,-1797
141.610738255034,12.1476510067114,-1941
141.677852348993,12.1476510067114,-2437
141.744966442953,12.1476510067114,-2468
141.812080536913,12.1476510067114,-2796
141.879194630872,12.1476510067114,-2510
141.946308724832,12.1476510067114,-2126
142.013422818792,12.1476510067114,-2692
142.080536912752,12.1476510067114,-2729
142.147651006711,12.1476510067114,-2792
142.214765100671,12.1476510067114,-2502
142.281879194631,12.1476510067114,-2576
142.348993288591,12.1476510067114,-2701
142.41610738255,12.1476510067114,-3003
142.48322147651,12.1476510067114,-3486
142.55033557047,12.1476510067114,-3703
142.61744966443,12.1476510067114,-3745
142.684563758389,12.1476510067114,-3942
142.751677852349,12.1476510067114,-4030
142.818791946309,12.1476510067114,-3918
142.885906040268,12.1476510067114,-3852
142.953020134228,12.1476510067114,-3899
143.020134228188,12.1476510067114,-4021
143.087248322148,12.1476510067114,-3828
143.154362416107,12.1476510067114,-3673
143.221476510067,12.1476510067114,-3571
143.288590604027,12.1476510067114,-3666
143.355704697987,12.1476510067114,-3675
143.422818791946,12.1476510067114,-3567
143.489932885906,12.1476510067114,-3950
143.557046979866,12.1476510067114,-4137
143.624161073825,12.1476510067114,-4274
143.691275167785,12.1476510067114,-4584
143.758389261745,12.1476510067114,-5312
143.825503355705,12.1476510067114,-5459
143.892617449664,12.1476510067114,-5168
143.959731543624,12.1476510067114,-5171
144.026845637584,12.1476510067114,-4749
144.093959731544,12.1476510067114,-6782
144.161073825503,12.1476510067114,-7925
144.228187919463,12.1476510067114,-8240
144.295302013423,12.1476510067114,-8317
144.362416107383,12.1476510067114,-8305
144.429530201342,12.1476510067114,-7943
144.496644295302,12.1476510067114,-7911
144.563758389262,12.1476510067114,-8957
144.630872483221,12.1476510067114,-9233
144.697986577181,12.1476510067114,-8891
144.765100671141,12.1476510067114,-9004
144.832214765101,12.1476510067114,-9468
144.89932885906,12.1476510067114,-9693
144.96644295302,12.1476510067114,-9549
145.03355704698,12.1476510067114,-9307
145.10067114094,12.1476510067114,-8901
145.167785234899,12.1476510067114,-8599
145.234899328859,12.1476510067114,-8260
145.302013422819,12.1476510067114,-8042
145.369127516779,12.1476510067114,-7773
145.436241610738,12.1476510067114,-7603
145.503355704698,12.1476510067114,-7392
145.570469798658,12.1476510067114,-7195
145.637583892617,12.1476510067114,-7001
145.704697986577,12.1476510067114,-6811
145.771812080537,12.1476510067114,-6499
145.838926174497,12.1476510067114,-6060
145.906040268456,12.1476510067114,-5820
145.973154362416,12.1476510067114,-6078
146.040268456376,12.1476510067114,-6293
146.107382550336,12.1476510067114,-6096
146.174496644295,12.1476510067114,-5994
146.241610738255,12.1476510067114,-5809
146.308724832215,12.1476510067114,-5328
146.375838926175,12.1476510067114,-4621
146.442953020134,12.1476510067114,-3977
146.510067114094,12.1476510067114,-3267
146.577181208054,12.1476510067114,-2843
146.644295302013,12.1476510067114,-3207
146.711409395973,12.1476510067114,-4106
146.778523489933,12.1476510067114,-4536
146.845637583893,12.1476510067114,-4801
146.912751677852,12.1476510067114,-5359
146.979865771812,12.1476510067114,-5518
147.046979865772,12.1476510067114,-5558
147.114093959732,12.1476510067114,-5505
147.181208053691,12.1476510067114,-5435
147.248322147651,12.1476510067114,-5400
147.315436241611,12.1476510067114,-4804
147.38255033557,12.1476510067114,-3901
147.44966442953,12.1476510067114,-4084
147.51677852349,12.1476510067114,-4431
147.58389261745,12.1476510067114,-4834
147.651006711409,12.1476510067114,-5047
147.718120805369,12.1476510067114,-5184
147.785234899329,12.1476510067114,-5217
147.852348993289,12.1476510067114,-5419
147.919463087248,12.1476510067114,-5566
147.986577181208,12.1476510067114,-5634
148.053691275168,12.1476510067114,-5638
148.120805369128,12.1476510067114,-5641
148.187919463087,12.1476510067114,-5649
148.255033557047,12.1476510067114,-5675
148.322147651007,12.1476510067114,-5672
148.389261744966,12.1476510067114,-5637
148.456375838926,12.1476510067114,-5665
148.523489932886,12.1476510067114,-5694
148.590604026846,12.1476510067114,-5711
148.657718120805,12.1476510067114,-5726
148.724832214765,12.1476510067114,-5764
148.791946308725,12.1476510067114,-5783
148.859060402685,12.1476510067114,-5797
148.926174496644,12.1476510067114,-5830
148.993288590604,12.1476510067114,-5846
149.060402684564,12.1476510067114,-5833
149.127516778523,12.1476510067114,-5840
149.194630872483,12.1476510067114,-5852
149.261744966443,12.1476510067114,-5854
149.328859060403,12.1476510067114,-5861
149.395973154362,12.1476510067114,-5872
149.463087248322,12.1476510067114,-5875
149.530201342282,12.1476510067114,-5885
149.597315436242,12.1476510067114,-5886
149.664429530201,12.1476510067114,-5893
149.731543624161,12.1476510067114,-5901
149.798657718121,12.1476510067114,-5923
149.865771812081,12.1476510067114,-5953
149.93288590604,12.1476510067114,-5928
150,12.1476510067114,-5906
140,12.0805369127517,-3647
140.06711409396,12.0805369127517,-3818
140.134228187919,12.0805369127517,-3964
140.201342281879,12.0805369127517,-4050
140.268456375839,12.0805369127517,-4154
140.335570469799,12.0805369127517,-4308
140.402684563758,12.0805369127517,-4395
140.469798657718,12.0805369127517,-4034
140.536912751678,12.0805369127517,-3741
140.604026845638,12.0805369127517,-4000
140.671140939597,12.0805369127517,-3858
140.738255033557,12.0805369127517,-3551
140.805369127517,12.0805369127517,-3869
140.872483221477,12.0805369127517,-4226
140.939597315436,12.0805369127517,-4138
141.006711409396,12.0805369127517,-4308
141.073825503356,12.0805369127517,-4348
141.140939597315,12.0805369127517,-4242
141.208053691275,12.0805369127517,-4173
141.275167785235,12.0805369127517,-3955
141.342281879195,12.0805369127517,-3580
141.409395973154,12.0805369127517,-3091
141.476510067114,12.0805369127517,-2580
141.543624161074,12.0805369127517,-1963
141.610738255034,12.0805369127517,-2279
141.677852348993,12.0805369127517,-2521
141.744966442953,12.0805369127517,-2603
141.812080536913,12.0805369127517,-2782
141.879194630872,12.0805369127517,-2704
141.946308724832,12.0805369127517,-2931
142.013422818792,12.0805369127517,-3400
142.080536912752,12.0805369127517,-3208
142.147651006711,12.0805369127517,-2958
142.214765100671,12.0805369127517,-3096
142.281879194631,12.0805369127517,-3258
142.348993288591,12.0805369127517,-3374
142.41610738255,12.0805369127517,-3265
142.48322147651,12.0805369127517,-3528
142.55033557047,12.0805369127517,-3790
142.61744966443,12.0805369127517,-4066
142.684563758389,12.0805369127517,-4086
142.751677852349,12.0805369127517,-3987
142.818791946309,12.0805369127517,-3829
142.885906040268,12.0805369127517,-3803
142.953020134228,12.0805369127517,-3901
143.020134228188,12.0805369127517,-4007
143.087248322148,12.0805369127517,-3841
143.154362416107,12.0805369127517,-3544
143.221476510067,12.0805369127517,-3088
143.288590604027,12.0805369127517,-3231
143.355704697987,12.0805369127517,-3603
143.422818791946,12.0805369127517,-3719
143.489932885906,12.0805369127517,-4116
143.557046979866,12.0805369127517,-4219
143.624161073825,12.0805369127517,-4407
143.691275167785,12.0805369127517,-4900
143.758389261745,12.0805369127517,-5509
143.825503355705,12.0805369127517,-5874
143.892617449664,12.0805369127517,-5969
143.959731543624,12.0805369127517,-6332
144.026845637584,12.0805369127517,-6332
144.093959731544,12.0805369127517,-7121
144.161073825503,12.0805369127517,-8032
144.228187919463,12.0805369127517,-8481
144.295302013423,12.0805369127517,-8710
144.362416107383,12.0805369127517,-8948
144.429530201342,12.0805369127517,-8886
144.496644295302,12.0805369127517,-9080
144.563758389262,12.0805369127517,-9828
144.630872483221,12.0805369127517,-9912
144.697986577181,12.0805369127517,-9723
144.765100671141,12.0805369127517,-9582
144.832214765101,12.0805369127517,-9752
144.89932885906,12.0805369127517,-9101
144.96644295302,12.0805369127517,-9032
145.03355704698,12.0805369127517,-8747
145.10067114094,12.0805369127517,-8556
145.167785234899,12.0805369127517,-8259
145.234899328859,12.0805369127517,-7889
145.302013422819,12.0805369127517,-7646
145.369127516779,12.0805369127517,-7366
145.436241610738,12.0805369127517,-7269
145.503355704698,12.0805369127517,-7098
145.570469798658,12.0805369127517,-6949
145.637583892617,12.0805369127517,-6821
145.704697986577,12.0805369127517,-6626
145.771812080537,12.0805369127517,-6401
145.838926174497,12.0805369127517,-6325
145.906040268456,12.0805369127517,-6110
145.973154362416,12.0805369127517,-5894
146.040268456376,12.0805369127517,-6104
146.107382550336,12.0805369127517,-6393
146.174496644295,12.0805369127517,-6206
146.241610738255,12.0805369127517,-5960
146.308724832215,12.0805369127517,-5809
146.375838926175,12.0805369127517,-5702
146.442953020134,12.0805369127517,-5320
146.510067114094,12.0805369127517,-4170
146.577181208054,12.0805369127517,-2891
146.644295302013,12.0805369127517,-2546
146.711409395973,12.0805369127517,-3620
146.778523489933,12.0805369127517,-4683
146.845637583893,12.0805369127517,-5258
146.912751677852,12.0805369127517,-5579
146.979865771812,12.0805369127517,-5621
147.046979865772,12.0805369127517,-5585
147.114093959732,12.0805369127517,-5524
147.181208053691,12.0805369127517,-5497
147.248322147651,12.0805369127517,-5522
147.315436241611,12.0805369127517,-5459
147.38255033557,12.0805369127517,-5166
147.44966442953,12.0805369127517,-5169
147.51677852349,12.0805369127517,-5361
147.58389261745,12.0805369127517,-5261
147.651006711409,12.0805369127517,-5346
147.718120805369,12.0805369127517,-5321
147.785234899329,12.0805369127517,-5613
147.852348993289,12.0805369127517,-5639
147.919463087248,12.0805369127517,-5646
147.986577181208,12.0805369127517,-5651
148.053691275168,12.0805369127517,-5585
148.120805369128,12.0805369127517,-5582
148.187919463087,12.0805369127517,-5648
148.255033557047,12.0805369127517,-5659
148.322147651007,12.0805369127517,-5678
148.389261744966,12.0805369127517,-5677
148.456375838926,12.0805369127517,-5648
148.523489932886,12.0805369127517,-5709
148.590604026846,12.0805369127517,-5721
148.657718120805,12.0805369127517,-5682
148.724832214765,12.0805369127517,-5758
148.791946308725,12.0805369127517,-5779
148.859060402685,12.0805369127517,-5785
148.926174496644,12.0805369127517,-5821
148.993288590604,12.0805369127517,-5845
149.060402684564,12.0805369127517,-5849
149.127516778523,12.0805369127517,-5830
149.194630872483,12.0805369127517,-5831
149.261744966443,12.0805369127517,-5845
149.328859060403,12.0805369127517,-5853
149.395973154362,12.0805369127517,-5864
149.463087248322,12.0805369127517,-5859
149.530201342282,12.0805369127517,-5855
149.597315436242,12.0805369127517,-5870
149.664429530201,12.0805369127517,-5898
149.731543624161,12.0805369127517,-5903
149.798657718121,12.0805369127517,-5915
149.865771812081,12.0805369127517,-5926
149.93288590604,12.0805369127517,-5920
150,12.0805369127517,-5907
140,12.0134228187919,-3816
140.06711409396,12.0134228187919,-3831
140.134228187919,12.0134228187919,-3962
140.201342281879,12.0134228187919,-4109
140.268456375839,12.0134228187919,-4130
140.335570469799,12.0134228187919,-4244
140.402684563758,12.0134228187919,-4413
140.469798657718,12.0134228187919,-3945
140.536912751678,12.0134228187919,-3489
140.604026845638,12.0134228187919,-3833
140.671140939597,12.0134228187919,-3844
140.738255033557,12.0134228187919,-3681
140.805369127517,12.0134228187919,-3882
140.872483221477,12.0134228187919,-4294
140.939597315436,12.0134228187919,-4452
141.006711409396,12.0134228187919,-4517
141.073825503356,12.0134228187919,-4524
141.140939597315,12.0134228187919,-4410
141.208053691275,12.0134228187919,-4189
141.275167785235,12.0134228187919,-3730
141.342281879195,12.0134228187919,-2892
141.409395973154,12.0134228187919,-2399
141.476510067114,12.0134228187919,-2315
141.543624161074,12.0134228187919,-2082
141.610738255034,12.0134228187919,-2172
141.677852348993,12.0134228187919,-2226
141.744966442953,12.0134228187919,-2786
141.812080536913,12.0134228187919,-3247
141.879194630872,12.0134228187919,-3692
141.946308724832,12.0134228187919,-4106
142.013422818792,12.0134228187919,-4191
142.080536912752,12.0134228187919,-3886
142.147651006711,12.0134228187919,-3353
142.214765100671,12.0134228187919,-2993
142.281879194631,12.0134228187919,-3119
142.348993288591,12.0134228187919,-2974
142.41610738255,12.0134228187919,-3040
142.48322147651,12.0134228187919,-3226
142.55033557047,12.0134228187919,-3603
142.61744966443,12.0134228187919,-4022
142.684563758389,12.0134228187919,-3938
142.751677852349,12.0134228187919,-3638
142.818791946309,12.0134228187919,-3499
142.885906040268,12.0134228187919,-3678
142.953020134228,12.0134228187919,-4048
143.020134228188,12.0134228187919,-3965
143.087248322148,12.0134228187919,-3780
143.154362416107,12.0134228187919,-3674
143.221476510067,12.0134228187919,-3169
143.288590604027,12.0134228187919,-2901
143.355704697987,12.0134228187919,-3326
143.422818791946,12.0134228187919,-3799
143.489932885906,12.0134228187919,-3904
143.557046979866,12.0134228187919,-4152
143.624161073825,12.0134228187919,-4196
143.691275167785,12.0134228187919,-4694
143.758389261745,12.0134228187919,-5443
143.825503355705,12.0134228187919,-6073
143.892617449664,12.0134228187919,-6915
143.959731543624,12.0134228187919,-7367
144.026845637584,12.0134228187919,-7379
144.093959731544,12.0134228187919,-7402
144.161073825503,12.0134228187919,-7833
144.228187919463,12.0134228187919,-8211
144.295302013423,12.0134228187919,-9189
144.362416107383,12.0134228187919,-9749
144.429530201342,12.0134228187919,-9953
144.496644295302,12.0134228187919,-10055
144.563758389262,12.0134228187919,-10069
144.630872483221,12.0134228187919,-9971
144.697986577181,12.0134228187919,-9856
144.765100671141,12.0134228187919,-9434
144.832214765101,12.0134228187919,-9550
144.89932885906,12.0134228187919,-8753
144.96644295302,12.0134228187919,-8510
145.03355704698,12.0134228187919,-8357
145.10067114094,12.0134228187919,-8060
145.167785234899,12.0134228187919,-7721
145.234899328859,12.0134228187919,-7464
145.302013422819,12.0134228187919,-7217
145.369127516779,12.0134228187919,-6940
145.436241610738,12.0134228187919,-6747
145.503355704698,12.0134228187919,-6698
145.570469798658,12.0134228187919,-6698
145.637583892617,12.0134228187919,-6584
145.704697986577,12.0134228187919,-6407
145.771812080537,12.0134228187919,-6373
145.838926174497,12.0134228187919,-6325
145.906040268456,12.0134228187919,-6232
145.973154362416,12.0134228187919,-6113
146.040268456376,12.0134228187919,-6204
146.107382550336,12.0134228187919,-6274
146.174496644295,12.0134228187919,-6259
146.241610738255,12.0134228187919,-6126
146.308724832215,12.0134228187919,-5905
146.375838926175,12.0134228187919,-5869
146.442953020134,12.0134228187919,-5481
146.510067114094,12.0134228187919,-4237
146.577181208054,12.0134228187919,-2990
146.644295302013,12.0134228187919,-2623
146.711409395973,12.0134228187919,-3220
146.778523489933,12.0134228187919,-4465
146.845637583893,12.0134228187919,-5507
146.912751677852,12.0134228187919,-5639
146.979865771812,12.0134228187919,-5654
147.046979865772,12.0134228187919,-5582
147.114093959732,12.0134228187919,-5485
147.181208053691,12.0134228187919,-5484
147.248322147651,12.0134228187919,-5532
147.315436241611,12.0134228187919,-5569
147.38255033557,12.0134228187919,-5588
147.44966442953,12.0134228187919,-5540
147.51677852349,12.0134228187919,-5573
147.58389261745,12.0134228187919,-5541
147.651006711409,12.0134228187919,-5619
147.718120805369,12.0134228187919,-5505
147.785234899329,12.0134228187919,-5617
147.852348993289,12.0134228187919,-5618
147.919463087248,12.0134228187919,-5636
147.986577181208,12.0134228187919,-5656
148.053691275168,12.0134228187919,-5610
148.120805369128,12.0134228187919,-5638
148.187919463087,12.0134228187919,-5666
148.255033557047,12.0134228187919,-5676
148.322147651007,12.0134228187919,-5690
148.389261744966,12.0134228187919,-5729
148.456375838926,12.0134228187919,-5690
148.523489932886,12.0134228187919,-5688
148.590604026846,12.0134228187919,-5696
148.657718120805,12.0134228187919,-5647
148.724832214765,12.0134228187919,-5741
148.791946308725,12.0134228187919,-5780
148.859060402685,12.0134228187919,-5776
148.926174496644,12.0134228187919,-5787
148.993288590604,12.0134228187919,-5811
149.060402684564,12.0134228187919,-5848
149.127516778523,12.0134228187919,-5857
149.194630872483,12.0134228187919,-5843
149.261744966443,12.0134228187919,-5837
149.328859060403,12.0134228187919,-5840
149.395973154362,12.0134228187919,-5864
149.463087248322,12.0134228187919,-5878
149.530201342282,12.0134228187919,-5887
149.597315436242,12.0134228187919,-5882
149.664429530201,12.0134228187919,-5892
149.731543624161,12.0134228187919,-5903
149.798657718121,12.0134228187919,-5907
149.865771812081,12.0134228187919,-5918
149.93288590604,12.0134228187919,-5916
150,12.0134228187919,-5914
140,11.9463087248322,-3554
140.06711409396,11.9463087248322,-3580
140.134228187919,11.9463087248322,-3893
140.201342281879,11.9463087248322,-3940
140.268456375839,11.9463087248322,-3634
140.335570469799,11.9463087248322,-3420
140.402684563758,11.9463087248322,-3976
140.469798657718,11.9463087248322,-4107
140.536912751678,11.9463087248322,-4126
140.604026845638,11.9463087248322,-4221
140.671140939597,11.9463087248322,-4134
140.738255033557,11.9463087248322,-4050
140.805369127517,11.9463087248322,-4210
140.872483221477,11.9463087248322,-4489
140.939597315436,11.9463087248322,-4709
141.006711409396,11.9463087248322,-4773
141.073825503356,11.9463087248322,-4623
141.140939597315,11.9463087248322,-4421
141.208053691275,11.9463087248322,-4081
141.275167785235,11.9463087248322,-3541
141.342281879195,11.9463087248322,-2715
141.409395973154,11.9463087248322,-1941
141.476510067114,11.9463087248322,-1719
141.543624161074,11.9463087248322,-1508
141.610738255034,11.9463087248322,-1919
141.677852348993,11.9463087248322,-2547
141.744966442953,11.9463087248322,-3462
141.812080536913,11.9463087248322,-3907
141.879194630872,11.9463087248322,-4087
141.946308724832,11.9463087248322,-4554
142.013422818792,11.9463087248322,-4712
142.080536912752,11.9463087248322,-4472
142.147651006711,11.9463087248322,-3679
142.214765100671,11.9463087248322,-2606
142.281879194631,11.9463087248322,-2566
142.348993288591,11.9463087248322,-2501
142.41610738255,11.9463087248322,-2628
142.48322147651,11.9463087248322,-2732
142.55033557047,11.9463087248322,-3155
142.61744966443,11.9463087248322,-3684
142.684563758389,11.9463087248322,-3519
142.751677852349,11.9463087248322,-3236
142.818791946309,11.9463087248322,-3107
142.885906040268,11.9463087248322,-3576
142.953020134228,11.9463087248322,-4000
143.020134228188,11.9463087248322,-3580
143.087248322148,11.9463087248322,-3749
143.154362416107,11.9463087248322,-4015
143.221476510067,11.9463087248322,-3733
143.288590604027,11.9463087248322,-3130
143.355704697987,11.9463087248322,-2918
143.422818791946,11.9463087248322,-3235
143.489932885906,11.9463087248322,-3225
143.557046979866,11.9463087248322,-3639
143.624161073825,11.9463087248322,-3770
143.691275167785,11.9463087248322,-4481
143.758389261745,11.9463087248322,-5778
143.825503355705,11.9463087248322,-6151
143.892617449664,11.9463087248322,-7021
143.959731543624,11.9463087248322,-7622
144.026845637584,11.9463087248322,-7655
144.093959731544,11.9463087248322,-7693
144.161073825503,11.9463087248322,-8052
144.228187919463,11.9463087248322,-8773
144.295302013423,11.9463087248322,-9630
144.362416107383,11.9463087248322,-9863
144.429530201342,11.9463087248322,-9771
144.496644295302,11.9463087248322,-9502
144.563758389262,11.9463087248322,-9404
144.630872483221,11.9463087248322,-9309
144.697986577181,11.9463087248322,-8966
144.765100671141,11.9463087248322,-8646
144.832214765101,11.9463087248322,-8521
144.89932885906,11.9463087248322,-8245
144.96644295302,11.9463087248322,-8051
145.03355704698,11.9463087248322,-7751
145.10067114094,11.9463087248322,-7540
145.167785234899,11.9463087248322,-7320
145.234899328859,11.9463087248322,-7128
145.302013422819,11.9463087248322,-6847
145.369127516779,11.9463087248322,-6566
145.436241610738,11.9463087248322,-6333
145.503355704698,11.9463087248322,-6276
145.570469798658,11.9463087248322,-6355
145.637583892617,11.9463087248322,-6356
145.704697986577,11.9463087248322,-6196
145.771812080537,11.9463087248322,-6135
145.838926174497,11.9463087248322,-6146
145.906040268456,11.9463087248322,-6128
145.973154362416,11.9463087248322,-6117
146.040268456376,11.9463087248322,-6140
146.107382550336,11.9463087248322,-6108
146.174496644295,11.9463087248322,-6138
146.241610738255,11.9463087248322,-6141
146.308724832215,11.9463087248322,-6008
146.375838926175,11.9463087248322,-5905
146.442953020134,11.9463087248322,-5678
146.510067114094,11.9463087248322,-4930
146.577181208054,11.9463087248322,-4225
146.644295302013,11.9463087248322,-4001
146.711409395973,11.9463087248322,-4436
146.778523489933,11.9463087248322,-5210
146.845637583893,11.9463087248322,-5738
146.912751677852,11.9463087248322,-5791
146.979865771812,11.9463087248322,-5764
147.046979865772,11.9463087248322,-5574
147.114093959732,11.9463087248322,-5493
147.181208053691,11.9463087248322,-5430
147.248322147651,11.9463087248322,-5496
147.315436241611,11.9463087248322,-5547
147.38255033557,11.9463087248322,-5582
147.44966442953,11.9463087248322,-5574
147.51677852349,11.9463087248322,-5672
147.58389261745,11.9463087248322,-5767
147.651006711409,11.9463087248322,-5760
147.718120805369,11.9463087248322,-5801
147.785234899329,11.9463087248322,-5698
147.852348993289,11.9463087248322,-5605
147.919463087248,11.9463087248322,-5627
147.986577181208,11.9463087248322,-5673
148.053691275168,11.9463087248322,-5644
148.120805369128,11.9463087248322,-5647
148.187919463087,11.9463087248322,-5677
148.255033557047,11.9463087248322,-5700
148.322147651007,11.9463087248322,-5707
148.389261744966,11.9463087248322,-5763
148.456375838926,11.9463087248322,-5748
148.523489932886,11.9463087248322,-5711
148.590604026846,11.9463087248322,-5721
148.657718120805,11.9463087248322,-5718
148.724832214765,11.9463087248322,-5737
148.791946308725,11.9463087248322,-5767
148.859060402685,11.9463087248322,-5747
148.926174496644,11.9463087248322,-5773
148.993288590604,11.9463087248322,-5833
149.060402684564,11.9463087248322,-5842
149.127516778523,11.9463087248322,-5858
149.194630872483,11.9463087248322,-5838
149.261744966443,11.9463087248322,-5827
149.328859060403,11.9463087248322,-5838
149.395973154362,11.9463087248322,-5841
149.463087248322,11.9463087248322,-5859
149.530201342282,11.9463087248322,-5886
149.597315436242,11.9463087248322,-5883
149.664429530201,11.9463087248322,-5880
149.731543624161,11.9463087248322,-5905
149.798657718121,11.9463087248322,-5920
149.865771812081,11.9463087248322,-5910
149.93288590604,11.9463087248322,-5914
150,11.9463087248322,-5914
140,11.8791946308725,-3428
140.06711409396,11.8791946308725,-2969
140.134228187919,11.8791946308725,-3568
140.201342281879,11.8791946308725,-3846
140.268456375839,11.8791946308725,-3541
140.335570469799,11.8791946308725,-3126
140.402684563758,11.8791946308725,-3499
140.469798657718,11.8791946308725,-3932
140.536912751678,11.8791946308725,-4318
140.604026845638,11.8791946308725,-4467
140.671140939597,11.8791946308725,-4219
140.738255033557,11.8791946308725,-3756
140.805369127517,11.8791946308725,-3754
140.872483221477,11.8791946308725,-4314
140.939597315436,11.8791946308725,-4549
141.006711409396,11.8791946308725,-4229
141.073825503356,11.8791946308725,-3702
141.140939597315,11.8791946308725,-3733
141.208053691275,11.8791946308725,-3695
141.275167785235,11.8791946308725,-3275
141.342281879195,11.8791946308725,-2711
141.409395973154,11.8791946308725,-2334
141.476510067114,11.8791946308725,-2188
141.543624161074,11.8791946308725,-2212
141.610738255034,11.8791946308725,-2472
141.677852348993,11.8791946308725,-3209
141.744966442953,11.8791946308725,-4035
141.812080536913,11.8791946308725,-4300
141.879194630872,11.8791946308725,-4284
141.946308724832,11.8791946308725,-4665
142.013422818792,11.8791946308725,-4972
142.080536912752,11.8791946308725,-4682
142.147651006711,11.8791946308725,-3627
142.214765100671,11.8791946308725,-2474
142.281879194631,11.8791946308725,-2675
142.348993288591,11.8791946308725,-2972
142.41610738255,11.8791946308725,-2983
142.48322147651,11.8791946308725,-2947
142.55033557047,11.8791946308725,-3110
142.61744966443,11.8791946308725,-3108
142.684563758389,11.8791946308725,-3062
142.751677852349,11.8791946308725,-2945
142.818791946309,11.8791946308725,-2998
142.885906040268,11.8791946308725,-3344
142.953020134228,11.8791946308725,-3168
143.020134228188,11.8791946308725,-2924
143.087248322148,11.8791946308725,-3534
143.154362416107,11.8791946308725,-3951
143.221476510067,11.8791946308725,-3927
143.288590604027,11.8791946308725,-3422
143.355704697987,11.8791946308725,-2723
143.422818791946,11.8791946308725,-3030
143.489932885906,11.8791946308725,-3295
143.557046979866,11.8791946308725,-4026
143.624161073825,11.8791946308725,-4681
143.691275167785,11.8791946308725,-5468
143.758389261745,11.8791946308725,-6643
143.825503355705,11.8791946308725,-6971
143.892617449664,11.8791946308725,-7316
143.959731543624,11.8791946308725,-7348
144.026845637584,11.8791946308725,-7867
144.093959731544,11.8791946308725,-8326
144.161073825503,11.8791946308725,-8536
144.228187919463,11.8791946308725,-8460
144.295302013423,11.8791946308725,-8781
144.362416107383,11.8791946308725,-8937
144.429530201342,11.8791946308725,-8422
144.496644295302,11.8791946308725,-7853
144.563758389262,11.8791946308725,-7612
144.630872483221,11.8791946308725,-7897
144.697986577181,11.8791946308725,-7982
144.765100671141,11.8791946308725,-7888
144.832214765101,11.8791946308725,-7492
144.89932885906,11.8791946308725,-7576
144.96644295302,11.8791946308725,-7492
145.03355704698,11.8791946308725,-7171
145.10067114094,11.8791946308725,-6972
145.167785234899,11.8791946308725,-6840
145.234899328859,11.8791946308725,-6684
145.302013422819,11.8791946308725,-6509
145.369127516779,11.8791946308725,-6265
145.436241610738,11.8791946308725,-6005
145.503355704698,11.8791946308725,-5847
145.570469798658,11.8791946308725,-5803
145.637583892617,11.8791946308725,-5970
145.704697986577,11.8791946308725,-6015
145.771812080537,11.8791946308725,-5984
145.838926174497,11.8791946308725,-5989
145.906040268456,11.8791946308725,-5952
145.973154362416,11.8791946308725,-5932
146.040268456376,11.8791946308725,-5957
146.107382550336,11.8791946308725,-5988
146.174496644295,11.8791946308725,-6040
146.241610738255,11.8791946308725,-6046
146.308724832215,11.8791946308725,-6029
146.375838926175,11.8791946308725,-5988
146.442953020134,11.8791946308725,-5955
146.510067114094,11.8791946308725,-5889
146.577181208054,11.8791946308725,-5718
146.644295302013,11.8791946308725,-5769
146.711409395973,11.8791946308725,-5945
146.778523489933,11.8791946308725,-6039
146.845637583893,11.8791946308725,-6059
146.912751677852,11.8791946308725,-6003
146.979865771812,11.8791946308725,-5887
147.046979865772,11.8791946308725,-5747
147.114093959732,11.8791946308725,-5587
147.181208053691,11.8791946308725,-5443
147.248322147651,11.8791946308725,-5453
147.315436241611,11.8791946308725,-5478
147.38255033557,11.8791946308725,-5449
147.44966442953,11.8791946308725,-5546
147.51677852349,11.8791946308725,-5641
147.58389261745,11.8791946308725,-5749
147.651006711409,11.8791946308725,-5716
147.718120805369,11.8791946308725,-5751
147.785234899329,11.8791946308725,-5731
147.852348993289,11.8791946308725,-5577
147.919463087248,11.8791946308725,-5621
147.986577181208,11.8791946308725,-5682
148.053691275168,11.8791946308725,-5667
148.120805369128,11.8791946308725,-5672
148.187919463087,11.8791946308725,-5677
148.255033557047,11.8791946308725,-5709
148.322147651007,11.8791946308725,-5727
148.389261744966,11.8791946308725,-5731
148.456375838926,11.8791946308725,-5749
148.523489932886,11.8791946308725,-5761
148.590604026846,11.8791946308725,-5730
148.657718120805,11.8791946308725,-5752
148.724832214765,11.8791946308725,-5751
148.791946308725,11.8791946308725,-5772
148.859060402685,11.8791946308725,-5739
148.926174496644,11.8791946308725,-5787
148.993288590604,11.8791946308725,-5871
149.060402684564,11.8791946308725,-5840
149.127516778523,11.8791946308725,-5813
149.194630872483,11.8791946308725,-5802
149.261744966443,11.8791946308725,-5814
149.328859060403,11.8791946308725,-5826
149.395973154362,11.8791946308725,-5820
149.463087248322,11.8791946308725,-5804
149.530201342282,11.8791946308725,-5842
149.597315436242,11.8791946308725,-5866
149.664429530201,11.8791946308725,-5873
149.731543624161,11.8791946308725,-5889
149.798657718121,11.8791946308725,-5903
149.865771812081,11.8791946308725,-5904
149.93288590604,11.8791946308725,-5911
150,11.8791946308725,-5910
140,11.8120805369128,-3329
140.06711409396,11.8120805369128,-2850
140.134228187919,11.8120805369128,-3202
140.201342281879,11.8120805369128,-3705
140.268456375839,11.8120805369128,-3801
140.335570469799,11.8120805369128,-3890
140.402684563758,11.8120805369128,-4050
140.469798657718,11.8120805369128,-4324
140.536912751678,11.8120805369128,-4458
140.604026845638,11.8120805369128,-4390
140.671140939597,11.8120805369128,-3735
140.738255033557,11.8120805369128,-3362
140.805369127517,11.8120805369128,-3472
140.872483221477,11.8120805369128,-3746
140.939597315436,11.8120805369128,-3855
141.006711409396,11.8120805369128,-3807
141.073825503356,11.8120805369128,-3171
141.140939597315,11.8120805369128,-3013
141.208053691275,11.8120805369128,-3068
141.275167785235,11.8120805369128,-3029
141.342281879195,11.8120805369128,-2791
141.409395973154,11.8120805369128,-2822
141.476510067114,11.8120805369128,-3049
141.543624161074,11.8120805369128,-3361
141.610738255034,11.8120805369128,-3215
141.677852348993,11.8120805369128,-3478
141.744966442953,11.8120805369128,-4334
141.812080536913,11.8120805369128,-4570
141.879194630872,11.8120805369128,-4513
141.946308724832,11.8120805369128,-4947
142.013422818792,11.8120805369128,-5284
142.080536912752,11.8120805369128,-5155
142.147651006711,11.8120805369128,-4508
142.214765100671,11.8120805369128,-3508
142.281879194631,11.8120805369128,-3098
142.348993288591,11.8120805369128,-4519
142.41610738255,11.8120805369128,-4408
142.48322147651,11.8120805369128,-4083
142.55033557047,11.8120805369128,-3849
142.61744966443,11.8120805369128,-3602
142.684563758389,11.8120805369128,-3340
142.751677852349,11.8120805369128,-3077
142.818791946309,11.8120805369128,-3260
142.885906040268,11.8120805369128,-3495
142.953020134228,11.8120805369128,-3374
143.020134228188,11.8120805369128,-3770
143.087248322148,11.8120805369128,-3983
143.154362416107,11.8120805369128,-4195
143.221476510067,11.8120805369128,-4419
143.288590604027,11.8120805369128,-4273
143.355704697987,11.8120805369128,-3889
143.422818791946,11.8120805369128,-4132
143.489932885906,11.8120805369128,-4852
143.557046979866,11.8120805369128,-5360
143.624161073825,11.8120805369128,-6370
143.691275167785,11.8120805369128,-6784
143.758389261745,11.8120805369128,-7348
143.825503355705,11.8120805369128,-7786
143.892617449664,11.8120805369128,-8049
143.959731543624,11.8120805369128,-8270
144.026845637584,11.8120805369128,-8677
144.093959731544,11.8120805369128,-9004
144.161073825503,11.8120805369128,-8935
144.228187919463,11.8120805369128,-8397
144.295302013423,11.8120805369128,-8221
144.362416107383,11.8120805369128,-8061
144.429530201342,11.8120805369128,-7782
144.496644295302,11.8120805369128,-7157
144.563758389262,11.8120805369128,-6273
144.630872483221,11.8120805369128,-6385
144.697986577181,11.8120805369128,-7150
144.765100671141,11.8120805369128,-7489
144.832214765101,11.8120805369128,-7302
144.89932885906,11.8120805369128,-7110
144.96644295302,11.8120805369128,-6998
145.03355704698,11.8120805369128,-6804
145.10067114094,11.8120805369128,-6624
145.167785234899,11.8120805369128,-6453
145.234899328859,11.8120805369128,-6337
145.302013422819,11.8120805369128,-6190
145.369127516779,11.8120805369128,-6018
145.436241610738,11.8120805369128,-5862
145.503355704698,11.8120805369128,-5729
145.570469798658,11.8120805369128,-5607
145.637583892617,11.8120805369128,-5643
145.704697986577,11.8120805369128,-5720
145.771812080537,11.8120805369128,-5816
145.838926174497,11.8120805369128,-5817
145.906040268456,11.8120805369128,-5808
145.973154362416,11.8120805369128,-5791
146.040268456376,11.8120805369128,-5844
146.107382550336,11.8120805369128,-5894
146.174496644295,11.8120805369128,-5932
146.241610738255,11.8120805369128,-5936
146.308724832215,11.8120805369128,-5908
146.375838926175,11.8120805369128,-5998
146.442953020134,11.8120805369128,-6012
146.510067114094,11.8120805369128,-5975
146.577181208054,11.8120805369128,-5983
146.644295302013,11.8120805369128,-6053
146.711409395973,11.8120805369128,-6101
146.778523489933,11.8120805369128,-6118
146.845637583893,11.8120805369128,-6101
146.912751677852,11.8120805369128,-6018
146.979865771812,11.8120805369128,-5875
147.046979865772,11.8120805369128,-5771
147.114093959732,11.8120805369128,-5666
147.181208053691,11.8120805369128,-5591
147.248322147651,11.8120805369128,-5574
147.315436241611,11.8120805369128,-5518
147.38255033557,11.8120805369128,-5467
147.44966442953,11.8120805369128,-5521
147.51677852349,11.8120805369128,-5569
147.58389261745,11.8120805369128,-5601
147.651006711409,11.8120805369128,-5635
147.718120805369,11.8120805369128,-5716
147.785234899329,11.8120805369128,-5756
147.852348993289,11.8120805369128,-5630
147.919463087248,11.8120805369128,-5637
147.986577181208,11.8120805369128,-5707
148.053691275168,11.8120805369128,-5700
148.120805369128,11.8120805369128,-5714
148.187919463087,11.8120805369128,-5719
148.255033557047,11.8120805369128,-5715
148.322147651007,11.8120805369128,-5734
148.389261744966,11.8120805369128,-5757
148.456375838926,11.8120805369128,-5792
148.523489932886,11.8120805369128,-5813
148.590604026846,11.8120805369128,-5761
148.657718120805,11.8120805369128,-5760
148.724832214765,11.8120805369128,-5768
148.791946308725,11.8120805369128,-5780
148.859060402685,11.8120805369128,-5748
148.926174496644,11.8120805369128,-5744
148.993288590604,11.8120805369128,-5829
149.060402684564,11.8120805369128,-5849
149.127516778523,11.8120805369128,-5817
149.194630872483,11.8120805369128,-5794
149.261744966443,11.8120805369128,-5797
149.328859060403,11.8120805369128,-5814
149.395973154362,11.8120805369128,-5819
149.463087248322,11.8120805369128,-5824
149.530201342282,11.8120805369128,-5839
149.597315436242,11.8120805369128,-5853
149.664429530201,11.8120805369128,-5863
149.731543624161,11.8120805369128,-5882
149.798657718121,11.8120805369128,-5898
149.865771812081,11.8120805369128,-5900
149.93288590604,11.8120805369128,-5904
150,11.8120805369128,-5911
140,11.744966442953,-3103
140.06711409396,11.744966442953,-3157
140.134228187919,11.744966442953,-3316
140.201342281879,11.744966442953,-3591
140.268456375839,11.744966442953,-3845
140.335570469799,11.744966442953,-4107
140.402684563758,11.744966442953,-4333
140.469798657718,11.744966442953,-4479
140.536912751678,11.744966442953,-4516
140.604026845638,11.744966442953,-4324
140.671140939597,11.744966442953,-3833
140.738255033557,11.744966442953,-3483
140.805369127517,11.744966442953,-3515
140.872483221477,11.744966442953,-3545
140.939597315436,11.744966442953,-3539
141.006711409396,11.744966442953,-3432
141.073825503356,11.744966442953,-2983
141.140939597315,11.744966442953,-2703
141.208053691275,11.744966442953,-3123
141.275167785235,11.744966442953,-3535
141.342281879195,11.744966442953,-3617
141.409395973154,11.744966442953,-3698
141.476510067114,11.744966442953,-3614
141.543624161074,11.744966442953,-3899
141.610738255034,11.744966442953,-3915
141.677852348993,11.744966442953,-4086
141.744966442953,11.744966442953,-4884
141.812080536913,11.744966442953,-5001
141.879194630872,11.744966442953,-4929
141.946308724832,11.744966442953,-5206
142.013422818792,11.744966442953,-5326
142.080536912752,11.744966442953,-5461
142.147651006711,11.744966442953,-5270
142.214765100671,11.744966442953,-4384
142.281879194631,11.744966442953,-3779
142.348993288591,11.744966442953,-4503
142.41610738255,11.744966442953,-5154
142.48322147651,11.744966442953,-5313
142.55033557047,11.744966442953,-4895
142.61744966443,11.744966442953,-4603
142.684563758389,11.744966442953,-4528
142.751677852349,11.744966442953,-4106
142.818791946309,11.744966442953,-4027
142.885906040268,11.744966442953,-3970
142.953020134228,11.744966442953,-4074
143.020134228188,11.744966442953,-4244
143.087248322148,11.744966442953,-4553
143.154362416107,11.744966442953,-4808
143.221476510067,11.744966442953,-5296
143.288590604027,11.744966442953,-5642
143.355704697987,11.744966442953,-5486
143.422818791946,11.744966442953,-5664
143.489932885906,11.744966442953,-6494
143.557046979866,11.744966442953,-6918
143.624161073825,11.744966442953,-7324
143.691275167785,11.744966442953,-7592
143.758389261745,11.744966442953,-7948
143.825503355705,11.744966442953,-8409
143.892617449664,11.744966442953,-8767
143.959731543624,11.744966442953,-9035
144.026845637584,11.744966442953,-9082
144.093959731544,11.744966442953,-8955
144.161073825503,11.744966442953,-8708
144.228187919463,11.744966442953,-8086
144.295302013423,11.744966442953,-7879
144.362416107383,11.744966442953,-7598
144.429530201342,11.744966442953,-7175
144.496644295302,11.744966442953,-6634
144.563758389262,11.744966442953,-5702
144.630872483221,11.744966442953,-5602
144.697986577181,11.744966442953,-6303
144.765100671141,11.744966442953,-6850
144.832214765101,11.744966442953,-6880
144.89932885906,11.744966442953,-6675
144.96644295302,11.744966442953,-6639
145.03355704698,11.744966442953,-6529
145.10067114094,11.744966442953,-6301
145.167785234899,11.744966442953,-6112
145.234899328859,11.744966442953,-6062
145.302013422819,11.744966442953,-5926
145.369127516779,11.744966442953,-5846
145.436241610738,11.744966442953,-5752
145.503355704698,11.744966442953,-5647
145.570469798658,11.744966442953,-5540
145.637583892617,11.744966442953,-5514
145.704697986577,11.744966442953,-5542
145.771812080537,11.744966442953,-5564
145.838926174497,11.744966442953,-5560
145.906040268456,11.744966442953,-5632
145.973154362416,11.744966442953,-5652
146.040268456376,11.744966442953,-5724
146.107382550336,11.744966442953,-5810
146.174496644295,11.744966442953,-5849
146.241610738255,11.744966442953,-5844
146.308724832215,11.744966442953,-5798
146.375838926175,11.744966442953,-5916
146.442953020134,11.744966442953,-5977
146.510067114094,11.744966442953,-5947
146.577181208054,11.744966442953,-5979
146.644295302013,11.744966442953,-5888
146.711409395973,11.744966442953,-5661
146.778523489933,11.744966442953,-5729
146.845637583893,11.744966442953,-5773
146.912751677852,11.744966442953,-5807
146.979865771812,11.744966442953,-5772
147.046979865772,11.744966442953,-5760
147.114093959732,11.744966442953,-5703
147.181208053691,11.744966442953,-5721
147.248322147651,11.744966442953,-5717
147.315436241611,11.744966442953,-5553
147.38255033557,11.744966442953,-5475
147.44966442953,11.744966442953,-5540
147.51677852349,11.744966442953,-5530
147.58389261745,11.744966442953,-5567
147.651006711409,11.744966442953,-5591
147.718120805369,11.744966442953,-5659
147.785234899329,11.744966442953,-5697
147.852348993289,11.744966442953,-5689
147.919463087248,11.744966442953,-5717
147.986577181208,11.744966442953,-5748
148.053691275168,11.744966442953,-5745
148.120805369128,11.744966442953,-5728
148.187919463087,11.744966442953,-5721
148.255033557047,11.744966442953,-5662
148.322147651007,11.744966442953,-5663
148.389261744966,11.744966442953,-5746
148.456375838926,11.744966442953,-5776
148.523489932886,11.744966442953,-5813
148.590604026846,11.744966442953,-5800
148.657718120805,11.744966442953,-5762
148.724832214765,11.744966442953,-5759
148.791946308725,11.744966442953,-5783
148.859060402685,11.744966442953,-5787
148.926174496644,11.744966442953,-5783
148.993288590604,11.744966442953,-5817
149.060402684564,11.744966442953,-5827
149.127516778523,11.744966442953,-5776
149.194630872483,11.744966442953,-5789
149.261744966443,11.744966442953,-5795
149.328859060403,11.744966442953,-5801
149.395973154362,11.744966442953,-5826
149.463087248322,11.744966442953,-5872
149.530201342282,11.744966442953,-5855
149.597315436242,11.744966442953,-5846
149.664429530201,11.744966442953,-5864
149.731543624161,11.744966442953,-5869
149.798657718121,11.744966442953,-5882
149.865771812081,11.744966442953,-5896
149.93288590604,11.744966442953,-5899
150,11.744966442953,-5892
140,11.6778523489933,-2840
140.06711409396,11.6778523489933,-3001
140.134228187919,11.6778523489933,-3004
140.201342281879,11.6778523489933,-3236
140.268456375839,11.6778523489933,-3530
140.335570469799,11.6778523489933,-3858
140.402684563758,11.6778523489933,-4150
140.469798657718,11.6778523489933,-4310
140.536912751678,11.6778523489933,-4323
140.604026845638,11.6778523489933,-4190
140.671140939597,11.6778523489933,-3900
140.738255033557,11.6778523489933,-3644
140.805369127517,11.6778523489933,-3577
140.872483221477,11.6778523489933,-3606
140.939597315436,11.6778523489933,-3840
141.006711409396,11.6778523489933,-3534
141.073825503356,11.6778523489933,-3348
141.140939597315,11.6778523489933,-3310
141.208053691275,11.6778523489933,-3511
141.275167785235,11.6778523489933,-3814
141.342281879195,11.6778523489933,-3933
141.409395973154,11.6778523489933,-4139
141.476510067114,11.6778523489933,-4023
141.543624161074,11.6778523489933,-4437
141.610738255034,11.6778523489933,-5136
141.677852348993,11.6778523489933,-5278
141.744966442953,11.6778523489933,-5349
141.812080536913,11.6778523489933,-5295
141.879194630872,11.6778523489933,-5417
141.946308724832,11.6778523489933,-5509
142.013422818792,11.6778523489933,-5686
142.080536912752,11.6778523489933,-5956
142.147651006711,11.6778523489933,-5662
142.214765100671,11.6778523489933,-5546
142.281879194631,11.6778523489933,-5068
142.348993288591,11.6778523489933,-5430
142.41610738255,11.6778523489933,-5981
142.48322147651,11.6778523489933,-6414
142.55033557047,11.6778523489933,-6256
142.61744966443,11.6778523489933,-6070
142.684563758389,11.6778523489933,-5787
142.751677852349,11.6778523489933,-5487
142.818791946309,11.6778523489933,-5326
142.885906040268,11.6778523489933,-4908
142.953020134228,11.6778523489933,-4709
143.020134228188,11.6778523489933,-4848
143.087248322148,11.6778523489933,-5212
143.154362416107,11.6778523489933,-5723
143.221476510067,11.6778523489933,-6407
143.288590604027,11.6778523489933,-6703
143.355704697987,11.6778523489933,-6875
143.422818791946,11.6778523489933,-7160
143.489932885906,11.6778523489933,-7596
143.557046979866,11.6778523489933,-7931
143.624161073825,11.6778523489933,-8144
143.691275167785,11.6778523489933,-8363
143.758389261745,11.6778523489933,-8580
143.825503355705,11.6778523489933,-8850
143.892617449664,11.6778523489933,-9133
143.959731543624,11.6778523489933,-9225
144.026845637584,11.6778523489933,-8854
144.093959731544,11.6778523489933,-8395
144.161073825503,11.6778523489933,-7973
144.228187919463,11.6778523489933,-7569
144.295302013423,11.6778523489933,-7165
144.362416107383,11.6778523489933,-6794
144.429530201342,11.6778523489933,-6683
144.496644295302,11.6778523489933,-5987
144.563758389262,11.6778523489933,-5477
144.630872483221,11.6778523489933,-5196
144.697986577181,11.6778523489933,-5784
144.765100671141,11.6778523489933,-6325
144.832214765101,11.6778523489933,-6419
144.89932885906,11.6778523489933,-6360
144.96644295302,11.6778523489933,-6321
145.03355704698,11.6778523489933,-6161
145.10067114094,11.6778523489933,-5965
145.167785234899,11.6778523489933,-5874
145.234899328859,11.6778523489933,-5778
145.302013422819,11.6778523489933,-5653
145.369127516779,11.6778523489933,-5621
145.436241610738,11.6778523489933,-5601
145.503355704698,11.6778523489933,-5543
145.570469798658,11.6778523489933,-5505
145.637583892617,11.6778523489933,-5400
145.704697986577,11.6778523489933,-5377
145.771812080537,11.6778523489933,-5411
145.838926174497,11.6778523489933,-5428
145.906040268456,11.6778523489933,-5449
145.973154362416,11.6778523489933,-5449
146.040268456376,11.6778523489933,-5578
146.107382550336,11.6778523489933,-5749
146.174496644295,11.6778523489933,-5805
146.241610738255,11.6778523489933,-5792
146.308724832215,11.6778523489933,-5775
146.375838926175,11.6778523489933,-5798
146.442953020134,11.6778523489933,-5846
146.510067114094,11.6778523489933,-5874
146.577181208054,11.6778523489933,-5815
146.644295302013,11.6778523489933,-5711
146.711409395973,11.6778523489933,-5025
146.778523489933,11.6778523489933,-4450
146.845637583893,11.6778523489933,-4713
146.912751677852,11.6778523489933,-4903
146.979865771812,11.6778523489933,-4695
147.046979865772,11.6778523489933,-4822
147.114093959732,11.6778523489933,-5044
147.181208053691,11.6778523489933,-5429
147.248322147651,11.6778523489933,-5601
147.315436241611,11.6778523489933,-5556
147.38255033557,11.6778523489933,-5565
147.44966442953,11.6778523489933,-5659
147.51677852349,11.6778523489933,-5579
147.58389261745,11.6778523489933,-5577
147.651006711409,11.6778523489933,-5584
147.718120805369,11.6778523489933,-5621
147.785234899329,11.6778523489933,-5673
147.852348993289,11.6778523489933,-5706
147.919463087248,11.6778523489933,-5723
147.986577181208,11.6778523489933,-5754
148.053691275168,11.6778523489933,-5777
148.120805369128,11.6778523489933,-5798
148.187919463087,11.6778523489933,-5717
148.255033557047,11.6778523489933,-5621
148.322147651007,11.6778523489933,-5603
148.389261744966,11.6778523489933,-5758
148.456375838926,11.6778523489933,-5789
148.523489932886,11.6778523489933,-5763
148.590604026846,11.6778523489933,-5783
148.657718120805,11.6778523489933,-5788
148.724832214765,11.6778523489933,-5755
148.791946308725,11.6778523489933,-5755
148.859060402685,11.6778523489933,-5749
148.926174496644,11.6778523489933,-5785
148.993288590604,11.6778523489933,-5813
149.060402684564,11.6778523489933,-5806
149.127516778523,11.6778523489933,-5787
149.194630872483,11.6778523489933,-5801
149.261744966443,11.6778523489933,-5813
149.328859060403,11.6778523489933,-5797
149.395973154362,11.6778523489933,-5813
149.463087248322,11.6778523489933,-5830
149.530201342282,11.6778523489933,-5802
149.597315436242,11.6778523489933,-5817
149.664429530201,11.6778523489933,-5865
149.731543624161,11.6778523489933,-5905
149.798657718121,11.6778523489933,-5927
149.865771812081,11.6778523489933,-5895
149.93288590604,11.6778523489933,-5892
150,11.6778523489933,-5882
140,11.6107382550336,-2663
140.06711409396,11.6107382550336,-2604
140.134228187919,11.6107382550336,-2603
140.201342281879,11.6107382550336,-2913
140.268456375839,11.6107382550336,-3116
140.335570469799,11.6107382550336,-3461
140.402684563758,11.6107382550336,-3738
140.469798657718,11.6107382550336,-3769
140.536912751678,11.6107382550336,-3733
140.604026845638,11.6107382550336,-3745
140.671140939597,11.6107382550336,-3751
140.738255033557,11.6107382550336,-3693
140.805369127517,11.6107382550336,-3630
140.872483221477,11.6107382550336,-3504
140.939597315436,11.6107382550336,-3528
141.006711409396,11.6107382550336,-3562
141.073825503356,11.6107382550336,-3655
141.140939597315,11.6107382550336,-3650
141.208053691275,11.6107382550336,-3886
141.275167785235,11.6107382550336,-3904
141.342281879195,11.6107382550336,-3942
141.409395973154,11.6107382550336,-4382
141.476510067114,11.6107382550336,-4512
141.543624161074,11.6107382550336,-4422
141.610738255034,11.6107382550336,-4880
141.677852348993,11.6107382550336,-5805
141.744966442953,11.6107382550336,-5667
141.812080536913,11.6107382550336,-5936
141.879194630872,11.6107382550336,-6080
141.946308724832,11.6107382550336,-6003
142.013422818792,11.6107382550336,-6146
142.080536912752,11.6107382550336,-6697
142.147651006711,11.6107382550336,-6687
142.214765100671,11.6107382550336,-6819
142.281879194631,11.6107382550336,-6338
142.348993288591,11.6107382550336,-6472
142.41610738255,11.6107382550336,-7155
142.48322147651,11.6107382550336,-7229
142.55033557047,11.6107382550336,-7039
142.61744966443,11.6107382550336,-6852
142.684563758389,11.6107382550336,-6708
142.751677852349,11.6107382550336,-6533
142.818791946309,11.6107382550336,-6335
142.885906040268,11.6107382550336,-6093
142.953020134228,11.6107382550336,-6090
143.020134228188,11.6107382550336,-6201
143.087248322148,11.6107382550336,-6544
143.154362416107,11.6107382550336,-6865
143.221476510067,11.6107382550336,-7146
143.288590604027,11.6107382550336,-7292
143.355704697987,11.6107382550336,-7458
143.422818791946,11.6107382550336,-7671
143.489932885906,11.6107382550336,-8167
143.557046979866,11.6107382550336,-8529
143.624161073825,11.6107382550336,-8731
143.691275167785,11.6107382550336,-8898
143.758389261745,11.6107382550336,-8947
143.825503355705,11.6107382550336,-8950
143.892617449664,11.6107382550336,-8988
143.959731543624,11.6107382550336,-8856
144.026845637584,11.6107382550336,-8161
144.093959731544,11.6107382550336,-7531
144.161073825503,11.6107382550336,-7136
144.228187919463,11.6107382550336,-6772
144.295302013423,11.6107382550336,-6334
144.362416107383,11.6107382550336,-6080
144.429530201342,11.6107382550336,-6130
144.496644295302,11.6107382550336,-5874
144.563758389262,11.6107382550336,-5362
144.630872483221,11.6107382550336,-5280
144.697986577181,11.6107382550336,-5717
144.765100671141,11.6107382550336,-5964
144.832214765101,11.6107382550336,-6070
144.89932885906,11.6107382550336,-6093
144.96644295302,11.6107382550336,-5989
145.03355704698,11.6107382550336,-5866
145.10067114094,11.6107382550336,-5727
145.167785234899,11.6107382550336,-5590
145.234899328859,11.6107382550336,-5109
145.302013422819,11.6107382550336,-4779
145.369127516779,11.6107382550336,-5259
145.436241610738,11.6107382550336,-5469
145.503355704698,11.6107382550336,-5388
145.570469798658,11.6107382550336,-5372
145.637583892617,11.6107382550336,-5347
145.704697986577,11.6107382550336,-5354
145.771812080537,11.6107382550336,-5329
145.838926174497,11.6107382550336,-5331
145.906040268456,11.6107382550336,-5343
145.973154362416,11.6107382550336,-5321
146.040268456376,11.6107382550336,-5443
146.107382550336,11.6107382550336,-5629
146.174496644295,11.6107382550336,-5697
146.241610738255,11.6107382550336,-5658
146.308724832215,11.6107382550336,-5681
146.375838926175,11.6107382550336,-5684
146.442953020134,11.6107382550336,-5710
146.510067114094,11.6107382550336,-5730
146.577181208054,11.6107382550336,-5708
146.644295302013,11.6107382550336,-5629
146.711409395973,11.6107382550336,-5288
146.778523489933,11.6107382550336,-4783
146.845637583893,11.6107382550336,-3470
146.912751677852,11.6107382550336,-3120
146.979865771812,11.6107382550336,-2472
147.046979865772,11.6107382550336,-2672
147.114093959732,11.6107382550336,-3369
147.181208053691,11.6107382550336,-4475
147.248322147651,11.6107382550336,-5125
147.315436241611,11.6107382550336,-5538
147.38255033557,11.6107382550336,-5602
147.44966442953,11.6107382550336,-5659
147.51677852349,11.6107382550336,-5676
147.58389261745,11.6107382550336,-5692
147.651006711409,11.6107382550336,-5663
147.718120805369,11.6107382550336,-5637
147.785234899329,11.6107382550336,-5663
147.852348993289,11.6107382550336,-5715
147.919463087248,11.6107382550336,-5729
147.986577181208,11.6107382550336,-5729
148.053691275168,11.6107382550336,-5753
148.120805369128,11.6107382550336,-5794
148.187919463087,11.6107382550336,-5795
148.255033557047,11.6107382550336,-5695
148.322147651007,11.6107382550336,-5694
148.389261744966,11.6107382550336,-5813
148.456375838926,11.6107382550336,-5827
148.523489932886,11.6107382550336,-5766
148.590604026846,11.6107382550336,-5779
148.657718120805,11.6107382550336,-5824
148.724832214765,11.6107382550336,-5784
148.791946308725,11.6107382550336,-5746
148.859060402685,11.6107382550336,-5688
148.926174496644,11.6107382550336,-5708
148.993288590604,11.6107382550336,-5791
149.060402684564,11.6107382550336,-5822
149.127516778523,11.6107382550336,-5840
149.194630872483,11.6107382550336,-5807
149.261744966443,11.6107382550336,-5792
149.328859060403,11.6107382550336,-5801
149.395973154362,11.6107382550336,-5805
149.463087248322,11.6107382550336,-5793
149.530201342282,11.6107382550336,-5769
149.597315436242,11.6107382550336,-5799
149.664429530201,11.6107382550336,-5865
149.731543624161,11.6107382550336,-5905
149.798657718121,11.6107382550336,-5930
149.865771812081,11.6107382550336,-5896
149.93288590604,11.6107382550336,-5892
150,11.6107382550336,-5879
140,11.5436241610738,-2240
140.06711409396,11.5436241610738,-2387
140.134228187919,11.5436241610738,-2538
140.201342281879,11.5436241610738,-2769
140.268456375839,11.5436241610738,-2932
140.335570469799,11.5436241610738,-3144
140.402684563758,11.5436241610738,-3248
140.469798657718,11.5436241610738,-3350
140.536912751678,11.5436241610738,-3416
140.604026845638,11.5436241610738,-3565
140.671140939597,11.5436241610738,-3811
140.738255033557,11.5436241610738,-3863
140.805369127517,11.5436241610738,-3724
140.872483221477,11.5436241610738,-3475
140.939597315436,11.5436241610738,-3396
141.006711409396,11.5436241610738,-3454
141.073825503356,11.5436241610738,-3741
141.140939597315,11.5436241610738,-3678
141.208053691275,11.5436241610738,-3932
141.275167785235,11.5436241610738,-4022
141.342281879195,11.5436241610738,-4102
141.409395973154,11.5436241610738,-4663
141.476510067114,11.5436241610738,-5191
141.543624161074,11.5436241610738,-5452
141.610738255034,11.5436241610738,-6009
141.677852348993,11.5436241610738,-6575
141.744966442953,11.5436241610738,-6930
141.812080536913,11.5436241610738,-7034
141.879194630872,11.5436241610738,-6852
141.946308724832,11.5436241610738,-6799
142.013422818792,11.5436241610738,-6736
142.080536912752,11.5436241610738,-7034
142.147651006711,11.5436241610738,-7467
142.214765100671,11.5436241610738,-7609
142.281879194631,11.5436241610738,-7509
142.348993288591,11.5436241610738,-7978
142.41610738255,11.5436241610738,-8380
142.48322147651,11.5436241610738,-8214
142.55033557047,11.5436241610738,-7826
142.61744966443,11.5436241610738,-7657
142.684563758389,11.5436241610738,-7447
142.751677852349,11.5436241610738,-7154
142.818791946309,11.5436241610738,-7115
142.885906040268,11.5436241610738,-7231
142.953020134228,11.5436241610738,-7403
143.020134228188,11.5436241610738,-7643
143.087248322148,11.5436241610738,-7834
143.154362416107,11.5436241610738,-7836
143.221476510067,11.5436241610738,-7804
143.288590604027,11.5436241610738,-8023
143.355704697987,11.5436241610738,-8401
143.422818791946,11.5436241610738,-8483
143.489932885906,11.5436241610738,-8722
143.557046979866,11.5436241610738,-8857
143.624161073825,11.5436241610738,-8920
143.691275167785,11.5436241610738,-8945
143.758389261745,11.5436241610738,-8845
143.825503355705,11.5436241610738,-8676
143.892617449664,11.5436241610738,-8474
143.959731543624,11.5436241610738,-8113
144.026845637584,11.5436241610738,-7386
144.093959731544,11.5436241610738,-6834
144.161073825503,11.5436241610738,-6623
144.228187919463,11.5436241610738,-6279
144.295302013423,11.5436241610738,-5652
144.362416107383,11.5436241610738,-5426
144.429530201342,11.5436241610738,-5627
144.496644295302,11.5436241610738,-5721
144.563758389262,11.5436241610738,-5689
144.630872483221,11.5436241610738,-5583
144.697986577181,11.5436241610738,-5576
144.765100671141,11.5436241610738,-5640
144.832214765101,11.5436241610738,-5673
144.89932885906,11.5436241610738,-5768
144.96644295302,11.5436241610738,-5747
145.03355704698,11.5436241610738,-5598
145.10067114094,11.5436241610738,-5314
145.167785234899,11.5436241610738,-5317
145.234899328859,11.5436241610738,-5033
145.302013422819,11.5436241610738,-4969
145.369127516779,11.5436241610738,-5317
145.436241610738,11.5436241610738,-5438
145.503355704698,11.5436241610738,-5291
145.570469798658,11.5436241610738,-5057
145.637583892617,11.5436241610738,-5105
145.704697986577,11.5436241610738,-5268
145.771812080537,11.5436241610738,-5271
145.838926174497,11.5436241610738,-5269
145.906040268456,11.5436241610738,-5320
145.973154362416,11.5436241610738,-5320
146.040268456376,11.5436241610738,-5408
146.107382550336,11.5436241610738,-5518
146.174496644295,11.5436241610738,-5544
146.241610738255,11.5436241610738,-5532
146.308724832215,11.5436241610738,-5651
146.375838926175,11.5436241610738,-5676
146.442953020134,11.5436241610738,-5648
146.510067114094,11.5436241610738,-5675
146.577181208054,11.5436241610738,-5705
146.644295302013,11.5436241610738,-5660
146.711409395973,11.5436241610738,-5527
146.778523489933,11.5436241610738,-5066
146.845637583893,11.5436241610738,-3961
146.912751677852,11.5436241610738,-2710
146.979865771812,11.5436241610738,-1582
147.046979865772,11.5436241610738,-1632
147.114093959732,11.5436241610738,-2530
147.181208053691,11.5436241610738,-3819
147.248322147651,11.5436241610738,-4536
147.315436241611,11.5436241610738,-5350
147.38255033557,11.5436241610738,-5544
147.44966442953,11.5436241610738,-5607
147.51677852349,11.5436241610738,-5660
147.58389261745,11.5436241610738,-5669
147.651006711409,11.5436241610738,-5607
147.718120805369,11.5436241610738,-5641
147.785234899329,11.5436241610738,-5691
147.852348993289,11.5436241610738,-5716
147.919463087248,11.5436241610738,-5740
147.986577181208,11.5436241610738,-5762
148.053691275168,11.5436241610738,-5778
148.120805369128,11.5436241610738,-5772
148.187919463087,11.5436241610738,-5775
148.255033557047,11.5436241610738,-5767
148.322147651007,11.5436241610738,-5778
148.389261744966,11.5436241610738,-5837
148.456375838926,11.5436241610738,-5821
148.523489932886,11.5436241610738,-5776
148.590604026846,11.5436241610738,-5805
148.657718120805,11.5436241610738,-5836
148.724832214765,11.5436241610738,-5815
148.791946308725,11.5436241610738,-5829
148.859060402685,11.5436241610738,-5787
148.926174496644,11.5436241610738,-5755
148.993288590604,11.5436241610738,-5766
149.060402684564,11.5436241610738,-5796
149.127516778523,11.5436241610738,-5850
149.194630872483,11.5436241610738,-5792
149.261744966443,11.5436241610738,-5709
149.328859060403,11.5436241610738,-5772
149.395973154362,11.5436241610738,-5811
149.463087248322,11.5436241610738,-5816
149.530201342282,11.5436241610738,-5810
149.597315436242,11.5436241610738,-5830
149.664429530201,11.5436241610738,-5857
149.731543624161,11.5436241610738,-5855
149.798657718121,11.5436241610738,-5871
149.865771812081,11.5436241610738,-5891
149.93288590604,11.5436241610738,-5888
150,11.5436241610738,-5868
140,11.4765100671141,-2576
140.06711409396,11.4765100671141,-3171
140.134228187919,11.4765100671141,-3223
140.201342281879,11.4765100671141,-3045
140.268456375839,11.4765100671141,-3053
140.335570469799,11.4765100671141,-3062
140.402684563758,11.4765100671141,-3161
140.469798657718,11.4765100671141,-3307
140.536912751678,11.4765100671141,-3504
140.604026845638,11.4765100671141,-3695
140.671140939597,11.4765100671141,-4000
140.738255033557,11.4765100671141,-4118
140.805369127517,11.4765100671141,-3976
140.872483221477,11.4765100671141,-3756
140.939597315436,11.4765100671141,-3705
141.006711409396,11.4765100671141,-3774
141.073825503356,11.4765100671141,-3875
141.140939597315,11.4765100671141,-3816
141.208053691275,11.4765100671141,-4175
141.275167785235,11.4765100671141,-4250
141.342281879195,11.4765100671141,-4629
141.409395973154,11.4765100671141,-5351
141.476510067114,11.4765100671141,-5892
141.543624161074,11.4765100671141,-6421
141.610738255034,11.4765100671141,-6807
141.677852348993,11.4765100671141,-6951
141.744966442953,11.4765100671141,-7438
141.812080536913,11.4765100671141,-7512
141.879194630872,11.4765100671141,-7408
141.946308724832,11.4765100671141,-7552
142.013422818792,11.4765100671141,-7547
142.080536912752,11.4765100671141,-7536
142.147651006711,11.4765100671141,-8050
142.214765100671,11.4765100671141,-8690
142.281879194631,11.4765100671141,-9023
142.348993288591,11.4765100671141,-9123
142.41610738255,11.4765100671141,-9036
142.48322147651,11.4765100671141,-8813
142.55033557047,11.4765100671141,-8771
142.61744966443,11.4765100671141,-8582
142.684563758389,11.4765100671141,-8274
142.751677852349,11.4765100671141,-8400
142.818791946309,11.4765100671141,-8490
142.885906040268,11.4765100671141,-8473
142.953020134228,11.4765100671141,-8514
143.020134228188,11.4765100671141,-8678
143.087248322148,11.4765100671141,-8663
143.154362416107,11.4765100671141,-8755
143.221476510067,11.4765100671141,-8965
143.288590604027,11.4765100671141,-9147
143.355704697987,11.4765100671141,-9192
143.422818791946,11.4765100671141,-8986
143.489932885906,11.4765100671141,-8898
143.557046979866,11.4765100671141,-8758
143.624161073825,11.4765100671141,-8612
143.691275167785,11.4765100671141,-8522
143.758389261745,11.4765100671141,-8401
143.825503355705,11.4765100671141,-8222
143.892617449664,11.4765100671141,-7941
143.959731543624,11.4765100671141,-7524
144.026845637584,11.4765100671141,-6873
144.093959731544,11.4765100671141,-6452
144.161073825503,11.4765100671141,-6308
144.228187919463,11.4765100671141,-5980
144.295302013423,11.4765100671141,-5358
144.362416107383,11.4765100671141,-5273
144.429530201342,11.4765100671141,-5121
144.496644295302,11.4765100671141,-5272
144.563758389262,11.4765100671141,-5388
144.630872483221,11.4765100671141,-5374
144.697986577181,11.4765100671141,-5345
144.765100671141,11.4765100671141,-4941
144.832214765101,11.4765100671141,-4797
144.89932885906,11.4765100671141,-5155
144.96644295302,11.4765100671141,-5369
145.03355704698,11.4765100671141,-5375
145.10067114094,11.4765100671141,-5312
145.167785234899,11.4765100671141,-5218
145.234899328859,11.4765100671141,-5186
145.302013422819,11.4765100671141,-5221
145.369127516779,11.4765100671141,-5289
145.436241610738,11.4765100671141,-5396
145.503355704698,11.4765100671141,-5326
145.570469798658,11.4765100671141,-5009
145.637583892617,11.4765100671141,-4806
145.704697986577,11.4765100671141,-4981
145.771812080537,11.4765100671141,-5190
145.838926174497,11.4765100671141,-5268
145.906040268456,11.4765100671141,-5284
145.973154362416,11.4765100671141,-5295
146.040268456376,11.4765100671141,-5355
146.107382550336,11.4765100671141,-5388
146.174496644295,11.4765100671141,-5388
146.241610738255,11.4765100671141,-5446
146.308724832215,11.4765100671141,-5614
146.375838926175,11.4765100671141,-5666
146.442953020134,11.4765100671141,-5644
146.510067114094,11.4765100671141,-5693
146.577181208054,11.4765100671141,-5661
146.644295302013,11.4765100671141,-5591
146.711409395973,11.4765100671141,-5505
146.778523489933,11.4765100671141,-5159
146.845637583893,11.4765100671141,-4703
146.912751677852,11.4765100671141,-3752
146.979865771812,11.4765100671141,-2724
147.046979865772,11.4765100671141,-2304
147.114093959732,11.4765100671141,-3673
147.181208053691,11.4765100671141,-4465
147.248322147651,11.4765100671141,-5316
147.315436241611,11.4765100671141,-5719
147.38255033557,11.4765100671141,-5577
147.44966442953,11.4765100671141,-5608
147.51677852349,11.4765100671141,-5649
147.58389261745,11.4765100671141,-5626
147.651006711409,11.4765100671141,-5591
147.718120805369,11.4765100671141,-5649
147.785234899329,11.4765100671141,-5697
147.852348993289,11.4765100671141,-5674
147.919463087248,11.4765100671141,-5714
147.986577181208,11.4765100671141,-5733
148.053691275168,11.4765100671141,-5748
148.120805369128,11.4765100671141,-5749
148.187919463087,11.4765100671141,-5770
148.255033557047,11.4765100671141,-5772
148.322147651007,11.4765100671141,-5765
148.389261744966,11.4765100671141,-5773
148.456375838926,11.4765100671141,-5791
148.523489932886,11.4765100671141,-5811
148.590604026846,11.4765100671141,-5882
148.657718120805,11.4765100671141,-5863
148.724832214765,11.4765100671141,-5843
148.791946308725,11.4765100671141,-5887
148.859060402685,11.4765100671141,-5874
148.926174496644,11.4765100671141,-5838
148.993288590604,11.4765100671141,-5807
149.060402684564,11.4765100671141,-5789
149.127516778523,11.4765100671141,-5806
149.194630872483,11.4765100671141,-5796
149.261744966443,11.4765100671141,-5731
149.328859060403,11.4765100671141,-5774
149.395973154362,11.4765100671141,-5809
149.463087248322,11.4765100671141,-5831
149.530201342282,11.4765100671141,-5831
149.597315436242,11.4765100671141,-5835
149.664429530201,11.4765100671141,-5853
149.731543624161,11.4765100671141,-5857
149.798657718121,11.4765100671141,-5863
149.865771812081,11.4765100671141,-5888
149.93288590604,11.4765100671141,-5876
150,11.4765100671141,-5862
140,11.4093959731544,-2365
140.06711409396,11.4093959731544,-2705
140.134228187919,11.4093959731544,-2684
140.201342281879,11.4093959731544,-2814
140.268456375839,11.4093959731544,-3078
140.335570469799,11.4093959731544,-3164
140.402684563758,11.4093959731544,-3307
140.469798657718,11.4093959731544,-3518
140.536912751678,11.4093959731544,-3682
140.604026845638,11.4093959731544,-3846
140.671140939597,11.4093959731544,-4132
140.738255033557,11.4093959731544,-4186
140.805369127517,11.4093959731544,-4096
140.872483221477,11.4093959731544,-3870
140.939597315436,11.4093959731544,-3836
141.006711409396,11.4093959731544,-3992
141.073825503356,11.4093959731544,-3861
141.140939597315,11.4093959731544,-3609
141.208053691275,11.4093959731544,-3895
141.275167785235,11.4093959731544,-4828
141.342281879195,11.4093959731544,-5619
141.409395973154,11.4093959731544,-6190
141.476510067114,11.4093959731544,-6827
141.543624161074,11.4093959731544,-7089
141.610738255034,11.4093959731544,-7197
141.677852348993,11.4093959731544,-7514
141.744966442953,11.4093959731544,-7991
141.812080536913,11.4093959731544,-7714
141.879194630872,11.4093959731544,-7895
141.946308724832,11.4093959731544,-8095
142.013422818792,11.4093959731544,-8260
142.080536912752,11.4093959731544,-8496
142.147651006711,11.4093959731544,-9101
142.214765100671,11.4093959731544,-9675
142.281879194631,11.4093959731544,-9835
142.348993288591,11.4093959731544,-9963
142.41610738255,11.4093959731544,-9967
142.48322147651,11.4093959731544,-9971
142.55033557047,11.4093959731544,-9899
142.61744966443,11.4093959731544,-9833
142.684563758389,11.4093959731544,-9733
142.751677852349,11.4093959731544,-9771
142.818791946309,11.4093959731544,-9721
142.885906040268,11.4093959731544,-9562
142.953020134228,11.4093959731544,-9497
143.020134228188,11.4093959731544,-9401
143.087248322148,11.4093959731544,-9400
143.154362416107,11.4093959731544,-9053
143.221476510067,11.4093959731544,-9113
143.288590604027,11.4093959731544,-9083
143.355704697987,11.4093959731544,-8992
143.422818791946,11.4093959731544,-8808
143.489932885906,11.4093959731544,-8590
143.557046979866,11.4093959731544,-8335
143.624161073825,11.4093959731544,-8127
143.691275167785,11.4093959731544,-8039
143.758389261745,11.4093959731544,-7940
143.825503355705,11.4093959731544,-7733
143.892617449664,11.4093959731544,-7482
143.959731543624,11.4093959731544,-7294
144.026845637584,11.4093959731544,-6530
144.093959731544,11.4093959731544,-6104
144.161073825503,11.4093959731544,-5957
144.228187919463,11.4093959731544,-5806
144.295302013423,11.4093959731544,-5353
144.362416107383,11.4093959731544,-5085
144.429530201342,11.4093959731544,-4918
144.496644295302,11.4093959731544,-4924
144.563758389262,11.4093959731544,-4975
144.630872483221,11.4093959731544,-5074
144.697986577181,11.4093959731544,-4666
144.765100671141,11.4093959731544,-3744
144.832214765101,11.4093959731544,-3787
144.89932885906,11.4093959731544,-4227
144.96644295302,11.4093959731544,-4674
145.03355704698,11.4093959731544,-4910
145.10067114094,11.4093959731544,-5113
145.167785234899,11.4093959731544,-5118
145.234899328859,11.4093959731544,-5056
145.302013422819,11.4093959731544,-5088
145.369127516779,11.4093959731544,-5177
145.436241610738,11.4093959731544,-5205
145.503355704698,11.4093959731544,-5278
145.570469798658,11.4093959731544,-5091
145.637583892617,11.4093959731544,-4731
145.704697986577,11.4093959731544,-4690
145.771812080537,11.4093959731544,-5003
145.838926174497,11.4093959731544,-5221
145.906040268456,11.4093959731544,-5286
145.973154362416,11.4093959731544,-5294
146.040268456376,11.4093959731544,-5335
146.107382550336,11.4093959731544,-5320
146.174496644295,11.4093959731544,-5303
146.241610738255,11.4093959731544,-5355
146.308724832215,11.4093959731544,-5531
146.375838926175,11.4093959731544,-5610
146.442953020134,11.4093959731544,-5660
146.510067114094,11.4093959731544,-5772
146.577181208054,11.4093959731544,-5658
146.644295302013,11.4093959731544,-5572
146.711409395973,11.4093959731544,-5473
146.778523489933,11.4093959731544,-5257
146.845637583893,11.4093959731544,-4993
146.912751677852,11.4093959731544,-4585
146.979865771812,11.4093959731544,-4239
147.046979865772,11.4093959731544,-4152
147.114093959732,11.4093959731544,-4723
147.181208053691,11.4093959731544,-5235
147.248322147651,11.4093959731544,-5735
147.315436241611,11.4093959731544,-5789
147.38255033557,11.4093959731544,-5701
147.44966442953,11.4093959731544,-5691
147.51677852349,11.4093959731544,-5636
147.58389261745,11.4093959731544,-5625
147.651006711409,11.4093959731544,-5630
147.718120805369,11.4093959731544,-5714
147.785234899329,11.4093959731544,-5787
147.852348993289,11.4093959731544,-5728
147.919463087248,11.4093959731544,-5717
147.986577181208,11.4093959731544,-5717
148.053691275168,11.4093959731544,-5721
148.120805369128,11.4093959731544,-5728
148.187919463087,11.4093959731544,-5750
148.255033557047,11.4093959731544,-5767
148.322147651007,11.4093959731544,-5767
148.389261744966,11.4093959731544,-5773
148.456375838926,11.4093959731544,-5776
148.523489932886,11.4093959731544,-5781
148.590604026846,11.4093959731544,-5814
148.657718120805,11.4093959731544,-5860
148.724832214765,11.4093959731544,-5895
148.791946308725,11.4093959731544,-5909
148.859060402685,11.4093959731544,-5876
148.926174496644,11.4093959731544,-5868
148.993288590604,11.4093959731544,-5877
149.060402684564,11.4093959731544,-5805
149.127516778523,11.4093959731544,-5763
149.194630872483,11.4093959731544,-5785
149.261744966443,11.4093959731544,-5791
149.328859060403,11.4093959731544,-5794
149.395973154362,11.4093959731544,-5791
149.463087248322,11.4093959731544,-5804
149.530201342282,11.4093959731544,-5815
149.597315436242,11.4093959731544,-5829
149.664429530201,11.4093959731544,-5853
149.731543624161,11.4093959731544,-5882
149.798657718121,11.4093959731544,-5875
149.865771812081,11.4093959731544,-5880
149.93288590604,11.4093959731544,-5875
150,11.4093959731544,-5866
140,11.3422818791946,-2103
140.06711409396,11.3422818791946,-2027
140.134228187919,11.3422818791946,-2412
140.201342281879,11.3422818791946,-2974
140.268456375839,11.3422818791946,-3381
140.335570469799,11.3422818791946,-3669
140.402684563758,11.3422818791946,-3768
140.469798657718,11.3422818791946,-3779
140.536912751678,11.3422818791946,-3696
140.604026845638,11.3422818791946,-3672
140.671140939597,11.3422818791946,-3684
140.738255033557,11.3422818791946,-3629
140.805369127517,11.3422818791946,-3504
140.872483221477,11.3422818791946,-3494
140.939597315436,11.3422818791946,-3673
141.006711409396,11.3422818791946,-4124
141.073825503356,11.3422818791946,-4062
141.140939597315,11.3422818791946,-3875
141.208053691275,11.3422818791946,-4806
141.275167785235,11.3422818791946,-5560
141.342281879195,11.3422818791946,-6165
141.409395973154,11.3422818791946,-7161
141.476510067114,11.3422818791946,-7257
141.543624161074,11.3422818791946,-7231
141.610738255034,11.3422818791946,-7602
141.677852348993,11.3422818791946,-8018
141.744966442953,11.3422818791946,-7862
141.812080536913,11.3422818791946,-8076
141.879194630872,11.3422818791946,-8849
141.946308724832,11.3422818791946,-9038
142.013422818792,11.3422818791946,-9291
142.080536912752,11.3422818791946,-9770
142.147651006711,11.3422818791946,-10268
142.214765100671,11.3422818791946,-10312
142.281879194631,11.3422818791946,-10228
142.348993288591,11.3422818791946,-10577
142.41610738255,11.3422818791946,-10516
142.48322147651,11.3422818791946,-10481
142.55033557047,11.3422818791946,-10409
142.61744966443,11.3422818791946,-10114
142.684563758389,11.3422818791946,-9880
142.751677852349,11.3422818791946,-9726
142.818791946309,11.3422818791946,-9353
142.885906040268,11.3422818791946,-9159
142.953020134228,11.3422818791946,-9061
143.020134228188,11.3422818791946,-8937
143.087248322148,11.3422818791946,-8653
143.154362416107,11.3422818791946,-8449
143.221476510067,11.3422818791946,-8503
143.288590604027,11.3422818791946,-8477
143.355704697987,11.3422818791946,-8390
143.422818791946,11.3422818791946,-8327
143.489932885906,11.3422818791946,-8086
143.557046979866,11.3422818791946,-7849
143.624161073825,11.3422818791946,-7712
143.691275167785,11.3422818791946,-7647
143.758389261745,11.3422818791946,-7528
143.825503355705,11.3422818791946,-7249
143.892617449664,11.3422818791946,-7047
143.959731543624,11.3422818791946,-6836
144.026845637584,11.3422818791946,-6250
144.093959731544,11.3422818791946,-5790
144.161073825503,11.3422818791946,-5270
144.228187919463,11.3422818791946,-5233
144.295302013423,11.3422818791946,-5188
144.362416107383,11.3422818791946,-4804
144.429530201342,11.3422818791946,-4520
144.496644295302,11.3422818791946,-4662
144.563758389262,11.3422818791946,-4715
144.630872483221,11.3422818791946,-4815
144.697986577181,11.3422818791946,-4192
144.765100671141,11.3422818791946,-2915
144.832214765101,11.3422818791946,-2744
144.89932885906,11.3422818791946,-3213
144.96644295302,11.3422818791946,-3904
145.03355704698,11.3422818791946,-4484
145.10067114094,11.3422818791946,-4880
145.167785234899,11.3422818791946,-4988
145.234899328859,11.3422818791946,-4795
145.302013422819,11.3422818791946,-4804
145.369127516779,11.3422818791946,-5056
145.436241610738,11.3422818791946,-5044
145.503355704698,11.3422818791946,-5104
145.570469798658,11.3422818791946,-5055
145.637583892617,11.3422818791946,-4582
145.704697986577,11.3422818791946,-4024
145.771812080537,11.3422818791946,-4239
145.838926174497,11.3422818791946,-4648
145.906040268456,11.3422818791946,-5089
145.973154362416,11.3422818791946,-5256
146.040268456376,11.3422818791946,-5349
146.107382550336,11.3422818791946,-5370
146.174496644295,11.3422818791946,-5344
146.241610738255,11.3422818791946,-5311
146.308724832215,11.3422818791946,-5442
146.375838926175,11.3422818791946,-5549
146.442953020134,11.3422818791946,-5659
146.510067114094,11.3422818791946,-5783
146.577181208054,11.3422818791946,-5671
146.644295302013,11.3422818791946,-5518
146.711409395973,11.3422818791946,-5264
146.778523489933,11.3422818791946,-5076
146.845637583893,11.3422818791946,-4996
146.912751677852,11.3422818791946,-4836
146.979865771812,11.3422818791946,-4304
147.046979865772,11.3422818791946,-5094
147.114093959732,11.3422818791946,-5339
147.181208053691,11.3422818791946,-5477
147.248322147651,11.3422818791946,-5707
147.315436241611,11.3422818791946,-5773
147.38255033557,11.3422818791946,-5760
147.44966442953,11.3422818791946,-5801
147.51677852349,11.3422818791946,-5732
147.58389261745,11.3422818791946,-5673
147.651006711409,11.3422818791946,-5672
147.718120805369,11.3422818791946,-5739
147.785234899329,11.3422818791946,-5823
147.852348993289,11.3422818791946,-5783
147.919463087248,11.3422818791946,-5758
147.986577181208,11.3422818791946,-5726
148.053691275168,11.3422818791946,-5723
148.120805369128,11.3422818791946,-5736
148.187919463087,11.3422818791946,-5747
148.255033557047,11.3422818791946,-5759
148.322147651007,11.3422818791946,-5763
148.389261744966,11.3422818791946,-5770
148.456375838926,11.3422818791946,-5778
148.523489932886,11.3422818791946,-5781
148.590604026846,11.3422818791946,-5776
148.657718120805,11.3422818791946,-5776
148.724832214765,11.3422818791946,-5801
148.791946308725,11.3422818791946,-5865
148.859060402685,11.3422818791946,-5907
148.926174496644,11.3422818791946,-5936
148.993288590604,11.3422818791946,-5978
149.060402684564,11.3422818791946,-5944
149.127516778523,11.3422818791946,-5778
149.194630872483,11.3422818791946,-5698
149.261744966443,11.3422818791946,-5787
149.328859060403,11.3422818791946,-5808
149.395973154362,11.3422818791946,-5799
149.463087248322,11.3422818791946,-5800
149.530201342282,11.3422818791946,-5807
149.597315436242,11.3422818791946,-5833
149.664429530201,11.3422818791946,-5848
149.731543624161,11.3422818791946,-5875
149.798657718121,11.3422818791946,-5873
149.865771812081,11.3422818791946,-5874
149.93288590604,11.3422818791946,-5871
150,11.3422818791946,-5876
140,11.2751677852349,-2062
140.06711409396,11.2751677852349,-1928
140.134228187919,11.2751677852349,-2325
140.201342281879,11.2751677852349,-3371
140.268456375839,11.2751677852349,-4148
140.335570469799,11.2751677852349,-4458
140.402684563758,11.2751677852349,-4541
140.469798657718,11.2751677852349,-4412
140.536912751678,11.2751677852349,-4047
140.604026845638,11.2751677852349,-3732
140.671140939597,11.2751677852349,-3419
140.738255033557,11.2751677852349,-3104
140.805369127517,11.2751677852349,-2986
140.872483221477,11.2751677852349,-3222
140.939597315436,11.2751677852349,-3575
141.006711409396,11.2751677852349,-4264
141.073825503356,11.2751677852349,-4779
141.140939597315,11.2751677852349,-5076
141.208053691275,11.2751677852349,-6048
141.275167785235,11.2751677852349,-6655
141.342281879195,11.2751677852349,-7067
141.409395973154,11.2751677852349,-7349
141.476510067114,11.2751677852349,-7464
141.543624161074,11.2751677852349,-7770
141.610738255034,11.2751677852349,-8210
141.677852348993,11.2751677852349,-8586
141.744966442953,11.2751677852349,-8662
141.812080536913,11.2751677852349,-9311
141.879194630872,11.2751677852349,-9682
141.946308724832,11.2751677852349,-9860
142.013422818792,11.2751677852349,-9927
142.080536912752,11.2751677852349,-9948
142.147651006711,11.2751677852349,-10004
142.214765100671,11.2751677852349,-9947
142.281879194631,11.2751677852349,-9869
142.348993288591,11.2751677852349,-9797
142.41610738255,11.2751677852349,-9649
142.48322147651,11.2751677852349,-9463
142.55033557047,11.2751677852349,-9363
142.61744966443,11.2751677852349,-9286
142.684563758389,11.2751677852349,-9148
142.751677852349,11.2751677852349,-8859
142.818791946309,11.2751677852349,-8618
142.885906040268,11.2751677852349,-8572
142.953020134228,11.2751677852349,-8434
143.020134228188,11.2751677852349,-8239
143.087248322148,11.2751677852349,-8015
143.154362416107,11.2751677852349,-7940
143.221476510067,11.2751677852349,-7929
143.288590604027,11.2751677852349,-7815
143.355704697987,11.2751677852349,-7766
143.422818791946,11.2751677852349,-7726
143.489932885906,11.2751677852349,-7514
143.557046979866,11.2751677852349,-7332
143.624161073825,11.2751677852349,-7245
143.691275167785,11.2751677852349,-7188
143.758389261745,11.2751677852349,-7067
143.825503355705,11.2751677852349,-6826
143.892617449664,11.2751677852349,-6667
143.959731543624,11.2751677852349,-6350
144.026845637584,11.2751677852349,-5973
144.093959731544,11.2751677852349,-5439
144.161073825503,11.2751677852349,-4738
144.228187919463,11.2751677852349,-4428
144.295302013423,11.2751677852349,-4560
144.362416107383,11.2751677852349,-4129
144.429530201342,11.2751677852349,-3823
144.496644295302,11.2751677852349,-4103
144.563758389262,11.2751677852349,-4359
144.630872483221,11.2751677852349,-4533
144.697986577181,11.2751677852349,-4259
144.765100671141,11.2751677852349,-3471
144.832214765101,11.2751677852349,-3288
144.89932885906,11.2751677852349,-3664
144.96644295302,11.2751677852349,-4174
145.03355704698,11.2751677852349,-4550
145.10067114094,11.2751677852349,-4795
145.167785234899,11.2751677852349,-4859
145.234899328859,11.2751677852349,-4739
145.302013422819,11.2751677852349,-4813
145.369127516779,11.2751677852349,-4998
145.436241610738,11.2751677852349,-4996
145.503355704698,11.2751677852349,-4959
145.570469798658,11.2751677852349,-4679
145.637583892617,11.2751677852349,-4068
145.704697986577,11.2751677852349,-3802
145.771812080537,11.2751677852349,-3596
145.838926174497,11.2751677852349,-3917
145.906040268456,11.2751677852349,-4795
145.973154362416,11.2751677852349,-5173
146.040268456376,11.2751677852349,-5325
146.107382550336,11.2751677852349,-5405
146.174496644295,11.2751677852349,-5417
146.241610738255,11.2751677852349,-5391
146.308724832215,11.2751677852349,-5437
146.375838926175,11.2751677852349,-5519
146.442953020134,11.2751677852349,-5624
146.510067114094,11.2751677852349,-5655
146.577181208054,11.2751677852349,-5491
146.644295302013,11.2751677852349,-5140
146.711409395973,11.2751677852349,-4579
146.778523489933,11.2751677852349,-4152
146.845637583893,11.2751677852349,-4476
146.912751677852,11.2751677852349,-4814
146.979865771812,11.2751677852349,-4699
147.046979865772,11.2751677852349,-5273
147.114093959732,11.2751677852349,-5538
147.181208053691,11.2751677852349,-5611
147.248322147651,11.2751677852349,-5737
147.315436241611,11.2751677852349,-5752
147.38255033557,11.2751677852349,-5727
147.44966442953,11.2751677852349,-5763
147.51677852349,11.2751677852349,-5746
147.58389261745,11.2751677852349,-5716
147.651006711409,11.2751677852349,-5715
147.718120805369,11.2751677852349,-5695
147.785234899329,11.2751677852349,-5666
147.852348993289,11.2751677852349,-5683
147.919463087248,11.2751677852349,-5753
147.986577181208,11.2751677852349,-5733
148.053691275168,11.2751677852349,-5719
148.120805369128,11.2751677852349,-5691
148.187919463087,11.2751677852349,-5680
148.255033557047,11.2751677852349,-5728
148.322147651007,11.2751677852349,-5753
148.389261744966,11.2751677852349,-5757
148.456375838926,11.2751677852349,-5749
148.523489932886,11.2751677852349,-5769
148.590604026846,11.2751677852349,-5782
148.657718120805,11.2751677852349,-5790
148.724832214765,11.2751677852349,-5800
148.791946308725,11.2751677852349,-5797
148.859060402685,11.2751677852349,-5802
148.926174496644,11.2751677852349,-5835
148.993288590604,11.2751677852349,-5916
149.060402684564,11.2751677852349,-5983
149.127516778523,11.2751677852349,-5833
149.194630872483,11.2751677852349,-5658
149.261744966443,11.2751677852349,-5798
149.328859060403,11.2751677852349,-5831
149.395973154362,11.2751677852349,-5822
149.463087248322,11.2751677852349,-5831
149.530201342282,11.2751677852349,-5820
149.597315436242,11.2751677852349,-5831
149.664429530201,11.2751677852349,-5844
149.731543624161,11.2751677852349,-5854
149.798657718121,11.2751677852349,-5860
149.865771812081,11.2751677852349,-5854
149.93288590604,11.2751677852349,-5866
150,11.2751677852349,-5880
140,11.2080536912752,-2765
140.06711409396,11.2080536912752,-2751
140.134228187919,11.2080536912752,-3173
140.201342281879,11.2080536912752,-4019
140.268456375839,11.2080536912752,-4923
140.335570469799,11.2080536912752,-5158
140.402684563758,11.2080536912752,-5260
140.469798657718,11.2080536912752,-5137
140.536912751678,11.2080536912752,-4534
140.604026845638,11.2080536912752,-3833
140.671140939597,11.2080536912752,-3466
140.738255033557,11.2080536912752,-3287
140.805369127517,11.2080536912752,-3333
140.872483221477,11.2080536912752,-3801
140.939597315436,11.2080536912752,-4349
141.006711409396,11.2080536912752,-4946
141.073825503356,11.2080536912752,-5490
141.140939597315,11.2080536912752,-6189
141.208053691275,11.2080536912752,-6836
141.275167785235,11.2080536912752,-7119
141.342281879195,11.2080536912752,-7530
141.409395973154,11.2080536912752,-7789
141.476510067114,11.2080536912752,-7932
141.543624161074,11.2080536912752,-8398
141.610738255034,11.2080536912752,-8924
141.677852348993,11.2080536912752,-9256
141.744966442953,11.2080536912752,-9158
141.812080536913,11.2080536912752,-8974
141.879194630872,11.2080536912752,-9451
141.946308724832,11.2080536912752,-9564
142.013422818792,11.2080536912752,-9558
142.080536912752,11.2080536912752,-9640
142.147651006711,11.2080536912752,-9657
142.214765100671,11.2080536912752,-9422
142.281879194631,11.2080536912752,-9185
142.348993288591,11.2080536912752,-9078
142.41610738255,11.2080536912752,-8875
142.48322147651,11.2080536912752,-8734
142.55033557047,11.2080536912752,-8645
142.61744966443,11.2080536912752,-8520
142.684563758389,11.2080536912752,-8377
142.751677852349,11.2080536912752,-8236
142.818791946309,11.2080536912752,-8148
142.885906040268,11.2080536912752,-8019
142.953020134228,11.2080536912752,-7942
143.020134228188,11.2080536912752,-7812
143.087248322148,11.2080536912752,-7563
143.154362416107,11.2080536912752,-7426
143.221476510067,11.2080536912752,-7382
143.288590604027,11.2080536912752,-7301
143.355704697987,11.2080536912752,-7249
143.422818791946,11.2080536912752,-7165
143.489932885906,11.2080536912752,-7023
143.557046979866,11.2080536912752,-6901
143.624161073825,11.2080536912752,-6811
143.691275167785,11.2080536912752,-6727
143.758389261745,11.2080536912752,-6509
143.825503355705,11.2080536912752,-6350
143.892617449664,11.2080536912752,-6071
143.959731543624,11.2080536912752,-5501
144.026845637584,11.2080536912752,-5182
144.093959731544,11.2080536912752,-5147
144.161073825503,11.2080536912752,-5018
144.228187919463,11.2080536912752,-4573
144.295302013423,11.2080536912752,-4250
144.362416107383,11.2080536912752,-3889
144.429530201342,11.2080536912752,-3760
144.496644295302,11.2080536912752,-3889
144.563758389262,11.2080536912752,-3974
144.630872483221,11.2080536912752,-4167
144.697986577181,11.2080536912752,-4225
144.765100671141,11.2080536912752,-3859
144.832214765101,11.2080536912752,-3560
144.89932885906,11.2080536912752,-3707
144.96644295302,11.2080536912752,-4035
145.03355704698,11.2080536912752,-4402
145.10067114094,11.2080536912752,-4625
145.167785234899,11.2080536912752,-4701
145.234899328859,11.2080536912752,-4705
145.302013422819,11.2080536912752,-4843
145.369127516779,11.2080536912752,-4944
145.436241610738,11.2080536912752,-4978
145.503355704698,11.2080536912752,-4861
145.570469798658,11.2080536912752,-4511
145.637583892617,11.2080536912752,-3969
145.704697986577,11.2080536912752,-4071
145.771812080537,11.2080536912752,-4083
145.838926174497,11.2080536912752,-4087
145.906040268456,11.2080536912752,-4752
145.973154362416,11.2080536912752,-4995
146.040268456376,11.2080536912752,-5104
146.107382550336,11.2080536912752,-5287
146.174496644295,11.2080536912752,-5423
146.241610738255,11.2080536912752,-5453
146.308724832215,11.2080536912752,-5457
146.375838926175,11.2080536912752,-5473
146.442953020134,11.2080536912752,-5440
146.510067114094,11.2080536912752,-5314
146.577181208054,11.2080536912752,-4980
146.644295302013,11.2080536912752,-4205
146.711409395973,11.2080536912752,-3273
146.778523489933,11.2080536912752,-2762
146.845637583893,11.2080536912752,-3899
146.912751677852,11.2080536912752,-4847
146.979865771812,11.2080536912752,-4633
147.046979865772,11.2080536912752,-5435
147.114093959732,11.2080536912752,-5572
147.181208053691,11.2080536912752,-5606
147.248322147651,11.2080536912752,-5856
147.315436241611,11.2080536912752,-5907
147.38255033557,11.2080536912752,-5657
147.44966442953,11.2080536912752,-5220
147.51677852349,11.2080536912752,-5209
147.58389261745,11.2080536912752,-5638
147.651006711409,11.2080536912752,-5735
147.718120805369,11.2080536912752,-5651
147.785234899329,11.2080536912752,-5473
147.852348993289,11.2080536912752,-5509
147.919463087248,11.2080536912752,-5707
147.986577181208,11.2080536912752,-5724
148.053691275168,11.2080536912752,-5731
148.120805369128,11.2080536912752,-5704
148.187919463087,11.2080536912752,-5707
148.255033557047,11.2080536912752,-5726
148.322147651007,11.2080536912752,-5713
148.389261744966,11.2080536912752,-5758
148.456375838926,11.2080536912752,-5761
148.523489932886,11.2080536912752,-5786
148.590604026846,11.2080536912752,-5750
148.657718120805,11.2080536912752,-5790
148.724832214765,11.2080536912752,-5824
148.791946308725,11.2080536912752,-5835
148.859060402685,11.2080536912752,-5812
148.926174496644,11.2080536912752,-5798
148.993288590604,11.2080536912752,-5806
149.060402684564,11.2080536912752,-5852
149.127516778523,11.2080536912752,-5855
149.194630872483,11.2080536912752,-5795
149.261744966443,11.2080536912752,-5882
149.328859060403,11.2080536912752,-5851
149.395973154362,11.2080536912752,-5813
149.463087248322,11.2080536912752,-5826
149.530201342282,11.2080536912752,-5816
149.597315436242,11.2080536912752,-5843
149.664429530201,11.2080536912752,-5846
149.731543624161,11.2080536912752,-5845
149.798657718121,11.2080536912752,-5852
149.865771812081,11.2080536912752,-5854
149.93288590604,11.2080536912752,-5866
150,11.2080536912752,-5871
140,11.1409395973154,-4088
140.06711409396,11.1409395973154,-4394
140.134228187919,11.1409395973154,-4327
140.201342281879,11.1409395973154,-4373
140.268456375839,11.1409395973154,-4595
140.335570469799,11.1409395973154,-4561
140.402684563758,11.1409395973154,-4393
140.469798657718,11.1409395973154,-4000
140.536912751678,11.1409395973154,-3561
140.604026845638,11.1409395973154,-3288
140.671140939597,11.1409395973154,-3168
140.738255033557,11.1409395973154,-3565
140.805369127517,11.1409395973154,-4131
140.872483221477,11.1409395973154,-4902
140.939597315436,11.1409395973154,-5509
141.006711409396,11.1409395973154,-6069
141.073825503356,11.1409395973154,-6358
141.140939597315,11.1409395973154,-6872
141.208053691275,11.1409395973154,-7383
141.275167785235,11.1409395973154,-7677
141.342281879195,11.1409395973154,-8099
141.409395973154,11.1409395973154,-8455
141.476510067114,11.1409395973154,-8957
141.543624161074,11.1409395973154,-9416
141.610738255034,11.1409395973154,-9709
141.677852348993,11.1409395973154,-9540
141.744966442953,11.1409395973154,-8643
141.812080536913,11.1409395973154,-8531
141.879194630872,11.1409395973154,-8928
141.946308724832,11.1409395973154,-8860
142.013422818792,11.1409395973154,-8681
142.080536912752,11.1409395973154,-8679
142.147651006711,11.1409395973154,-8494
142.214765100671,11.1409395973154,-8502
142.281879194631,11.1409395973154,-8514
142.348993288591,11.1409395973154,-8461
142.41610738255,11.1409395973154,-8288
142.48322147651,11.1409395973154,-7948
142.55033557047,11.1409395973154,-7915
142.61744966443,11.1409395973154,-7935
142.684563758389,11.1409395973154,-7847
142.751677852349,11.1409395973154,-7765
142.818791946309,11.1409395973154,-7654
142.885906040268,11.1409395973154,-7509
142.953020134228,11.1409395973154,-7326
143.020134228188,11.1409395973154,-7174
143.087248322148,11.1409395973154,-7064
143.154362416107,11.1409395973154,-7000
143.221476510067,11.1409395973154,-6978
143.288590604027,11.1409395973154,-6935
143.355704697987,11.1409395973154,-6841
143.422818791946,11.1409395973154,-6727
143.489932885906,11.1409395973154,-6661
143.557046979866,11.1409395973154,-6602
143.624161073825,11.1409395973154,-6519
143.691275167785,11.1409395973154,-6395
143.758389261745,11.1409395973154,-6100
143.825503355705,11.1409395973154,-5752
143.892617449664,11.1409395973154,-5493
143.959731543624,11.1409395973154,-5087
144.026845637584,11.1409395973154,-4891
144.093959731544,11.1409395973154,-5042
144.161073825503,11.1409395973154,-5160
144.228187919463,11.1409395973154,-5076
144.295302013423,11.1409395973154,-4692
144.362416107383,11.1409395973154,-4275
144.429530201342,11.1409395973154,-4056
144.496644295302,11.1409395973154,-3774
144.563758389262,11.1409395973154,-3794
144.630872483221,11.1409395973154,-3949
144.697986577181,11.1409395973154,-3978
144.765100671141,11.1409395973154,-3639
144.832214765101,11.1409395973154,-3129
144.89932885906,11.1409395973154,-3016
144.96644295302,11.1409395973154,-3260
145.03355704698,11.1409395973154,-3797
145.10067114094,11.1409395973154,-4410
145.167785234899,11.1409395973154,-4567
145.234899328859,11.1409395973154,-4673
145.302013422819,11.1409395973154,-4737
145.369127516779,11.1409395973154,-4914
145.436241610738,11.1409395973154,-4974
145.503355704698,11.1409395973154,-4930
145.570469798658,11.1409395973154,-4765
145.637583892617,11.1409395973154,-4685
145.704697986577,11.1409395973154,-4797
145.771812080537,11.1409395973154,-4384
145.838926174497,11.1409395973154,-4221
145.906040268456,11.1409395973154,-4230
145.973154362416,11.1409395973154,-3914
146.040268456376,11.1409395973154,-3966
146.107382550336,11.1409395973154,-4570
146.174496644295,11.1409395973154,-5339
146.241610738255,11.1409395973154,-5434
146.308724832215,11.1409395973154,-5422
146.375838926175,11.1409395973154,-5404
146.442953020134,11.1409395973154,-5272
146.510067114094,11.1409395973154,-5006
146.577181208054,11.1409395973154,-4629
146.644295302013,11.1409395973154,-3787
146.711409395973,11.1409395973154,-2740
146.778523489933,11.1409395973154,-2453
146.845637583893,11.1409395973154,-3862
146.912751677852,11.1409395973154,-4869
146.979865771812,11.1409395973154,-5108
147.046979865772,11.1409395973154,-5443
147.114093959732,11.1409395973154,-5564
147.181208053691,11.1409395973154,-5604
147.248322147651,11.1409395973154,-5900
147.315436241611,11.1409395973154,-5939
147.38255033557,11.1409395973154,-5337
147.44966442953,11.1409395973154,-4548
147.51677852349,11.1409395973154,-4607
147.58389261745,11.1409395973154,-5331
147.651006711409,11.1409395973154,-5677
147.718120805369,11.1409395973154,-5682
147.785234899329,11.1409395973154,-5659
147.852348993289,11.1409395973154,-5627
147.919463087248,11.1409395973154,-5684
147.986577181208,11.1409395973154,-5722
148.053691275168,11.1409395973154,-5741
148.120805369128,11.1409395973154,-5713
148.187919463087,11.1409395973154,-5729
148.255033557047,11.1409395973154,-5742
148.322147651007,11.1409395973154,-5714
148.389261744966,11.1409395973154,-5824
148.456375838926,11.1409395973154,-5869
148.523489932886,11.1409395973154,-5577
148.590604026846,11.1409395973154,-5069
148.657718120805,11.1409395973154,-5294
148.724832214765,11.1409395973154,-5762
148.791946308725,11.1409395973154,-5820
148.859060402685,11.1409395973154,-5836
148.926174496644,11.1409395973154,-5839
148.993288590604,11.1409395973154,-5824
149.060402684564,11.1409395973154,-5819
149.127516778523,11.1409395973154,-5825
149.194630872483,11.1409395973154,-5843
149.261744966443,11.1409395973154,-5879
149.328859060403,11.1409395973154,-5857
149.395973154362,11.1409395973154,-5828
149.463087248322,11.1409395973154,-5848
149.530201342282,11.1409395973154,-5819
149.597315436242,11.1409395973154,-5831
149.664429530201,11.1409395973154,-5836
149.731543624161,11.1409395973154,-5835
149.798657718121,11.1409395973154,-5846
149.865771812081,11.1409395973154,-5857
149.93288590604,11.1409395973154,-5865
150,11.1409395973154,-5865
140,11.0738255033557,-3592
140.06711409396,11.0738255033557,-3647
140.134228187919,11.0738255033557,-3660
140.201342281879,11.0738255033557,-3469
140.268456375839,11.0738255033557,-3419
140.335570469799,11.0738255033557,-2986
140.402684563758,11.0738255033557,-2742
140.469798657718,11.0738255033557,-2683
140.536912751678,11.0738255033557,-2974
140.604026845638,11.0738255033557,-3363
140.671140939597,11.0738255033557,-3815
140.738255033557,11.0738255033557,-4384
140.805369127517,11.0738255033557,-4909
140.872483221477,11.0738255033557,-5495
140.939597315436,11.0738255033557,-6235
141.006711409396,11.0738255033557,-6612
141.073825503356,11.0738255033557,-6866
141.140939597315,11.0738255033557,-7393
141.208053691275,11.0738255033557,-8093
141.275167785235,11.0738255033557,-8626
141.342281879195,11.0738255033557,-9159
141.409395973154,11.0738255033557,-9525
141.476510067114,11.0738255033557,-9487
141.543624161074,11.0738255033557,-9153
141.610738255034,11.0738255033557,-8869
141.677852348993,11.0738255033557,-8596
141.744966442953,11.0738255033557,-7838
141.812080536913,11.0738255033557,-7827
141.879194630872,11.0738255033557,-7905
141.946308724832,11.0738255033557,-7581
142.013422818792,11.0738255033557,-7564
142.080536912752,11.0738255033557,-7651
142.147651006711,11.0738255033557,-7669
142.214765100671,11.0738255033557,-7590
142.281879194631,11.0738255033557,-7471
142.348993288591,11.0738255033557,-7349
142.41610738255,11.0738255033557,-7279
142.48322147651,11.0738255033557,-7244
142.55033557047,11.0738255033557,-7198
142.61744966443,11.0738255033557,-7258
142.684563758389,11.0738255033557,-7224
142.751677852349,11.0738255033557,-7172
142.818791946309,11.0738255033557,-7074
142.885906040268,11.0738255033557,-7003
142.953020134228,11.0738255033557,-6898
143.020134228188,11.0738255033557,-6766
143.087248322148,11.0738255033557,-6659
143.154362416107,11.0738255033557,-6507
143.221476510067,11.0738255033557,-6514
143.288590604027,11.0738255033557,-6517
143.355704697987,11.0738255033557,-6430
143.422818791946,11.0738255033557,-6323
143.489932885906,11.0738255033557,-6292
143.557046979866,11.0738255033557,-6229
143.624161073825,11.0738255033557,-6164
143.691275167785,11.0738255033557,-6080
143.758389261745,11.0738255033557,-5974
143.825503355705,11.0738255033557,-5571
143.892617449664,11.0738255033557,-5047
143.959731543624,11.0738255033557,-5121
144.026845637584,11.0738255033557,-5102
144.093959731544,11.0738255033557,-5062
144.161073825503,11.0738255033557,-4976
144.228187919463,11.0738255033557,-4961
144.295302013423,11.0738255033557,-4890
144.362416107383,11.0738255033557,-4553
144.429530201342,11.0738255033557,-4290
144.496644295302,11.0738255033557,-4040
144.563758389262,11.0738255033557,-3766
144.630872483221,11.0738255033557,-3840
144.697986577181,11.0738255033557,-3876
144.765100671141,11.0738255033557,-3487
144.832214765101,11.0738255033557,-2604
144.89932885906,11.0738255033557,-2112
144.96644295302,11.0738255033557,-2354
145.03355704698,11.0738255033557,-2888
145.10067114094,11.0738255033557,-3367
145.167785234899,11.0738255033557,-3669
145.234899328859,11.0738255033557,-4158
145.302013422819,11.0738255033557,-4485
145.369127516779,11.0738255033557,-4809
145.436241610738,11.0738255033557,-4951
145.503355704698,11.0738255033557,-4969
145.570469798658,11.0738255033557,-4918
145.637583892617,11.0738255033557,-4934
145.704697986577,11.0738255033557,-4675
145.771812080537,11.0738255033557,-4471
145.838926174497,11.0738255033557,-4144
145.906040268456,11.0738255033557,-3145
145.973154362416,11.0738255033557,-2475
146.040268456376,11.0738255033557,-2588
146.107382550336,11.0738255033557,-3563
146.174496644295,11.0738255033557,-4886
146.241610738255,11.0738255033557,-5319
146.308724832215,11.0738255033557,-5341
146.375838926175,11.0738255033557,-5328
146.442953020134,11.0738255033557,-5227
146.510067114094,11.0738255033557,-4959
146.577181208054,11.0738255033557,-4683
146.644295302013,11.0738255033557,-4313
146.711409395973,11.0738255033557,-3357
146.778523489933,11.0738255033557,-3797
146.845637583893,11.0738255033557,-5054
146.912751677852,11.0738255033557,-5213
146.979865771812,11.0738255033557,-5351
147.046979865772,11.0738255033557,-5477
147.114093959732,11.0738255033557,-5531
147.181208053691,11.0738255033557,-5520
147.248322147651,11.0738255033557,-5725
147.315436241611,11.0738255033557,-5700
147.38255033557,11.0738255033557,-5088
147.44966442953,11.0738255033557,-4508
147.51677852349,11.0738255033557,-4891
147.58389261745,11.0738255033557,-5562
147.651006711409,11.0738255033557,-5624
147.718120805369,11.0738255033557,-5620
147.785234899329,11.0738255033557,-5642
147.852348993289,11.0738255033557,-5635
147.919463087248,11.0738255033557,-5660
147.986577181208,11.0738255033557,-5668
148.053691275168,11.0738255033557,-5689
148.120805369128,11.0738255033557,-5711
148.187919463087,11.0738255033557,-5728
148.255033557047,11.0738255033557,-5744
148.322147651007,11.0738255033557,-5734
148.389261744966,11.0738255033557,-5861
148.456375838926,11.0738255033557,-5863
148.523489932886,11.0738255033557,-5044
148.590604026846,11.0738255033557,-4019
148.657718120805,11.0738255033557,-4724
148.724832214765,11.0738255033557,-5737
148.791946308725,11.0738255033557,-5807
148.859060402685,11.0738255033557,-5812
148.926174496644,11.0738255033557,-5812
148.993288590604,11.0738255033557,-5817
149.060402684564,11.0738255033557,-5833
149.127516778523,11.0738255033557,-5835
149.194630872483,11.0738255033557,-5822
149.261744966443,11.0738255033557,-5818
149.328859060403,11.0738255033557,-5826
149.395973154362,11.0738255033557,-5825
149.463087248322,11.0738255033557,-5863
149.530201342282,11.0738255033557,-5834
149.597315436242,11.0738255033557,-5822
149.664429530201,11.0738255033557,-5825
149.731543624161,11.0738255033557,-5829
149.798657718121,11.0738255033557,-5832
149.865771812081,11.0738255033557,-5852
149.93288590604,11.0738255033557,-5858
150,11.0738255033557,-5852
140,11.006711409396,-4350
140.06711409396,11.006711409396,-4150
140.134228187919,11.006711409396,-4021
140.201342281879,11.006711409396,-3624
140.268456375839,11.006711409396,-3362
140.335570469799,11.006711409396,-3003
140.402684563758,11.006711409396,-2963
140.469798657718,11.006711409396,-3356
140.536912751678,11.006711409396,-3976
140.604026845638,11.006711409396,-4342
140.671140939597,11.006711409396,-4505
140.738255033557,11.006711409396,-4938
140.805369127517,11.006711409396,-5459
140.872483221477,11.006711409396,-5962
140.939597315436,11.006711409396,-6415
141.006711409396,11.006711409396,-7007
141.073825503356,11.006711409396,-7768
141.140939597315,11.006711409396,-8363
141.208053691275,11.006711409396,-8822
141.275167785235,11.006711409396,-8938
141.342281879195,11.006711409396,-8807
141.409395973154,11.006711409396,-8529
141.476510067114,11.006711409396,-8330
141.543624161074,11.006711409396,-8509
141.610738255034,11.006711409396,-8527
141.677852348993,11.006711409396,-8050
141.744966442953,11.006711409396,-7417
141.812080536913,11.006711409396,-7375
141.879194630872,11.006711409396,-7237
141.946308724832,11.006711409396,-7077
142.013422818792,11.006711409396,-7068
142.080536912752,11.006711409396,-6885
142.147651006711,11.006711409396,-6874
142.214765100671,11.006711409396,-6869
142.281879194631,11.006711409396,-6845
142.348993288591,11.006711409396,-6876
142.41610738255,11.006711409396,-6898
142.48322147651,11.006711409396,-6822
142.55033557047,11.006711409396,-6697
142.61744966443,11.006711409396,-6667
142.684563758389,11.006711409396,-6687
142.751677852349,11.006711409396,-6707
142.818791946309,11.006711409396,-6674
142.885906040268,11.006711409396,-6551
142.953020134228,11.006711409396,-6402
143.020134228188,11.006711409396,-6320
143.087248322148,11.006711409396,-6127
143.154362416107,11.006711409396,-5773
143.221476510067,11.006711409396,-6033
143.288590604027,11.006711409396,-6153
143.355704697987,11.006711409396,-6114
143.422818791946,11.006711409396,-6035
143.489932885906,11.006711409396,-6001
143.557046979866,11.006711409396,-5906
143.624161073825,11.006711409396,-5840
143.691275167785,11.006711409396,-5818
143.758389261745,11.006711409396,-5731
143.825503355705,11.006711409396,-5248
143.892617449664,11.006711409396,-4419
143.959731543624,11.006711409396,-3894
144.026845637584,11.006711409396,-4206
144.093959731544,11.006711409396,-4516
144.161073825503,11.006711409396,-4668
144.228187919463,11.006711409396,-4624
144.295302013423,11.006711409396,-4645
144.362416107383,11.006711409396,-4528
144.429530201342,11.006711409396,-4292
144.496644295302,11.006711409396,-4106
144.563758389262,11.006711409396,-3698
144.630872483221,11.006711409396,-3453
144.697986577181,11.006711409396,-3508
144.765100671141,11.006711409396,-3384
144.832214765101,11.006711409396,-2710
144.89932885906,11.006711409396,-1993
144.96644295302,11.006711409396,-2010
145.03355704698,11.006711409396,-2397
145.10067114094,11.006711409396,-2743
145.167785234899,11.006711409396,-3022
145.234899328859,11.006711409396,-3405
145.302013422819,11.006711409396,-3719
145.369127516779,11.006711409396,-4175
145.436241610738,11.006711409396,-4717
145.503355704698,11.006711409396,-4827
145.570469798658,11.006711409396,-4842
145.637583892617,11.006711409396,-4786
145.704697986577,11.006711409396,-4868
145.771812080537,11.006711409396,-4885
145.838926174497,11.006711409396,-4637
145.906040268456,11.006711409396,-3846
145.973154362416,11.006711409396,-3690
146.040268456376,11.006711409396,-3608
146.107382550336,11.006711409396,-3643
146.174496644295,11.006711409396,-4541
146.241610738255,11.006711409396,-5060
146.308724832215,11.006711409396,-5199
146.375838926175,11.006711409396,-5187
146.442953020134,11.006711409396,-5105
146.510067114094,11.006711409396,-4948
146.577181208054,11.006711409396,-4827
146.644295302013,11.006711409396,-4856
146.711409395973,11.006711409396,-4835
146.778523489933,11.006711409396,-5151
146.845637583893,11.006711409396,-5479
146.912751677852,11.006711409396,-5394
146.979865771812,11.006711409396,-5340
147.046979865772,11.006711409396,-5416
147.114093959732,11.006711409396,-5472
147.181208053691,11.006711409396,-5448
147.248322147651,11.006711409396,-5632
147.315436241611,11.006711409396,-5701
147.38255033557,11.006711409396,-5479
147.44966442953,11.006711409396,-5362
147.51677852349,11.006711409396,-5597
147.58389261745,11.006711409396,-5736
147.651006711409,11.006711409396,-5599
147.718120805369,11.006711409396,-5546
147.785234899329,11.006711409396,-5576
147.852348993289,11.006711409396,-5588
147.919463087248,11.006711409396,-5639
147.986577181208,11.006711409396,-5680
148.053691275168,11.006711409396,-5659
148.120805369128,11.006711409396,-5684
148.187919463087,11.006711409396,-5741
148.255033557047,11.006711409396,-5764
148.322147651007,11.006711409396,-5755
148.389261744966,11.006711409396,-5808
148.456375838926,11.006711409396,-5790
148.523489932886,11.006711409396,-5260
148.590604026846,11.006711409396,-4787
148.657718120805,11.006711409396,-5177
148.724832214765,11.006711409396,-5785
148.791946308725,11.006711409396,-5795
148.859060402685,11.006711409396,-5806
148.926174496644,11.006711409396,-5806
148.993288590604,11.006711409396,-5800
149.060402684564,11.006711409396,-5810
149.127516778523,11.006711409396,-5812
149.194630872483,11.006711409396,-5830
149.261744966443,11.006711409396,-5829
149.328859060403,11.006711409396,-5817
149.395973154362,11.006711409396,-5809
149.463087248322,11.006711409396,-5809
149.530201342282,11.006711409396,-5825
149.597315436242,11.006711409396,-5847
149.664429530201,11.006711409396,-5825
149.731543624161,11.006711409396,-5823
149.798657718121,11.006711409396,-5829
149.865771812081,11.006711409396,-5848
149.93288590604,11.006711409396,-5855
150,11.006711409396,-5854
140,10.9395973154362,-5418
140.06711409396,10.9395973154362,-5251
140.134228187919,10.9395973154362,-5006
140.201342281879,10.9395973154362,-4355
140.268456375839,10.9395973154362,-4121
140.335570469799,10.9395973154362,-4269
140.402684563758,10.9395973154362,-4270
140.469798657718,10.9395973154362,-4335
140.536912751678,10.9395973154362,-4645
140.604026845638,10.9395973154362,-4925
140.671140939597,10.9395973154362,-5188
140.738255033557,10.9395973154362,-5598
140.805369127517,10.9395973154362,-6162
140.872483221477,10.9395973154362,-6651
140.939597315436,10.9395973154362,-7192
141.006711409396,10.9395973154362,-7615
141.073825503356,10.9395973154362,-8048
141.140939597315,10.9395973154362,-8153
141.208053691275,10.9395973154362,-7997
141.275167785235,10.9395973154362,-7712
141.342281879195,10.9395973154362,-7544
141.409395973154,10.9395973154362,-7530
141.476510067114,10.9395973154362,-7667
141.543624161074,10.9395973154362,-7765
141.610738255034,10.9395973154362,-7677
141.677852348993,10.9395973154362,-7351
141.744966442953,10.9395973154362,-7242
141.812080536913,10.9395973154362,-6923
141.879194630872,10.9395973154362,-6638
141.946308724832,10.9395973154362,-6443
142.013422818792,10.9395973154362,-6287
142.080536912752,10.9395973154362,-6359
142.147651006711,10.9395973154362,-6417
142.214765100671,10.9395973154362,-6452
142.281879194631,10.9395973154362,-6468
142.348993288591,10.9395973154362,-6516
142.41610738255,10.9395973154362,-6524
142.48322147651,10.9395973154362,-6389
142.55033557047,10.9395973154362,-6258
142.61744966443,10.9395973154362,-6333
142.684563758389,10.9395973154362,-6401
142.751677852349,10.9395973154362,-6356
142.818791946309,10.9395973154362,-6304
142.885906040268,10.9395973154362,-6250
142.953020134228,10.9395973154362,-6143
143.020134228188,10.9395973154362,-6000
143.087248322148,10.9395973154362,-5917
143.154362416107,10.9395973154362,-5862
143.221476510067,10.9395973154362,-5829
143.288590604027,10.9395973154362,-5835
143.355704697987,10.9395973154362,-5799
143.422818791946,10.9395973154362,-5763
143.489932885906,10.9395973154362,-5756
143.557046979866,10.9395973154362,-5673
143.624161073825,10.9395973154362,-5631
143.691275167785,10.9395973154362,-5618
143.758389261745,10.9395973154362,-5524
143.825503355705,10.9395973154362,-5196
143.892617449664,10.9395973154362,-4599
143.959731543624,10.9395973154362,-3730
144.026845637584,10.9395973154362,-3454
144.093959731544,10.9395973154362,-3547
144.161073825503,10.9395973154362,-3753
144.228187919463,10.9395973154362,-4068
144.295302013423,10.9395973154362,-4266
144.362416107383,10.9395973154362,-4342
144.429530201342,10.9395973154362,-4281
144.496644295302,10.9395973154362,-4097
144.563758389262,10.9395973154362,-3659
144.630872483221,10.9395973154362,-2990
144.697986577181,10.9395973154362,-2936
144.765100671141,10.9395973154362,-3126
144.832214765101,10.9395973154362,-3151
144.89932885906,10.9395973154362,-2682
144.96644295302,10.9395973154362,-2277
145.03355704698,10.9395973154362,-2554
145.10067114094,10.9395973154362,-3071
145.167785234899,10.9395973154362,-3513
145.234899328859,10.9395973154362,-3674
145.302013422819,10.9395973154362,-3911
145.369127516779,10.9395973154362,-4304
145.436241610738,10.9395973154362,-4531
145.503355704698,10.9395973154362,-4439
145.570469798658,10.9395973154362,-4278
145.637583892617,10.9395973154362,-4320
145.704697986577,10.9395973154362,-4750
145.771812080537,10.9395973154362,-4973
145.838926174497,10.9395973154362,-4963
145.906040268456,10.9395973154362,-4893
145.973154362416,10.9395973154362,-5048
146.040268456376,10.9395973154362,-4959
146.107382550336,10.9395973154362,-4690
146.174496644295,10.9395973154362,-4818
146.241610738255,10.9395973154362,-4851
146.308724832215,10.9395973154362,-4841
146.375838926175,10.9395973154362,-4905
146.442953020134,10.9395973154362,-4938
146.510067114094,10.9395973154362,-4934
146.577181208054,10.9395973154362,-4984
146.644295302013,10.9395973154362,-5097
146.711409395973,10.9395973154362,-5180
146.778523489933,10.9395973154362,-5246
146.845637583893,10.9395973154362,-5269
146.912751677852,10.9395973154362,-5262
146.979865771812,10.9395973154362,-5268
147.046979865772,10.9395973154362,-5336
147.114093959732,10.9395973154362,-5399
147.181208053691,10.9395973154362,-5401
147.248322147651,10.9395973154362,-5541
147.315436241611,10.9395973154362,-5678
147.38255033557,10.9395973154362,-5646
147.44966442953,10.9395973154362,-5656
147.51677852349,10.9395973154362,-5759
147.58389261745,10.9395973154362,-5743
147.651006711409,10.9395973154362,-5633
147.718120805369,10.9395973154362,-5577
147.785234899329,10.9395973154362,-5546
147.852348993289,10.9395973154362,-5521
147.919463087248,10.9395973154362,-5522
147.986577181208,10.9395973154362,-5586
148.053691275168,10.9395973154362,-5637
148.120805369128,10.9395973154362,-5655
148.187919463087,10.9395973154362,-5728
148.255033557047,10.9395973154362,-5762
148.322147651007,10.9395973154362,-5762
148.389261744966,10.9395973154362,-5784
148.456375838926,10.9395973154362,-5794
148.523489932886,10.9395973154362,-5799
148.590604026846,10.9395973154362,-5960
148.657718120805,10.9395973154362,-6058
148.724832214765,10.9395973154362,-5933
148.791946308725,10.9395973154362,-5814
148.859060402685,10.9395973154362,-5789
148.926174496644,10.9395973154362,-5819
148.993288590604,10.9395973154362,-5817
149.060402684564,10.9395973154362,-5815
149.127516778523,10.9395973154362,-5841
149.194630872483,10.9395973154362,-5817
149.261744966443,10.9395973154362,-5803
149.328859060403,10.9395973154362,-5825
149.395973154362,10.9395973154362,-5820
149.463087248322,10.9395973154362,-5811
149.530201342282,10.9395973154362,-5807
149.597315436242,10.9395973154362,-5810
149.664429530201,10.9395973154362,-5817
149.731543624161,10.9395973154362,-5827
149.798657718121,10.9395973154362,-5853
149.865771812081,10.9395973154362,-5875
149.93288590604,10.9395973154362,-5877
150,10.9395973154362,-5856
140,10.8724832214765,-5162
140.06711409396,10.8724832214765,-5415
140.134228187919,10.8724832214765,-5546
140.201342281879,10.8724832214765,-5355
140.268456375839,10.8724832214765,-5337
140.335570469799,10.8724832214765,-5470
140.402684563758,10.8724832214765,-5339
140.469798657718,10.8724832214765,-5173
140.536912751678,10.8724832214765,-5393
140.604026845638,10.8724832214765,-5679
140.671140939597,10.8724832214765,-5926
140.738255033557,10.8724832214765,-6215
140.805369127517,10.8724832214765,-6557
140.872483221477,10.8724832214765,-6930
140.939597315436,10.8724832214765,-7652
141.006711409396,10.8724832214765,-7862
141.073825503356,10.8724832214765,-7796
141.140939597315,10.8724832214765,-7650
141.208053691275,10.8724832214765,-7557
141.275167785235,10.8724832214765,-7277
141.342281879195,10.8724832214765,-7017
141.409395973154,10.8724832214765,-6995
141.476510067114,10.8724832214765,-6804
141.543624161074,10.8724832214765,-6769
141.610738255034,10.8724832214765,-6504
141.677852348993,10.8724832214765,-5859
141.744966442953,10.8724832214765,-5908
141.812080536913,10.8724832214765,-5755
141.879194630872,10.8724832214765,-5808
141.946308724832,10.8724832214765,-5694
142.013422818792,10.8724832214765,-5747
142.080536912752,10.8724832214765,-5946
142.147651006711,10.8724832214765,-6025
142.214765100671,10.8724832214765,-6098
142.281879194631,10.8724832214765,-6149
142.348993288591,10.8724832214765,-6098
142.41610738255,10.8724832214765,-6036
142.48322147651,10.8724832214765,-6046
142.55033557047,10.8724832214765,-6085
142.61744966443,10.8724832214765,-6063
142.684563758389,10.8724832214765,-6024
142.751677852349,10.8724832214765,-6043
142.818791946309,10.8724832214765,-6033
142.885906040268,10.8724832214765,-5944
142.953020134228,10.8724832214765,-5856
143.020134228188,10.8724832214765,-5775
143.087248322148,10.8724832214765,-5715
143.154362416107,10.8724832214765,-5677
143.221476510067,10.8724832214765,-5645
143.288590604027,10.8724832214765,-5611
143.355704697987,10.8724832214765,-5550
143.422818791946,10.8724832214765,-5511
143.489932885906,10.8724832214765,-5498
143.557046979866,10.8724832214765,-5467
143.624161073825,10.8724832214765,-5440
143.691275167785,10.8724832214765,-5438
143.758389261745,10.8724832214765,-5408
143.825503355705,10.8724832214765,-5345
143.892617449664,10.8724832214765,-5104
143.959731543624,10.8724832214765,-4222
144.026845637584,10.8724832214765,-3787
144.093959731544,10.8724832214765,-3248
144.161073825503,10.8724832214765,-3247
144.228187919463,10.8724832214765,-3796
144.295302013423,10.8724832214765,-4048
144.362416107383,10.8724832214765,-4169
144.429530201342,10.8724832214765,-4207
144.496644295302,10.8724832214765,-4099
144.563758389262,10.8724832214765,-3784
144.630872483221,10.8724832214765,-2997
144.697986577181,10.8724832214765,-2606
144.765100671141,10.8724832214765,-2778
144.832214765101,10.8724832214765,-3104
144.89932885906,10.8724832214765,-3079
144.96644295302,10.8724832214765,-2844
145.03355704698,10.8724832214765,-3045
145.10067114094,10.8724832214765,-3583
145.167785234899,10.8724832214765,-4023
145.234899328859,10.8724832214765,-4141
145.302013422819,10.8724832214765,-4313
145.369127516779,10.8724832214765,-4363
145.436241610738,10.8724832214765,-4326
145.503355704698,10.8724832214765,-4093
145.570469798658,10.8724832214765,-3687
145.637583892617,10.8724832214765,-3656
145.704697986577,10.8724832214765,-4226
145.771812080537,10.8724832214765,-4763
145.838926174497,10.8724832214765,-5018
145.906040268456,10.8724832214765,-5145
145.973154362416,10.8724832214765,-5334
146.040268456376,10.8724832214765,-5281
146.107382550336,10.8724832214765,-5156
146.174496644295,10.8724832214765,-4854
146.241610738255,10.8724832214765,-4413
146.308724832215,10.8724832214765,-4286
146.375838926175,10.8724832214765,-4614
146.442953020134,10.8724832214765,-4916
146.510067114094,10.8724832214765,-5041
146.577181208054,10.8724832214765,-5134
146.644295302013,10.8724832214765,-5162
146.711409395973,10.8724832214765,-5209
146.778523489933,10.8724832214765,-5181
146.845637583893,10.8724832214765,-5165
146.912751677852,10.8724832214765,-5190
146.979865771812,10.8724832214765,-5189
147.046979865772,10.8724832214765,-5244
147.114093959732,10.8724832214765,-5333
147.181208053691,10.8724832214765,-5366
147.248322147651,10.8724832214765,-5458
147.315436241611,10.8724832214765,-5582
147.38255033557,10.8724832214765,-5535
147.44966442953,10.8724832214765,-5511
147.51677852349,10.8724832214765,-5612
147.58389261745,10.8724832214765,-5614
147.651006711409,10.8724832214765,-5580
147.718120805369,10.8724832214765,-5483
147.785234899329,10.8724832214765,-5363
147.852348993289,10.8724832214765,-5385
147.919463087248,10.8724832214765,-5179
147.986577181208,10.8724832214765,-5021
148.053691275168,10.8724832214765,-5357
148.120805369128,10.8724832214765,-5613
148.187919463087,10.8724832214765,-5702
148.255033557047,10.8724832214765,-5733
148.322147651007,10.8724832214765,-5725
148.389261744966,10.8724832214765,-5757
148.456375838926,10.8724832214765,-5787
148.523489932886,10.8724832214765,-5839
148.590604026846,10.8724832214765,-6018
148.657718120805,10.8724832214765,-6111
148.724832214765,10.8724832214765,-5951
148.791946308725,10.8724832214765,-5842
148.859060402685,10.8724832214765,-5857
148.926174496644,10.8724832214765,-5842
148.993288590604,10.8724832214765,-5814
149.060402684564,10.8724832214765,-5801
149.127516778523,10.8724832214765,-5834
149.194630872483,10.8724832214765,-5809
149.261744966443,10.8724832214765,-5799
149.328859060403,10.8724832214765,-5826
149.395973154362,10.8724832214765,-5747
149.463087248322,10.8724832214765,-5775
149.530201342282,10.8724832214765,-5819
149.597315436242,10.8724832214765,-5808
149.664429530201,10.8724832214765,-5810
149.731543624161,10.8724832214765,-5816
149.798657718121,10.8724832214765,-5834
149.865771812081,10.8724832214765,-5863
149.93288590604,10.8724832214765,-5899
150,10.8724832214765,-5868
140,10.8053691275168,-4609
140.06711409396,10.8053691275168,-4825
140.134228187919,10.8053691275168,-5352
140.201342281879,10.8053691275168,-5490
140.268456375839,10.8053691275168,-5273
140.335570469799,10.8053691275168,-5305
140.402684563758,10.8053691275168,-5407
140.469798657718,10.8053691275168,-5600
140.536912751678,10.8053691275168,-5691
140.604026845638,10.8053691275168,-5641
140.671140939597,10.8053691275168,-5736
140.738255033557,10.8053691275168,-5931
140.805369127517,10.8053691275168,-6045
140.872483221477,10.8053691275168,-6464
140.939597315436,10.8053691275168,-6830
141.006711409396,10.8053691275168,-6814
141.073825503356,10.8053691275168,-6557
141.140939597315,10.8053691275168,-6536
141.208053691275,10.8053691275168,-6511
141.275167785235,10.8053691275168,-6331
141.342281879195,10.8053691275168,-6038
141.409395973154,10.8053691275168,-5941
141.476510067114,10.8053691275168,-5897
141.543624161074,10.8053691275168,-5869
141.610738255034,10.8053691275168,-5703
141.677852348993,10.8053691275168,-5380
141.744966442953,10.8053691275168,-5276
141.812080536913,10.8053691275168,-5231
141.879194630872,10.8053691275168,-5268
141.946308724832,10.8053691275168,-5342
142.013422818792,10.8053691275168,-5482
142.080536912752,10.8053691275168,-5648
142.147651006711,10.8053691275168,-5785
142.214765100671,10.8053691275168,-5789
142.281879194631,10.8053691275168,-5803
142.348993288591,10.8053691275168,-5758
142.41610738255,10.8053691275168,-5745
142.48322147651,10.8053691275168,-5735
142.55033557047,10.8053691275168,-5724
142.61744966443,10.8053691275168,-5695
142.684563758389,10.8053691275168,-5713
142.751677852349,10.8053691275168,-5762
142.818791946309,10.8053691275168,-5750
142.885906040268,10.8053691275168,-5749
142.953020134228,10.8053691275168,-5711
143.020134228188,10.8053691275168,-5611
143.087248322148,10.8053691275168,-5532
143.154362416107,10.8053691275168,-5514
143.221476510067,10.8053691275168,-5482
143.288590604027,10.8053691275168,-5450
143.355704697987,10.8053691275168,-5362
143.422818791946,10.8053691275168,-5295
143.489932885906,10.8053691275168,-5301
143.557046979866,10.8053691275168,-5296
143.624161073825,10.8053691275168,-5254
143.691275167785,10.8053691275168,-5266
143.758389261745,10.8053691275168,-5216
143.825503355705,10.8053691275168,-5176
143.892617449664,10.8053691275168,-5138
143.959731543624,10.8053691275168,-4860
144.026845637584,10.8053691275168,-4709
144.093959731544,10.8053691275168,-4291
144.161073825503,10.8053691275168,-3957
144.228187919463,10.8053691275168,-4028
144.295302013423,10.8053691275168,-4057
144.362416107383,10.8053691275168,-4195
144.429530201342,10.8053691275168,-4287
144.496644295302,10.8053691275168,-4176
144.563758389262,10.8053691275168,-3886
144.630872483221,10.8053691275168,-3512
144.697986577181,10.8053691275168,-3225
144.765100671141,10.8053691275168,-2873
144.832214765101,10.8053691275168,-2822
144.89932885906,10.8053691275168,-2995
144.96644295302,10.8053691275168,-3027
145.03355704698,10.8053691275168,-3241
145.10067114094,10.8053691275168,-3589
145.167785234899,10.8053691275168,-3933
145.234899328859,10.8053691275168,-4104
145.302013422819,10.8053691275168,-4165
145.369127516779,10.8053691275168,-4122
145.436241610738,10.8053691275168,-3778
145.503355704698,10.8053691275168,-3397
145.570469798658,10.8053691275168,-3290
145.637583892617,10.8053691275168,-3312
145.704697986577,10.8053691275168,-3966
145.771812080537,10.8053691275168,-4670
145.838926174497,10.8053691275168,-5056
145.906040268456,10.8053691275168,-5188
145.973154362416,10.8053691275168,-5269
146.040268456376,10.8053691275168,-5253
146.107382550336,10.8053691275168,-5073
146.174496644295,10.8053691275168,-4600
146.241610738255,10.8053691275168,-4056
146.308724832215,10.8053691275168,-3953
146.375838926175,10.8053691275168,-4438
146.442953020134,10.8053691275168,-5001
146.510067114094,10.8053691275168,-5210
146.577181208054,10.8053691275168,-5272
146.644295302013,10.8053691275168,-5236
146.711409395973,10.8053691275168,-5106
146.778523489933,10.8053691275168,-5003
146.845637583893,10.8053691275168,-5071
146.912751677852,10.8053691275168,-5099
146.979865771812,10.8053691275168,-5064
147.046979865772,10.8053691275168,-5084
147.114093959732,10.8053691275168,-5195
147.181208053691,10.8053691275168,-5306
147.248322147651,10.8053691275168,-5323
147.315436241611,10.8053691275168,-5453
147.38255033557,10.8053691275168,-5455
147.44966442953,10.8053691275168,-5434
147.51677852349,10.8053691275168,-5559
147.58389261745,10.8053691275168,-5565
147.651006711409,10.8053691275168,-5528
147.718120805369,10.8053691275168,-5436
147.785234899329,10.8053691275168,-5352
147.852348993289,10.8053691275168,-5434
147.919463087248,10.8053691275168,-5347
147.986577181208,10.8053691275168,-4792
148.053691275168,10.8053691275168,-4968
148.120805369128,10.8053691275168,-5519
148.187919463087,10.8053691275168,-5723
148.255033557047,10.8053691275168,-5719
148.322147651007,10.8053691275168,-5713
148.389261744966,10.8053691275168,-5696
148.456375838926,10.8053691275168,-5731
148.523489932886,10.8053691275168,-5653
148.590604026846,10.8053691275168,-4869
148.657718120805,10.8053691275168,-5265
148.724832214765,10.8053691275168,-5790
148.791946308725,10.8053691275168,-5828
148.859060402685,10.8053691275168,-5875
148.926174496644,10.8053691275168,-5852
148.993288590604,10.8053691275168,-5805
149.060402684564,10.8053691275168,-5782
149.127516778523,10.8053691275168,-5788
149.194630872483,10.8053691275168,-5779
149.261744966443,10.8053691275168,-5788
149.328859060403,10.8053691275168,-5810
149.395973154362,10.8053691275168,-5703
149.463087248322,10.8053691275168,-5640
149.530201342282,10.8053691275168,-5777
149.597315436242,10.8053691275168,-5835
149.664429530201,10.8053691275168,-5809
149.731543624161,10.8053691275168,-5812
149.798657718121,10.8053691275168,-5822
149.865771812081,10.8053691275168,-5829
149.93288590604,10.8053691275168,-5840
150,10.8053691275168,-5844
140,10.738255033557,-4112
140.06711409396,10.738255033557,-4459
140.134228187919,10.738255033557,-4782
140.201342281879,10.738255033557,-4547
140.268456375839,10.738255033557,-4179
140.335570469799,10.738255033557,-4217
140.402684563758,10.738255033557,-4424
140.469798657718,10.738255033557,-4597
140.536912751678,10.738255033557,-4765
140.604026845638,10.738255033557,-4963
140.671140939597,10.738255033557,-5104
140.738255033557,10.738255033557,-5276
140.805369127517,10.738255033557,-5505
140.872483221477,10.738255033557,-5840
140.939597315436,10.738255033557,-5944
141.006711409396,10.738255033557,-5934
141.073825503356,10.738255033557,-5939
141.140939597315,10.738255033557,-5918
141.208053691275,10.738255033557,-5733
141.275167785235,10.738255033557,-5647
141.342281879195,10.738255033557,-5641
141.409395973154,10.738255033557,-5560
141.476510067114,10.738255033557,-5419
141.543624161074,10.738255033557,-5291
141.610738255034,10.738255033557,-5165
141.677852348993,10.738255033557,-5017
141.744966442953,10.738255033557,-5006
141.812080536913,10.738255033557,-5016
141.879194630872,10.738255033557,-5037
141.946308724832,10.738255033557,-5106
142.013422818792,10.738255033557,-5143
142.080536912752,10.738255033557,-5218
142.147651006711,10.738255033557,-5285
142.214765100671,10.738255033557,-5335
142.281879194631,10.738255033557,-5475
142.348993288591,10.738255033557,-5473
142.41610738255,10.738255033557,-5427
142.48322147651,10.738255033557,-5409
142.55033557047,10.738255033557,-5461
142.61744966443,10.738255033557,-5472
142.684563758389,10.738255033557,-5482
142.751677852349,10.738255033557,-5510
142.818791946309,10.738255033557,-5536
142.885906040268,10.738255033557,-5544
142.953020134228,10.738255033557,-5529
143.020134228188,10.738255033557,-5469
143.087248322148,10.738255033557,-5401
143.154362416107,10.738255033557,-5363
143.221476510067,10.738255033557,-5367
143.288590604027,10.738255033557,-5310
143.355704697987,10.738255033557,-5231
143.422818791946,10.738255033557,-5172
143.489932885906,10.738255033557,-5145
143.557046979866,10.738255033557,-5145
143.624161073825,10.738255033557,-5103
143.691275167785,10.738255033557,-5094
143.758389261745,10.738255033557,-4984
143.825503355705,10.738255033557,-4901
143.892617449664,10.738255033557,-4882
143.959731543624,10.738255033557,-4860
144.026845637584,10.738255033557,-4854
144.093959731544,10.738255033557,-4677
144.161073825503,10.738255033557,-4447
144.228187919463,10.738255033557,-4280
144.295302013423,10.738255033557,-4114
144.362416107383,10.738255033557,-4194
144.429530201342,10.738255033557,-4266
144.496644295302,10.738255033557,-4254
144.563758389262,10.738255033557,-4186
144.630872483221,10.738255033557,-4009
144.697986577181,10.738255033557,-3812
144.765100671141,10.738255033557,-3468
144.832214765101,10.738255033557,-3071
144.89932885906,10.738255033557,-3059
144.96644295302,10.738255033557,-3136
145.03355704698,10.738255033557,-3230
145.10067114094,10.738255033557,-3297
145.167785234899,10.738255033557,-3605
145.234899328859,10.738255033557,-3997
145.302013422819,10.738255033557,-4042
145.369127516779,10.738255033557,-3871
145.436241610738,10.738255033557,-3602
145.503355704698,10.738255033557,-3502
145.570469798658,10.738255033557,-3434
145.637583892617,10.738255033557,-3453
145.704697986577,10.738255033557,-4053
145.771812080537,10.738255033557,-4710
145.838926174497,10.738255033557,-5094
145.906040268456,10.738255033557,-5232
145.973154362416,10.738255033557,-5239
146.040268456376,10.738255033557,-5246
146.107382550336,10.738255033557,-5174
146.174496644295,10.738255033557,-4872
146.241610738255,10.738255033557,-4526
146.308724832215,10.738255033557,-4308
146.375838926175,10.738255033557,-4509
146.442953020134,10.738255033557,-5045
146.510067114094,10.738255033557,-5232
146.577181208054,10.738255033557,-5273
146.644295302013,10.738255033557,-5264
146.711409395973,10.738255033557,-5059
146.778523489933,10.738255033557,-4856
146.845637583893,10.738255033557,-4897
146.912751677852,10.738255033557,-4972
146.979865771812,10.738255033557,-4998
147.046979865772,10.738255033557,-5005
147.114093959732,10.738255033557,-5073
147.181208053691,10.738255033557,-5162
147.248322147651,10.738255033557,-5199
147.315436241611,10.738255033557,-5256
147.38255033557,10.738255033557,-5319
147.44966442953,10.738255033557,-5348
147.51677852349,10.738255033557,-5461
147.58389261745,10.738255033557,-5504
147.651006711409,10.738255033557,-5503
147.718120805369,10.738255033557,-5499
147.785234899329,10.738255033557,-5357
147.852348993289,10.738255033557,-5193
147.919463087248,10.738255033557,-4989
147.986577181208,10.738255033557,-4619
148.053691275168,10.738255033557,-4344
148.120805369128,10.738255033557,-5325
148.187919463087,10.738255033557,-5678
148.255033557047,10.738255033557,-5693
148.322147651007,10.738255033557,-5644
148.389261744966,10.738255033557,-5617
148.456375838926,10.738255033557,-5667
148.523489932886,10.738255033557,-5439
148.590604026846,10.738255033557,-4122
148.657718120805,10.738255033557,-4271
148.724832214765,10.738255033557,-5630
148.791946308725,10.738255033557,-5788
148.859060402685,10.738255033557,-5794
148.926174496644,10.738255033557,-5812
148.993288590604,10.738255033557,-5814
149.060402684564,10.738255033557,-5789
149.127516778523,10.738255033557,-5767
149.194630872483,10.738255033557,-5746
149.261744966443,10.738255033557,-5751
149.328859060403,10.738255033557,-5770
149.395973154362,10.738255033557,-5739
149.463087248322,10.738255033557,-5671
149.530201342282,10.738255033557,-5752
149.597315436242,10.738255033557,-5801
149.664429530201,10.738255033557,-5767
149.731543624161,10.738255033557,-5757
149.798657718121,10.738255033557,-5809
149.865771812081,10.738255033557,-5829
149.93288590604,10.738255033557,-5835
150,10.738255033557,-5841
140,10.6711409395973,-3413
140.06711409396,10.6711409395973,-3501
140.134228187919,10.6711409395973,-3719
140.201342281879,10.6711409395973,-3554
140.268456375839,10.6711409395973,-3096
140.335570469799,10.6711409395973,-2990
140.402684563758,10.6711409395973,-3351
140.469798657718,10.6711409395973,-3900
140.536912751678,10.6711409395973,-4277
140.604026845638,10.6711409395973,-4501
140.671140939597,10.6711409395973,-4462
140.738255033557,10.6711409395973,-4432
140.805369127517,10.6711409395973,-4897
140.872483221477,10.6711409395973,-5342
140.939597315436,10.6711409395973,-5388
141.006711409396,10.6711409395973,-5383
141.073825503356,10.6711409395973,-5344
141.140939597315,10.6711409395973,-5355
141.208053691275,10.6711409395973,-5317
141.275167785235,10.6711409395973,-5242
141.342281879195,10.6711409395973,-5176
141.409395973154,10.6711409395973,-4996
141.476510067114,10.6711409395973,-4894
141.543624161074,10.6711409395973,-4847
141.610738255034,10.6711409395973,-4766
141.677852348993,10.6711409395973,-4773
141.744966442953,10.6711409395973,-4840
141.812080536913,10.6711409395973,-4900
141.879194630872,10.6711409395973,-4934
141.946308724832,10.6711409395973,-4999
142.013422818792,10.6711409395973,-5044
142.080536912752,10.6711409395973,-5049
142.147651006711,10.6711409395973,-5034
142.214765100671,10.6711409395973,-5087
142.281879194631,10.6711409395973,-5208
142.348993288591,10.6711409395973,-5233
142.41610738255,10.6711409395973,-5235
142.48322147651,10.6711409395973,-5246
142.55033557047,10.6711409395973,-5293
142.61744966443,10.6711409395973,-5311
142.684563758389,10.6711409395973,-5331
142.751677852349,10.6711409395973,-5321
142.818791946309,10.6711409395973,-5362
142.885906040268,10.6711409395973,-5394
142.953020134228,10.6711409395973,-5394
143.020134228188,10.6711409395973,-5359
143.087248322148,10.6711409395973,-5299
143.154362416107,10.6711409395973,-5180
143.221476510067,10.6711409395973,-5206
143.288590604027,10.6711409395973,-5201
143.355704697987,10.6711409395973,-5157
143.422818791946,10.6711409395973,-5082
143.489932885906,10.6711409395973,-4975
143.557046979866,10.6711409395973,-4977
143.624161073825,10.6711409395973,-4999
143.691275167785,10.6711409395973,-4965
143.758389261745,10.6711409395973,-4880
143.825503355705,10.6711409395973,-4910
143.892617449664,10.6711409395973,-4911
143.959731543624,10.6711409395973,-4841
144.026845637584,10.6711409395973,-4791
144.093959731544,10.6711409395973,-4532
144.161073825503,10.6711409395973,-4398
144.228187919463,10.6711409395973,-4399
144.295302013423,10.6711409395973,-4211
144.362416107383,10.6711409395973,-4146
144.429530201342,10.6711409395973,-4187
144.496644295302,10.6711409395973,-4202
144.563758389262,10.6711409395973,-4199
144.630872483221,10.6711409395973,-4155
144.697986577181,10.6711409395973,-4119
144.765100671141,10.6711409395973,-3825
144.832214765101,10.6711409395973,-3370
144.89932885906,10.6711409395973,-3111
144.96644295302,10.6711409395973,-3258
145.03355704698,10.6711409395973,-3416
145.10067114094,10.6711409395973,-3342
145.167785234899,10.6711409395973,-3554
145.234899328859,10.6711409395973,-3956
145.302013422819,10.6711409395973,-3980
145.369127516779,10.6711409395973,-3827
145.436241610738,10.6711409395973,-3738
145.503355704698,10.6711409395973,-3675
145.570469798658,10.6711409395973,-3606
145.637583892617,10.6711409395973,-3617
145.704697986577,10.6711409395973,-4049
145.771812080537,10.6711409395973,-4619
145.838926174497,10.6711409395973,-5033
145.906040268456,10.6711409395973,-5243
145.973154362416,10.6711409395973,-5246
146.040268456376,10.6711409395973,-5227
146.107382550336,10.6711409395973,-5241
146.174496644295,10.6711409395973,-5179
146.241610738255,10.6711409395973,-5067
146.308724832215,10.6711409395973,-4803
146.375838926175,10.6711409395973,-4586
146.442953020134,10.6711409395973,-4925
146.510067114094,10.6711409395973,-5134
146.577181208054,10.6711409395973,-5226
146.644295302013,10.6711409395973,-5303
146.711409395973,10.6711409395973,-5108
146.778523489933,10.6711409395973,-4804
146.845637583893,10.6711409395973,-4841
146.912751677852,10.6711409395973,-4921
146.979865771812,10.6711409395973,-4922
147.046979865772,10.6711409395973,-4952
147.114093959732,10.6711409395973,-5012
147.181208053691,10.6711409395973,-5059
147.248322147651,10.6711409395973,-5070
147.315436241611,10.6711409395973,-5102
147.38255033557,10.6711409395973,-5170
147.44966442953,10.6711409395973,-5172
147.51677852349,10.6711409395973,-5207
147.58389261745,10.6711409395973,-5391
147.651006711409,10.6711409395973,-5535
147.718120805369,10.6711409395973,-5607
147.785234899329,10.6711409395973,-5379
147.852348993289,10.6711409395973,-4653
147.919463087248,10.6711409395973,-3655
147.986577181208,10.6711409395973,-3433
148.053691275168,10.6711409395973,-3565
148.120805369128,10.6711409395973,-5018
148.187919463087,10.6711409395973,-5601
148.255033557047,10.6711409395973,-5602
148.322147651007,10.6711409395973,-5578
148.389261744966,10.6711409395973,-5588
148.456375838926,10.6711409395973,-5617
148.523489932886,10.6711409395973,-5468
148.590604026846,10.6711409395973,-4913
148.657718120805,10.6711409395973,-5179
148.724832214765,10.6711409395973,-5658
148.791946308725,10.6711409395973,-5688
148.859060402685,10.6711409395973,-5712
148.926174496644,10.6711409395973,-5772
148.993288590604,10.6711409395973,-5794
149.060402684564,10.6711409395973,-5783
149.127516778523,10.6711409395973,-5767
149.194630872483,10.6711409395973,-5734
149.261744966443,10.6711409395973,-5712
149.328859060403,10.6711409395973,-5740
149.395973154362,10.6711409395973,-5748
149.463087248322,10.6711409395973,-5747
149.530201342282,10.6711409395973,-5765
149.597315436242,10.6711409395973,-5780
149.664429530201,10.6711409395973,-5758
149.731543624161,10.6711409395973,-5779
149.798657718121,10.6711409395973,-5794
149.865771812081,10.6711409395973,-5813
149.93288590604,10.6711409395973,-5812
150,10.6711409395973,-5837
140,10.6040268456376,-2687
140.06711409396,10.6040268456376,-1939
140.134228187919,10.6040268456376,-2390
140.201342281879,10.6040268456376,-2615
140.268456375839,10.6040268456376,-2308
140.335570469799,10.6040268456376,-2244
140.402684563758,10.6040268456376,-2711
140.469798657718,10.6040268456376,-3515
140.536912751678,10.6040268456376,-3893
140.604026845638,10.6040268456376,-4081
140.671140939597,10.6040268456376,-3813
140.738255033557,10.6040268456376,-3707
140.805369127517,10.6040268456376,-4457
140.872483221477,10.6040268456376,-5073
140.939597315436,10.6040268456376,-4942
141.006711409396,10.6040268456376,-4831
141.073825503356,10.6040268456376,-4779
141.140939597315,10.6040268456376,-4723
141.208053691275,10.6040268456376,-4763
141.275167785235,10.6040268456376,-4739
141.342281879195,10.6040268456376,-4729
141.409395973154,10.6040268456376,-4670
141.476510067114,10.6040268456376,-4636
141.543624161074,10.6040268456376,-4616
141.610738255034,10.6040268456376,-4592
141.677852348993,10.6040268456376,-4633
141.744966442953,10.6040268456376,-4709
141.812080536913,10.6040268456376,-4759
141.879194630872,10.6040268456376,-4751
141.946308724832,10.6040268456376,-4722
142.013422818792,10.6040268456376,-4763
142.080536912752,10.6040268456376,-4828
142.147651006711,10.6040268456376,-4874
142.214765100671,10.6040268456376,-4943
142.281879194631,10.6040268456376,-5024
142.348993288591,10.6040268456376,-5042
142.41610738255,10.6040268456376,-5095
142.48322147651,10.6040268456376,-5115
142.55033557047,10.6040268456376,-5125
142.61744966443,10.6040268456376,-5144
142.684563758389,10.6040268456376,-5184
142.751677852349,10.6040268456376,-5209
142.818791946309,10.6040268456376,-5228
142.885906040268,10.6040268456376,-5266
142.953020134228,10.6040268456376,-5278
143.020134228188,10.6040268456376,-5268
143.087248322148,10.6040268456376,-5193
143.154362416107,10.6040268456376,-5088
143.221476510067,10.6040268456376,-5063
143.288590604027,10.6040268456376,-5088
143.355704697987,10.6040268456376,-5067
143.422818791946,10.6040268456376,-4976
143.489932885906,10.6040268456376,-4850
143.557046979866,10.6040268456376,-4877
143.624161073825,10.6040268456376,-4944
143.691275167785,10.6040268456376,-4868
143.758389261745,10.6040268456376,-4812
143.825503355705,10.6040268456376,-4861
143.892617449664,10.6040268456376,-4867
143.959731543624,10.6040268456376,-4839
144.026845637584,10.6040268456376,-4777
144.093959731544,10.6040268456376,-4457
144.161073825503,10.6040268456376,-4220
144.228187919463,10.6040268456376,-4201
144.295302013423,10.6040268456376,-4062
144.362416107383,10.6040268456376,-3973
144.429530201342,10.6040268456376,-4097
144.496644295302,10.6040268456376,-4026
144.563758389262,10.6040268456376,-3763
144.630872483221,10.6040268456376,-3540
144.697986577181,10.6040268456376,-3644
144.765100671141,10.6040268456376,-3703
144.832214765101,10.6040268456376,-3345
144.89932885906,10.6040268456376,-2939
144.96644295302,10.6040268456376,-3046
145.03355704698,10.6040268456376,-3470
145.10067114094,10.6040268456376,-3632
145.167785234899,10.6040268456376,-3793
145.234899328859,10.6040268456376,-4000
145.302013422819,10.6040268456376,-4038
145.369127516779,10.6040268456376,-3967
145.436241610738,10.6040268456376,-3802
145.503355704698,10.6040268456376,-3719
145.570469798658,10.6040268456376,-3677
145.637583892617,10.6040268456376,-3698
145.704697986577,10.6040268456376,-3917
145.771812080537,10.6040268456376,-4470
145.838926174497,10.6040268456376,-4918
145.906040268456,10.6040268456376,-5230
145.973154362416,10.6040268456376,-5282
146.040268456376,10.6040268456376,-5206
146.107382550336,10.6040268456376,-5205
146.174496644295,10.6040268456376,-5155
146.241610738255,10.6040268456376,-5154
146.308724832215,10.6040268456376,-5092
146.375838926175,10.6040268456376,-4851
146.442953020134,10.6040268456376,-4556
146.510067114094,10.6040268456376,-4640
146.577181208054,10.6040268456376,-5099
146.644295302013,10.6040268456376,-5215
146.711409395973,10.6040268456376,-4828
146.778523489933,10.6040268456376,-4608
146.845637583893,10.6040268456376,-4922
146.912751677852,10.6040268456376,-4999
146.979865771812,10.6040268456376,-4847
147.046979865772,10.6040268456376,-4786
147.114093959732,10.6040268456376,-4857
147.181208053691,10.6040268456376,-4919
147.248322147651,10.6040268456376,-4914
147.315436241611,10.6040268456376,-4990
147.38255033557,10.6040268456376,-5090
147.44966442953,10.6040268456376,-5058
147.51677852349,10.6040268456376,-5052
147.58389261745,10.6040268456376,-5306
147.651006711409,10.6040268456376,-5499
147.718120805369,10.6040268456376,-5566
147.785234899329,10.6040268456376,-5350
147.852348993289,10.6040268456376,-4396
147.919463087248,10.6040268456376,-2808
147.986577181208,10.6040268456376,-2174
148.053691275168,10.6040268456376,-3320
148.120805369128,10.6040268456376,-4516
148.187919463087,10.6040268456376,-5410
148.255033557047,10.6040268456376,-5558
148.322147651007,10.6040268456376,-5527
148.389261744966,10.6040268456376,-5541
148.456375838926,10.6040268456376,-5538
148.523489932886,10.6040268456376,-5500
148.590604026846,10.6040268456376,-5452
148.657718120805,10.6040268456376,-5518
148.724832214765,10.6040268456376,-5586
148.791946308725,10.6040268456376,-5595
148.859060402685,10.6040268456376,-5615
148.926174496644,10.6040268456376,-5672
148.993288590604,10.6040268456376,-5707
149.060402684564,10.6040268456376,-5685
149.127516778523,10.6040268456376,-5737
149.194630872483,10.6040268456376,-5756
149.261744966443,10.6040268456376,-5732
149.328859060403,10.6040268456376,-5739
149.395973154362,10.6040268456376,-5725
149.463087248322,10.6040268456376,-5735
149.530201342282,10.6040268456376,-5753
149.597315436242,10.6040268456376,-5752
149.664429530201,10.6040268456376,-5738
149.731543624161,10.6040268456376,-5774
149.798657718121,10.6040268456376,-5789
149.865771812081,10.6040268456376,-5793
149.93288590604,10.6040268456376,-5790
150,10.6040268456376,-5834
140,10.5369127516779,-2384
140.06711409396,10.5369127516779,-1071
140.134228187919,10.5369127516779,-1383
140.201342281879,10.5369127516779,-2337
140.268456375839,10.5369127516779,-2287
140.335570469799,10.5369127516779,-2097
140.402684563758,10.5369127516779,-2360
140.469798657718,10.5369127516779,-3175
140.536912751678,10.5369127516779,-3733
140.604026845638,10.5369127516779,-3837
140.671140939597,10.5369127516779,-3637
140.738255033557,10.5369127516779,-3785
140.805369127517,10.5369127516779,-4487
140.872483221477,10.5369127516779,-4847
140.939597315436,10.5369127516779,-4605
141.006711409396,10.5369127516779,-4558
141.073825503356,10.5369127516779,-4535
141.140939597315,10.5369127516779,-4324
141.208053691275,10.5369127516779,-4327
141.275167785235,10.5369127516779,-4405
141.342281879195,10.5369127516779,-4372
141.409395973154,10.5369127516779,-4306
141.476510067114,10.5369127516779,-4232
141.543624161074,10.5369127516779,-4250
141.610738255034,10.5369127516779,-4356
141.677852348993,10.5369127516779,-4533
141.744966442953,10.5369127516779,-4596
141.812080536913,10.5369127516779,-4562
141.879194630872,10.5369127516779,-4573
141.946308724832,10.5369127516779,-4608
142.013422818792,10.5369127516779,-4647
142.080536912752,10.5369127516779,-4661
142.147651006711,10.5369127516779,-4692
142.214765100671,10.5369127516779,-4749
142.281879194631,10.5369127516779,-4832
142.348993288591,10.5369127516779,-4891
142.41610738255,10.5369127516779,-4963
142.48322147651,10.5369127516779,-4974
142.55033557047,10.5369127516779,-4990
142.61744966443,10.5369127516779,-5028
142.684563758389,10.5369127516779,-5093
142.751677852349,10.5369127516779,-5114
142.818791946309,10.5369127516779,-5124
142.885906040268,10.5369127516779,-5155
142.953020134228,10.5369127516779,-5177
143.020134228188,10.5369127516779,-5184
143.087248322148,10.5369127516779,-5112
143.154362416107,10.5369127516779,-5046
143.221476510067,10.5369127516779,-4990
143.288590604027,10.5369127516779,-4985
143.355704697987,10.5369127516779,-4973
143.422818791946,10.5369127516779,-4956
143.489932885906,10.5369127516779,-4879
143.557046979866,10.5369127516779,-4906
143.624161073825,10.5369127516779,-4931
143.691275167785,10.5369127516779,-4800
143.758389261745,10.5369127516779,-4761
143.825503355705,10.5369127516779,-4800
143.892617449664,10.5369127516779,-4776
143.959731543624,10.5369127516779,-4777
144.026845637584,10.5369127516779,-4704
144.093959731544,10.5369127516779,-4357
144.161073825503,10.5369127516779,-4014
144.228187919463,10.5369127516779,-3819
144.295302013423,10.5369127516779,-3608
144.362416107383,10.5369127516779,-3512
144.429530201342,10.5369127516779,-3746
144.496644295302,10.5369127516779,-3762
144.563758389262,10.5369127516779,-3664
144.630872483221,10.5369127516779,-3517
144.697986577181,10.5369127516779,-3385
144.765100671141,10.5369127516779,-3400
144.832214765101,10.5369127516779,-3294
144.89932885906,10.5369127516779,-3052
144.96644295302,10.5369127516779,-3088
145.03355704698,10.5369127516779,-3518
145.10067114094,10.5369127516779,-3816
145.167785234899,10.5369127516779,-3880
145.234899328859,10.5369127516779,-3972
145.302013422819,10.5369127516779,-4112
145.369127516779,10.5369127516779,-4105
145.436241610738,10.5369127516779,-3880
145.503355704698,10.5369127516779,-3686
145.570469798658,10.5369127516779,-3660
145.637583892617,10.5369127516779,-3791
145.704697986577,10.5369127516779,-4040
145.771812080537,10.5369127516779,-4588
145.838926174497,10.5369127516779,-4902
145.906040268456,10.5369127516779,-5082
145.973154362416,10.5369127516779,-5209
146.040268456376,10.5369127516779,-5156
146.107382550336,10.5369127516779,-5157
146.174496644295,10.5369127516779,-5079
146.241610738255,10.5369127516779,-5121
146.308724832215,10.5369127516779,-5175
146.375838926175,10.5369127516779,-5052
146.442953020134,10.5369127516779,-4660
146.510067114094,10.5369127516779,-4627
146.577181208054,10.5369127516779,-5063
146.644295302013,10.5369127516779,-4832
146.711409395973,10.5369127516779,-3950
146.778523489933,10.5369127516779,-4059
146.845637583893,10.5369127516779,-4854
146.912751677852,10.5369127516779,-5133
146.979865771812,10.5369127516779,-4959
147.046979865772,10.5369127516779,-4701
147.114093959732,10.5369127516779,-4694
147.181208053691,10.5369127516779,-4888
147.248322147651,10.5369127516779,-4926
147.315436241611,10.5369127516779,-4911
147.38255033557,10.5369127516779,-4996
147.44966442953,10.5369127516779,-5037
147.51677852349,10.5369127516779,-5073
147.58389261745,10.5369127516779,-5223
147.651006711409,10.5369127516779,-5367
147.718120805369,10.5369127516779,-5432
147.785234899329,10.5369127516779,-5303
147.852348993289,10.5369127516779,-4727
147.919463087248,10.5369127516779,-3649
147.986577181208,10.5369127516779,-3167
148.053691275168,10.5369127516779,-3889
148.120805369128,10.5369127516779,-4789
148.187919463087,10.5369127516779,-5327
148.255033557047,10.5369127516779,-5549
148.322147651007,10.5369127516779,-5540
148.389261744966,10.5369127516779,-5485
148.456375838926,10.5369127516779,-5367
148.523489932886,10.5369127516779,-5347
148.590604026846,10.5369127516779,-5368
148.657718120805,10.5369127516779,-5383
148.724832214765,10.5369127516779,-5473
148.791946308725,10.5369127516779,-5496
148.859060402685,10.5369127516779,-5487
148.926174496644,10.5369127516779,-5559
148.993288590604,10.5369127516779,-5639
149.060402684564,10.5369127516779,-5633
149.127516778523,10.5369127516779,-5695
149.194630872483,10.5369127516779,-5735
149.261744966443,10.5369127516779,-5671
149.328859060403,10.5369127516779,-5706
149.395973154362,10.5369127516779,-5724
149.463087248322,10.5369127516779,-5728
149.530201342282,10.5369127516779,-5740
149.597315436242,10.5369127516779,-5733
149.664429530201,10.5369127516779,-5721
149.731543624161,10.5369127516779,-5766
149.798657718121,10.5369127516779,-5786
149.865771812081,10.5369127516779,-5774
149.93288590604,10.5369127516779,-5764
150,10.5369127516779,-5818
140,10.4697986577181,-2038
140.06711409396,10.4697986577181,-709
140.134228187919,10.4697986577181,-944
140.201342281879,10.4697986577181,-2240
140.268456375839,10.4697986577181,-2437
140.335570469799,10.4697986577181,-2155
140.402684563758,10.4697986577181,-2144
140.469798657718,10.4697986577181,-2771
140.536912751678,10.4697986577181,-3495
140.604026845638,10.4697986577181,-3678
140.671140939597,10.4697986577181,-3639
140.738255033557,10.4697986577181,-3991
140.805369127517,10.4697986577181,-4387
140.872483221477,10.4697986577181,-4473
140.939597315436,10.4697986577181,-4374
141.006711409396,10.4697986577181,-4406
141.073825503356,10.4697986577181,-4328
141.140939597315,10.4697986577181,-4170
141.208053691275,10.4697986577181,-4175
141.275167785235,10.4697986577181,-4200
141.342281879195,10.4697986577181,-4096
141.409395973154,10.4697986577181,-4036
141.476510067114,10.4697986577181,-4032
141.543624161074,10.4697986577181,-4020
141.610738255034,10.4697986577181,-4123
141.677852348993,10.4697986577181,-4297
141.744966442953,10.4697986577181,-4349
141.812080536913,10.4697986577181,-4407
141.879194630872,10.4697986577181,-4413
141.946308724832,10.4697986577181,-4447
142.013422818792,10.4697986577181,-4491
142.080536912752,10.4697986577181,-4538
142.147651006711,10.4697986577181,-4582
142.214765100671,10.4697986577181,-4661
142.281879194631,10.4697986577181,-4720
142.348993288591,10.4697986577181,-4789
142.41610738255,10.4697986577181,-4849
142.48322147651,10.4697986577181,-4885
142.55033557047,10.4697986577181,-4918
142.61744966443,10.4697986577181,-4912
142.684563758389,10.4697986577181,-4979
142.751677852349,10.4697986577181,-5014
142.818791946309,10.4697986577181,-5030
142.885906040268,10.4697986577181,-5023
142.953020134228,10.4697986577181,-5052
143.020134228188,10.4697986577181,-5074
143.087248322148,10.4697986577181,-5032
143.154362416107,10.4697986577181,-4990
143.221476510067,10.4697986577181,-4968
143.288590604027,10.4697986577181,-4932
143.355704697987,10.4697986577181,-4940
143.422818791946,10.4697986577181,-4957
143.489932885906,10.4697986577181,-4970
143.557046979866,10.4697986577181,-4925
143.624161073825,10.4697986577181,-4882
143.691275167785,10.4697986577181,-4770
143.758389261745,10.4697986577181,-4737
143.825503355705,10.4697986577181,-4774
143.892617449664,10.4697986577181,-4764
143.959731543624,10.4697986577181,-4718
144.026845637584,10.4697986577181,-4612
144.093959731544,10.4697986577181,-4366
144.161073825503,10.4697986577181,-4107
144.228187919463,10.4697986577181,-3738
144.295302013423,10.4697986577181,-3398
144.362416107383,10.4697986577181,-3132
144.429530201342,10.4697986577181,-2992
144.496644295302,10.4697986577181,-3078
144.563758389262,10.4697986577181,-3230
144.630872483221,10.4697986577181,-3411
144.697986577181,10.4697986577181,-3357
144.765100671141,10.4697986577181,-3156
144.832214765101,10.4697986577181,-2806
144.89932885906,10.4697986577181,-2654
144.96644295302,10.4697986577181,-2834
145.03355704698,10.4697986577181,-3328
145.10067114094,10.4697986577181,-3762
145.167785234899,10.4697986577181,-3784
145.234899328859,10.4697986577181,-3743
145.302013422819,10.4697986577181,-3950
145.369127516779,10.4697986577181,-4095
145.436241610738,10.4697986577181,-3962
145.503355704698,10.4697986577181,-3621
145.570469798658,10.4697986577181,-3601
145.637583892617,10.4697986577181,-3827
145.704697986577,10.4697986577181,-4204
145.771812080537,10.4697986577181,-4682
145.838926174497,10.4697986577181,-4876
145.906040268456,10.4697986577181,-4977
145.973154362416,10.4697986577181,-5105
146.040268456376,10.4697986577181,-5113
146.107382550336,10.4697986577181,-5148
146.174496644295,10.4697986577181,-5046
146.241610738255,10.4697986577181,-5073
146.308724832215,10.4697986577181,-5135
146.375838926175,10.4697986577181,-5108
146.442953020134,10.4697986577181,-5018
146.510067114094,10.4697986577181,-5169
146.577181208054,10.4697986577181,-5407
146.644295302013,10.4697986577181,-5000
146.711409395973,10.4697986577181,-3785
146.778523489933,10.4697986577181,-4191
146.845637583893,10.4697986577181,-4921
146.912751677852,10.4697986577181,-5220
146.979865771812,10.4697986577181,-5106
147.046979865772,10.4697986577181,-4732
147.114093959732,10.4697986577181,-4619
147.181208053691,10.4697986577181,-4865
147.248322147651,10.4697986577181,-4976
147.315436241611,10.4697986577181,-4899
147.38255033557,10.4697986577181,-4886
147.44966442953,10.4697986577181,-4955
147.51677852349,10.4697986577181,-5033
147.58389261745,10.4697986577181,-5096
147.651006711409,10.4697986577181,-5258
147.718120805369,10.4697986577181,-5358
147.785234899329,10.4697986577181,-5282
147.852348993289,10.4697986577181,-5112
147.919463087248,10.4697986577181,-4654
147.986577181208,10.4697986577181,-4433
148.053691275168,10.4697986577181,-4716
148.120805369128,10.4697986577181,-5153
148.187919463087,10.4697986577181,-5428
148.255033557047,10.4697986577181,-5560
148.322147651007,10.4697986577181,-5556
148.389261744966,10.4697986577181,-5417
148.456375838926,10.4697986577181,-5233
148.523489932886,10.4697986577181,-5182
148.590604026846,10.4697986577181,-5172
148.657718120805,10.4697986577181,-5172
148.724832214765,10.4697986577181,-5273
148.791946308725,10.4697986577181,-5337
148.859060402685,10.4697986577181,-5248
148.926174496644,10.4697986577181,-5299
148.993288590604,10.4697986577181,-5541
149.060402684564,10.4697986577181,-5639
149.127516778523,10.4697986577181,-5691
149.194630872483,10.4697986577181,-5648
149.261744966443,10.4697986577181,-5464
149.328859060403,10.4697986577181,-5615
149.395973154362,10.4697986577181,-5711
149.463087248322,10.4697986577181,-5717
149.530201342282,10.4697986577181,-5719
149.597315436242,10.4697986577181,-5725
149.664429530201,10.4697986577181,-5742
149.731543624161,10.4697986577181,-5754
149.798657718121,10.4697986577181,-5759
149.865771812081,10.4697986577181,-5761
149.93288590604,10.4697986577181,-5794
150,10.4697986577181,-5825
140,10.4026845637584,-2341
140.06711409396,10.4026845637584,-1194
140.134228187919,10.4026845637584,-966
140.201342281879,10.4026845637584,-1897
140.268456375839,10.4026845637584,-2305
140.335570469799,10.4026845637584,-2249
140.402684563758,10.4026845637584,-2225
140.469798657718,10.4026845637584,-2667
140.536912751678,10.4026845637584,-3272
140.604026845638,10.4026845637584,-3437
140.671140939597,10.4026845637584,-3418
140.738255033557,10.4026845637584,-3712
140.805369127517,10.4026845637584,-3973
140.872483221477,10.4026845637584,-4185
140.939597315436,10.4026845637584,-4227
141.006711409396,10.4026845637584,-4224
141.073825503356,10.4026845637584,-4158
141.140939597315,10.4026845637584,-4111
141.208053691275,10.4026845637584,-4080
141.275167785235,10.4026845637584,-4058
141.342281879195,10.4026845637584,-4000
141.409395973154,10.4026845637584,-3960
141.476510067114,10.4026845637584,-3940
141.543624161074,10.4026845637584,-3918
141.610738255034,10.4026845637584,-3947
141.677852348993,10.4026845637584,-4065
141.744966442953,10.4026845637584,-4096
141.812080536913,10.4026845637584,-4159
141.879194630872,10.4026845637584,-4274
141.946308724832,10.4026845637584,-4340
142.013422818792,10.4026845637584,-4403
142.080536912752,10.4026845637584,-4478
142.147651006711,10.4026845637584,-4509
142.214765100671,10.4026845637584,-4538
142.281879194631,10.4026845637584,-4583
142.348993288591,10.4026845637584,-4663
142.41610738255,10.4026845637584,-4733
142.48322147651,10.4026845637584,-4783
142.55033557047,10.4026845637584,-4830
142.61744966443,10.4026845637584,-4846
142.684563758389,10.4026845637584,-4871
142.751677852349,10.4026845637584,-4928
142.818791946309,10.4026845637584,-4949
142.885906040268,10.4026845637584,-4938
142.953020134228,10.4026845637584,-4929
143.020134228188,10.4026845637584,-4956
143.087248322148,10.4026845637584,-4962
143.154362416107,10.4026845637584,-4933
143.221476510067,10.4026845637584,-4915
143.288590604027,10.4026845637584,-4881
143.355704697987,10.4026845637584,-4899
143.422818791946,10.4026845637584,-4916
143.489932885906,10.4026845637584,-4921
143.557046979866,10.4026845637584,-4848
143.624161073825,10.4026845637584,-4842
143.691275167785,10.4026845637584,-4789
143.758389261745,10.4026845637584,-4737
143.825503355705,10.4026845637584,-4706
143.892617449664,10.4026845637584,-4696
143.959731543624,10.4026845637584,-4668
144.026845637584,10.4026845637584,-4581
144.093959731544,10.4026845637584,-4528
144.161073825503,10.4026845637584,-4419
144.228187919463,10.4026845637584,-3901
144.295302013423,10.4026845637584,-3415
144.362416107383,10.4026845637584,-3212
144.429530201342,10.4026845637584,-3076
144.496644295302,10.4026845637584,-3121
144.563758389262,10.4026845637584,-3198
144.630872483221,10.4026845637584,-3402
144.697986577181,10.4026845637584,-3319
144.765100671141,10.4026845637584,-2847
144.832214765101,10.4026845637584,-2198
144.89932885906,10.4026845637584,-1850
144.96644295302,10.4026845637584,-1677
145.03355704698,10.4026845637584,-2219
145.10067114094,10.4026845637584,-2850
145.167785234899,10.4026845637584,-3351
145.234899328859,10.4026845637584,-3407
145.302013422819,10.4026845637584,-3648
145.369127516779,10.4026845637584,-3908
145.436241610738,10.4026845637584,-3956
145.503355704698,10.4026845637584,-3690
145.570469798658,10.4026845637584,-3404
145.637583892617,10.4026845637584,-3787
145.704697986577,10.4026845637584,-4291
145.771812080537,10.4026845637584,-4599
145.838926174497,10.4026845637584,-4755
145.906040268456,10.4026845637584,-4946
145.973154362416,10.4026845637584,-5040
146.040268456376,10.4026845637584,-5033
146.107382550336,10.4026845637584,-5055
146.174496644295,10.4026845637584,-5027
146.241610738255,10.4026845637584,-5073
146.308724832215,10.4026845637584,-5157
146.375838926175,10.4026845637584,-5158
146.442953020134,10.4026845637584,-5137
146.510067114094,10.4026845637584,-5302
146.577181208054,10.4026845637584,-5574
146.644295302013,10.4026845637584,-5378
146.711409395973,10.4026845637584,-5047
146.778523489933,10.4026845637584,-5015
146.845637583893,10.4026845637584,-5134
146.912751677852,10.4026845637584,-5204
146.979865771812,10.4026845637584,-5193
147.046979865772,10.4026845637584,-4934
147.114093959732,10.4026845637584,-4742
147.181208053691,10.4026845637584,-4781
147.248322147651,10.4026845637584,-4851
147.315436241611,10.4026845637584,-4860
147.38255033557,10.4026845637584,-4837
147.44966442953,10.4026845637584,-4874
147.51677852349,10.4026845637584,-4931
147.58389261745,10.4026845637584,-5016
147.651006711409,10.4026845637584,-5181
147.718120805369,10.4026845637584,-5312
147.785234899329,10.4026845637584,-5292
147.852348993289,10.4026845637584,-5313
147.919463087248,10.4026845637584,-5204
147.986577181208,10.4026845637584,-5070
148.053691275168,10.4026845637584,-5176
148.120805369128,10.4026845637584,-5364
148.187919463087,10.4026845637584,-5428
148.255033557047,10.4026845637584,-5519
148.322147651007,10.4026845637584,-5547
148.389261744966,10.4026845637584,-5483
148.456375838926,10.4026845637584,-5166
148.523489932886,10.4026845637584,-4972
148.590604026846,10.4026845637584,-4954
148.657718120805,10.4026845637584,-4952
148.724832214765,10.4026845637584,-5011
148.791946308725,10.4026845637584,-5121
148.859060402685,10.4026845637584,-5182
148.926174496644,10.4026845637584,-5221
148.993288590604,10.4026845637584,-5402
149.060402684564,10.4026845637584,-5584
149.127516778523,10.4026845637584,-5691
149.194630872483,10.4026845637584,-5669
149.261744966443,10.4026845637584,-5559
149.328859060403,10.4026845637584,-5649
149.395973154362,10.4026845637584,-5701
149.463087248322,10.4026845637584,-5686
149.530201342282,10.4026845637584,-5664
149.597315436242,10.4026845637584,-5719
149.664429530201,10.4026845637584,-5739
149.731543624161,10.4026845637584,-5742
149.798657718121,10.4026845637584,-5746
149.865771812081,10.4026845637584,-5791
149.93288590604,10.4026845637584,-5805
150,10.4026845637584,-5663
140,10.3355704697987,-2627
140.06711409396,10.3355704697987,-1772
140.134228187919,10.3355704697987,-1162
140.201342281879,10.3355704697987,-1708
140.268456375839,10.3355704697987,-2156
140.335570469799,10.3355704697987,-2209
140.402684563758,10.3355704697987,-2296
140.469798657718,10.3355704697987,-2573
140.536912751678,10.3355704697987,-2978
140.604026845638,10.3355704697987,-3223
140.671140939597,10.3355704697987,-3315
140.738255033557,10.3355704697987,-3494
140.805369127517,10.3355704697987,-3706
140.872483221477,10.3355704697987,-4045
140.939597315436,10.3355704697987,-4133
141.006711409396,10.3355704697987,-4095
141.073825503356,10.3355704697987,-4074
141.140939597315,10.3355704697987,-4090
141.208053691275,10.3355704697987,-4003
141.275167785235,10.3355704697987,-3967
141.342281879195,10.3355704697987,-3957
141.409395973154,10.3355704697987,-3924
141.476510067114,10.3355704697987,-3892
141.543624161074,10.3355704697987,-3862
141.610738255034,10.3355704697987,-3853
141.677852348993,10.3355704697987,-3887
141.744966442953,10.3355704697987,-3907
141.812080536913,10.3355704697987,-3978
141.879194630872,10.3355704697987,-4183
141.946308724832,10.3355704697987,-4266
142.013422818792,10.3355704697987,-4337
142.080536912752,10.3355704697987,-4389
142.147651006711,10.3355704697987,-4399
142.214765100671,10.3355704697987,-4421
142.281879194631,10.3355704697987,-4480
142.348993288591,10.3355704697987,-4570
142.41610738255,10.3355704697987,-4662
142.48322147651,10.3355704697987,-4715
142.55033557047,10.3355704697987,-4741
142.61744966443,10.3355704697987,-4773
142.684563758389,10.3355704697987,-4785
142.751677852349,10.3355704697987,-4856
142.818791946309,10.3355704697987,-4874
142.885906040268,10.3355704697987,-4870
142.953020134228,10.3355704697987,-4851
143.020134228188,10.3355704697987,-4874
143.087248322148,10.3355704697987,-4900
143.154362416107,10.3355704697987,-4903
143.221476510067,10.3355704697987,-4876
143.288590604027,10.3355704697987,-4833
143.355704697987,10.3355704697987,-4814
143.422818791946,10.3355704697987,-4859
143.489932885906,10.3355704697987,-4889
143.557046979866,10.3355704697987,-4835
143.624161073825,10.3355704697987,-4825
143.691275167785,10.3355704697987,-4804
143.758389261745,10.3355704697987,-4769
143.825503355705,10.3355704697987,-4721
143.892617449664,10.3355704697987,-4684
143.959731543624,10.3355704697987,-4642
144.026845637584,10.3355704697987,-4587
144.093959731544,10.3355704697987,-4629
144.161073825503,10.3355704697987,-4583
144.228187919463,10.3355704697987,-4149
144.295302013423,10.3355704697987,-3773
144.362416107383,10.3355704697987,-3768
144.429530201342,10.3355704697987,-3819
144.496644295302,10.3355704697987,-3722
144.563758389262,10.3355704697987,-3510
144.630872483221,10.3355704697987,-3424
144.697986577181,10.3355704697987,-3240
144.765100671141,10.3355704697987,-2719
144.832214765101,10.3355704697987,-2047
144.89932885906,10.3355704697987,-1681
144.96644295302,10.3355704697987,-1561
145.03355704698,10.3355704697987,-1862
145.10067114094,10.3355704697987,-2343
145.167785234899,10.3355704697987,-2867
145.234899328859,10.3355704697987,-3166
145.302013422819,10.3355704697987,-3505
145.369127516779,10.3355704697987,-3605
145.436241610738,10.3355704697987,-3542
145.503355704698,10.3355704697987,-3468
145.570469798658,10.3355704697987,-3268
145.637583892617,10.3355704697987,-3529
145.704697986577,10.3355704697987,-4201
145.771812080537,10.3355704697987,-4603
145.838926174497,10.3355704697987,-4756
145.906040268456,10.3355704697987,-4864
145.973154362416,10.3355704697987,-4980
146.040268456376,10.3355704697987,-4985
146.107382550336,10.3355704697987,-4979
146.174496644295,10.3355704697987,-4999
146.241610738255,10.3355704697987,-5054
146.308724832215,10.3355704697987,-5111
146.375838926175,10.3355704697987,-5124
146.442953020134,10.3355704697987,-5122
146.510067114094,10.3355704697987,-5231
146.577181208054,10.3355704697987,-5408
146.644295302013,10.3355704697987,-5379
146.711409395973,10.3355704697987,-5297
146.778523489933,10.3355704697987,-5119
146.845637583893,10.3355704697987,-5075
146.912751677852,10.3355704697987,-5081
146.979865771812,10.3355704697987,-5149
147.046979865772,10.3355704697987,-5091
147.114093959732,10.3355704697987,-5014
147.181208053691,10.3355704697987,-4887
147.248322147651,10.3355704697987,-4748
147.315436241611,10.3355704697987,-4819
147.38255033557,10.3355704697987,-4873
147.44966442953,10.3355704697987,-4887
147.51677852349,10.3355704697987,-4888
147.58389261745,10.3355704697987,-4968
147.651006711409,10.3355704697987,-5150
147.718120805369,10.3355704697987,-5264
147.785234899329,10.3355704697987,-5293
147.852348993289,10.3355704697987,-5369
147.919463087248,10.3355704697987,-5384
147.986577181208,10.3355704697987,-5314
148.053691275168,10.3355704697987,-5358
148.120805369128,10.3355704697987,-5363
148.187919463087,10.3355704697987,-5224
148.255033557047,10.3355704697987,-5076
148.322147651007,10.3355704697987,-4859
148.389261744966,10.3355704697987,-4864
148.456375838926,10.3355704697987,-4996
148.523489932886,10.3355704697987,-4855
148.590604026846,10.3355704697987,-4721
148.657718120805,10.3355704697987,-4708
148.724832214765,10.3355704697987,-4735
148.791946308725,10.3355704697987,-4866
148.859060402685,10.3355704697987,-5008
148.926174496644,10.3355704697987,-5058
148.993288590604,10.3355704697987,-5300
149.060402684564,10.3355704697987,-5557
149.127516778523,10.3355704697987,-5663
149.194630872483,10.3355704697987,-5675
149.261744966443,10.3355704697987,-5685
149.328859060403,10.3355704697987,-5677
149.395973154362,10.3355704697987,-5688
149.463087248322,10.3355704697987,-5651
149.530201342282,10.3355704697987,-5661
149.597315436242,10.3355704697987,-5707
149.664429530201,10.3355704697987,-5727
149.731543624161,10.3355704697987,-5729
149.798657718121,10.3355704697987,-5756
149.865771812081,10.3355704697987,-5818
149.93288590604,10.3355704697987,-5657
150,10.3355704697987,-4538
140,10.2684563758389,-2460
140.06711409396,10.2684563758389,-1883
140.134228187919,10.2684563758389,-1270
140.201342281879,10.2684563758389,-1617
140.268456375839,10.2684563758389,-1944
140.335570469799,10.2684563758389,-1874
140.402684563758,10.2684563758389,-1980
140.469798657718,10.2684563758389,-2368
140.536912751678,10.2684563758389,-2791
140.604026845638,10.2684563758389,-3074
140.671140939597,10.2684563758389,-3232
140.738255033557,10.2684563758389,-3425
140.805369127517,10.2684563758389,-3657
140.872483221477,10.2684563758389,-3919
140.939597315436,10.2684563758389,-4030
141.006711409396,10.2684563758389,-3992
141.073825503356,10.2684563758389,-3971
141.140939597315,10.2684563758389,-4007
141.208053691275,10.2684563758389,-3968
141.275167785235,10.2684563758389,-3930
141.342281879195,10.2684563758389,-3862
141.409395973154,10.2684563758389,-3841
141.476510067114,10.2684563758389,-3847
141.543624161074,10.2684563758389,-3823
141.610738255034,10.2684563758389,-3820
141.677852348993,10.2684563758389,-3826
141.744966442953,10.2684563758389,-3837
141.812080536913,10.2684563758389,-3914
141.879194630872,10.2684563758389,-4097
141.946308724832,10.2684563758389,-4176
142.013422818792,10.2684563758389,-4209
142.080536912752,10.2684563758389,-4213
142.147651006711,10.2684563758389,-4304
142.214765100671,10.2684563758389,-4347
142.281879194631,10.2684563758389,-4467
142.348993288591,10.2684563758389,-4506
142.41610738255,10.2684563758389,-4581
142.48322147651,10.2684563758389,-4624
142.55033557047,10.2684563758389,-4655
142.61744966443,10.2684563758389,-4694
142.684563758389,10.2684563758389,-4767
142.751677852349,10.2684563758389,-4851
142.818791946309,10.2684563758389,-4848
142.885906040268,10.2684563758389,-4832
142.953020134228,10.2684563758389,-4811
143.020134228188,10.2684563758389,-4807
143.087248322148,10.2684563758389,-4846
143.154362416107,10.2684563758389,-4860
143.221476510067,10.2684563758389,-4855
143.288590604027,10.2684563758389,-4824
143.355704697987,10.2684563758389,-4779
143.422818791946,10.2684563758389,-4782
143.489932885906,10.2684563758389,-4814
143.557046979866,10.2684563758389,-4796
143.624161073825,10.2684563758389,-4739
143.691275167785,10.2684563758389,-4773
143.758389261745,10.2684563758389,-4767
143.825503355705,10.2684563758389,-4720
143.892617449664,10.2684563758389,-4676
143.959731543624,10.2684563758389,-4637
144.026845637584,10.2684563758389,-4577
144.093959731544,10.2684563758389,-4533
144.161073825503,10.2684563758389,-4448
144.228187919463,10.2684563758389,-4292
144.295302013423,10.2684563758389,-4146
144.362416107383,10.2684563758389,-4129
144.429530201342,10.2684563758389,-4157
144.496644295302,10.2684563758389,-3984
144.563758389262,10.2684563758389,-3565
144.630872483221,10.2684563758389,-3406
144.697986577181,10.2684563758389,-3253
144.765100671141,10.2684563758389,-2817
144.832214765101,10.2684563758389,-2095
144.89932885906,10.2684563758389,-1727
144.96644295302,10.2684563758389,-1851
145.03355704698,10.2684563758389,-2085
145.10067114094,10.2684563758389,-2526
145.167785234899,10.2684563758389,-2931
145.234899328859,10.2684563758389,-3258
145.302013422819,10.2684563758389,-3459
145.369127516779,10.2684563758389,-3393
145.436241610738,10.2684563758389,-3046
145.503355704698,10.2684563758389,-3002
145.570469798658,10.2684563758389,-2943
145.637583892617,10.2684563758389,-3240
145.704697986577,10.2684563758389,-3846
145.771812080537,10.2684563758389,-4466
145.838926174497,10.2684563758389,-4757
145.906040268456,10.2684563758389,-4849
145.973154362416,10.2684563758389,-4934
146.040268456376,10.2684563758389,-4960
146.107382550336,10.2684563758389,-4979
146.174496644295,10.2684563758389,-5029
146.241610738255,10.2684563758389,-5031
146.308724832215,10.2684563758389,-5045
146.375838926175,10.2684563758389,-5075
146.442953020134,10.2684563758389,-5073
146.510067114094,10.2684563758389,-5120
146.577181208054,10.2684563758389,-5188
146.644295302013,10.2684563758389,-5148
146.711409395973,10.2684563758389,-5213
146.778523489933,10.2684563758389,-5189
146.845637583893,10.2684563758389,-5086
146.912751677852,10.2684563758389,-5040
146.979865771812,10.2684563758389,-5039
147.046979865772,10.2684563758389,-5012
147.114093959732,10.2684563758389,-5076
147.181208053691,10.2684563758389,-5007
147.248322147651,10.2684563758389,-4769
147.315436241611,10.2684563758389,-4774
147.38255033557,10.2684563758389,-4827
147.44966442953,10.2684563758389,-4786
147.51677852349,10.2684563758389,-4786
147.58389261745,10.2684563758389,-4892
147.651006711409,10.2684563758389,-4990
147.718120805369,10.2684563758389,-5145
147.785234899329,10.2684563758389,-5262
147.852348993289,10.2684563758389,-5371
147.919463087248,10.2684563758389,-5381
147.986577181208,10.2684563758389,-5326
148.053691275168,10.2684563758389,-5306
148.120805369128,10.2684563758389,-5195
148.187919463087,10.2684563758389,-4762
148.255033557047,10.2684563758389,-3910
148.322147651007,10.2684563758389,-2987
148.389261744966,10.2684563758389,-3172
148.456375838926,10.2684563758389,-4256
148.523489932886,10.2684563758389,-4542
148.590604026846,10.2684563758389,-4414
148.657718120805,10.2684563758389,-4516
148.724832214765,10.2684563758389,-4579
148.791946308725,10.2684563758389,-4660
148.859060402685,10.2684563758389,-4823
148.926174496644,10.2684563758389,-4960
148.993288590604,10.2684563758389,-5300
149.060402684564,10.2684563758389,-5597
149.127516778523,10.2684563758389,-5658
149.194630872483,10.2684563758389,-5653
149.261744966443,10.2684563758389,-5663
149.328859060403,10.2684563758389,-5657
149.395973154362,10.2684563758389,-5655
149.463087248322,10.2684563758389,-5631
149.530201342282,10.2684563758389,-5656
149.597315436242,10.2684563758389,-5678
149.664429530201,10.2684563758389,-5694
149.731543624161,10.2684563758389,-5720
149.798657718121,10.2684563758389,-5745
149.865771812081,10.2684563758389,-5791
149.93288590604,10.2684563758389,-5504
150,10.2684563758389,-4854
140,10.2013422818792,-2323
140.06711409396,10.2013422818792,-2055
140.134228187919,10.2013422818792,-1335
140.201342281879,10.2013422818792,-1299
140.268456375839,10.2013422818792,-1662
140.335570469799,10.2013422818792,-1695
140.402684563758,10.2013422818792,-1645
140.469798657718,10.2013422818792,-2052
140.536912751678,10.2013422818792,-2689
140.604026845638,10.2013422818792,-3012
140.671140939597,10.2013422818792,-3243
140.738255033557,10.2013422818792,-3399
140.805369127517,10.2013422818792,-3617
140.872483221477,10.2013422818792,-3842
140.939597315436,10.2013422818792,-3940
141.006711409396,10.2013422818792,-3933
141.073825503356,10.2013422818792,-3900
141.140939597315,10.2013422818792,-3909
141.208053691275,10.2013422818792,-3878
141.275167785235,10.2013422818792,-3846
141.342281879195,10.2013422818792,-3759
141.409395973154,10.2013422818792,-3726
141.476510067114,10.2013422818792,-3810
141.543624161074,10.2013422818792,-3803
141.610738255034,10.2013422818792,-3826
141.677852348993,10.2013422818792,-3812
141.744966442953,10.2013422818792,-3815
141.812080536913,10.2013422818792,-3925
141.879194630872,10.2013422818792,-4042
141.946308724832,10.2013422818792,-4076
142.013422818792,10.2013422818792,-4054
142.080536912752,10.2013422818792,-4027
142.147651006711,10.2013422818792,-4196
142.214765100671,10.2013422818792,-4321
142.281879194631,10.2013422818792,-4403
142.348993288591,10.2013422818792,-4464
142.41610738255,10.2013422818792,-4527
142.48322147651,10.2013422818792,-4570
142.55033557047,10.2013422818792,-4637
142.61744966443,10.2013422818792,-4704
142.684563758389,10.2013422818792,-4776
142.751677852349,10.2013422818792,-4788
142.818791946309,10.2013422818792,-4791
142.885906040268,10.2013422818792,-4814
142.953020134228,10.2013422818792,-4798
143.020134228188,10.2013422818792,-4772
143.087248322148,10.2013422818792,-4801
143.154362416107,10.2013422818792,-4821
143.221476510067,10.2013422818792,-4830
143.288590604027,10.2013422818792,-4817
143.355704697987,10.2013422818792,-4781
143.422818791946,10.2013422818792,-4753
143.489932885906,10.2013422818792,-4767
143.557046979866,10.2013422818792,-4769
143.624161073825,10.2013422818792,-4745
143.691275167785,10.2013422818792,-4719
143.758389261745,10.2013422818792,-4629
143.825503355705,10.2013422818792,-4605
143.892617449664,10.2013422818792,-4595
143.959731543624,10.2013422818792,-4544
144.026845637584,10.2013422818792,-4549
144.093959731544,10.2013422818792,-4513
144.161073825503,10.2013422818792,-4418
144.228187919463,10.2013422818792,-4355
144.295302013423,10.2013422818792,-4252
144.362416107383,10.2013422818792,-4256
144.429530201342,10.2013422818792,-4245
144.496644295302,10.2013422818792,-4056
144.563758389262,10.2013422818792,-3678
144.630872483221,10.2013422818792,-3368
144.697986577181,10.2013422818792,-3259
144.765100671141,10.2013422818792,-3009
144.832214765101,10.2013422818792,-2390
144.89932885906,10.2013422818792,-1990
144.96644295302,10.2013422818792,-2158
145.03355704698,10.2013422818792,-2445
145.10067114094,10.2013422818792,-2936
145.167785234899,10.2013422818792,-3276
145.234899328859,10.2013422818792,-3452
145.302013422819,10.2013422818792,-3541
145.369127516779,10.2013422818792,-3524
145.436241610738,10.2013422818792,-3322
145.503355704698,10.2013422818792,-2947
145.570469798658,10.2013422818792,-2185
145.637583892617,10.2013422818792,-2651
145.704697986577,10.2013422818792,-3069
145.771812080537,10.2013422818792,-3820
145.838926174497,10.2013422818792,-4553
145.906040268456,10.2013422818792,-4877
145.973154362416,10.2013422818792,-5001
146.040268456376,10.2013422818792,-4971
146.107382550336,10.2013422818792,-4982
146.174496644295,10.2013422818792,-5029
146.241610738255,10.2013422818792,-5029
146.308724832215,10.2013422818792,-5018
146.375838926175,10.2013422818792,-5032
146.442953020134,10.2013422818792,-5044
146.510067114094,10.2013422818792,-5091
146.577181208054,10.2013422818792,-5109
146.644295302013,10.2013422818792,-5110
146.711409395973,10.2013422818792,-5226
146.778523489933,10.2013422818792,-5218
146.845637583893,10.2013422818792,-5088
146.912751677852,10.2013422818792,-5031
146.979865771812,10.2013422818792,-4948
147.046979865772,10.2013422818792,-4867
147.114093959732,10.2013422818792,-4944
147.181208053691,10.2013422818792,-4985
147.248322147651,10.2013422818792,-4864
147.315436241611,10.2013422818792,-4753
147.38255033557,10.2013422818792,-4694
147.44966442953,10.2013422818792,-4638
147.51677852349,10.2013422818792,-4717
147.58389261745,10.2013422818792,-4902
147.651006711409,10.2013422818792,-4959
147.718120805369,10.2013422818792,-5046
147.785234899329,10.2013422818792,-5192
147.852348993289,10.2013422818792,-5253
147.919463087248,10.2013422818792,-5294
147.986577181208,10.2013422818792,-5230
148.053691275168,10.2013422818792,-5086
148.120805369128,10.2013422818792,-4720
148.187919463087,10.2013422818792,-3678
148.255033557047,10.2013422818792,-2062
148.322147651007,10.2013422818792,-1165
148.389261744966,10.2013422818792,-2167
148.456375838926,10.2013422818792,-3788
148.523489932886,10.2013422818792,-4276
148.590604026846,10.2013422818792,-4198
148.657718120805,10.2013422818792,-4278
148.724832214765,10.2013422818792,-4466
148.791946308725,10.2013422818792,-4597
148.859060402685,10.2013422818792,-4817
148.926174496644,10.2013422818792,-5110
148.993288590604,10.2013422818792,-5406
149.060402684564,10.2013422818792,-5604
149.127516778523,10.2013422818792,-5603
149.194630872483,10.2013422818792,-5614
149.261744966443,10.2013422818792,-5634
149.328859060403,10.2013422818792,-5639
149.395973154362,10.2013422818792,-5639
149.463087248322,10.2013422818792,-5651
149.530201342282,10.2013422818792,-5661
149.597315436242,10.2013422818792,-5662
149.664429530201,10.2013422818792,-5675
149.731543624161,10.2013422818792,-5692
149.798657718121,10.2013422818792,-5721
149.865771812081,10.2013422818792,-5781
149.93288590604,10.2013422818792,-5738
150,10.2013422818792,-5626
140,10.1342281879195,-2379
140.06711409396,10.1342281879195,-2210
140.134228187919,10.1342281879195,-1446
140.201342281879,10.1342281879195,-1134
140.268456375839,10.1342281879195,-1611
140.335570469799,10.1342281879195,-1771
140.402684563758,10.1342281879195,-1619
140.469798657718,10.1342281879195,-2023
140.536912751678,10.1342281879195,-2565
140.604026845638,10.1342281879195,-3020
140.671140939597,10.1342281879195,-3353
140.738255033557,10.1342281879195,-3356
140.805369127517,10.1342281879195,-3585
140.872483221477,10.1342281879195,-3779
140.939597315436,10.1342281879195,-3762
141.006711409396,10.1342281879195,-3784
141.073825503356,10.1342281879195,-3819
141.140939597315,10.1342281879195,-3851
141.208053691275,10.1342281879195,-3822
141.275167785235,10.1342281879195,-3773
141.342281879195,10.1342281879195,-3718
141.409395973154,10.1342281879195,-3700
141.476510067114,10.1342281879195,-3759
141.543624161074,10.1342281879195,-3754
141.610738255034,10.1342281879195,-3857
141.677852348993,10.1342281879195,-3817
141.744966442953,10.1342281879195,-3764
141.812080536913,10.1342281879195,-3941
141.879194630872,10.1342281879195,-4006
141.946308724832,10.1342281879195,-3958
142.013422818792,10.1342281879195,-3980
142.080536912752,10.1342281879195,-4106
142.147651006711,10.1342281879195,-4221
142.214765100671,10.1342281879195,-4304
142.281879194631,10.1342281879195,-4362
142.348993288591,10.1342281879195,-4414
142.41610738255,10.1342281879195,-4484
142.48322147651,10.1342281879195,-4525
142.55033557047,10.1342281879195,-4544
142.61744966443,10.1342281879195,-4650
142.684563758389,10.1342281879195,-4720
142.751677852349,10.1342281879195,-4653
142.818791946309,10.1342281879195,-4654
142.885906040268,10.1342281879195,-4775
142.953020134228,10.1342281879195,-4792
143.020134228188,10.1342281879195,-4772
143.087248322148,10.1342281879195,-4773
143.154362416107,10.1342281879195,-4793
143.221476510067,10.1342281879195,-4808
143.288590604027,10.1342281879195,-4817
143.355704697987,10.1342281879195,-4782
143.422818791946,10.1342281879195,-4746
143.489932885906,10.1342281879195,-4744
143.557046979866,10.1342281879195,-4783
143.624161073825,10.1342281879195,-4822
143.691275167785,10.1342281879195,-4662
143.758389261745,10.1342281879195,-4563
143.825503355705,10.1342281879195,-4559
143.892617449664,10.1342281879195,-4553
143.959731543624,10.1342281879195,-4506
144.026845637584,10.1342281879195,-4487
144.093959731544,10.1342281879195,-4510
144.161073825503,10.1342281879195,-4505
144.228187919463,10.1342281879195,-4399
144.295302013423,10.1342281879195,-4146
144.362416107383,10.1342281879195,-4002
144.429530201342,10.1342281879195,-3938
144.496644295302,10.1342281879195,-3843
144.563758389262,10.1342281879195,-3598
144.630872483221,10.1342281879195,-3281
144.697986577181,10.1342281879195,-3033
144.765100671141,10.1342281879195,-2871
144.832214765101,10.1342281879195,-2550
144.89932885906,10.1342281879195,-2191
144.96644295302,10.1342281879195,-2149
145.03355704698,10.1342281879195,-2184
145.10067114094,10.1342281879195,-2503
145.167785234899,10.1342281879195,-2905
145.234899328859,10.1342281879195,-3289
145.302013422819,10.1342281879195,-3567
145.369127516779,10.1342281879195,-3897
145.436241610738,10.1342281879195,-3944
145.503355704698,10.1342281879195,-3445
145.570469798658,10.1342281879195,-2362
145.637583892617,10.1342281879195,-2061
145.704697986577,10.1342281879195,-2923
145.771812080537,10.1342281879195,-3565
145.838926174497,10.1342281879195,-4209
145.906040268456,10.1342281879195,-4687
145.973154362416,10.1342281879195,-4924
146.040268456376,10.1342281879195,-4981
146.107382550336,10.1342281879195,-5023
146.174496644295,10.1342281879195,-5048
146.241610738255,10.1342281879195,-5024
146.308724832215,10.1342281879195,-5045
146.375838926175,10.1342281879195,-5107
146.442953020134,10.1342281879195,-5099
146.510067114094,10.1342281879195,-5115
146.577181208054,10.1342281879195,-5122
146.644295302013,10.1342281879195,-5174
146.711409395973,10.1342281879195,-5285
146.778523489933,10.1342281879195,-5232
146.845637583893,10.1342281879195,-5117
146.912751677852,10.1342281879195,-5084
146.979865771812,10.1342281879195,-4970
147.046979865772,10.1342281879195,-4832
147.114093959732,10.1342281879195,-4827
147.181208053691,10.1342281879195,-4875
147.248322147651,10.1342281879195,-4922
147.315436241611,10.1342281879195,-4818
147.38255033557,10.1342281879195,-4718
147.44966442953,10.1342281879195,-4704
147.51677852349,10.1342281879195,-4764
147.58389261745,10.1342281879195,-4889
147.651006711409,10.1342281879195,-4925
147.718120805369,10.1342281879195,-4953
147.785234899329,10.1342281879195,-5061
147.852348993289,10.1342281879195,-5165
147.919463087248,10.1342281879195,-5241
147.986577181208,10.1342281879195,-5228
148.053691275168,10.1342281879195,-4932
148.120805369128,10.1342281879195,-4020
148.187919463087,10.1342281879195,-2199
148.255033557047,10.1342281879195,-752
148.322147651007,10.1342281879195,-994
148.389261744966,10.1342281879195,-2604
148.456375838926,10.1342281879195,-3818
148.523489932886,10.1342281879195,-3912
148.590604026846,10.1342281879195,-3802
148.657718120805,10.1342281879195,-4080
148.724832214765,10.1342281879195,-4512
148.791946308725,10.1342281879195,-4802
148.859060402685,10.1342281879195,-5092
148.926174496644,10.1342281879195,-5402
148.993288590604,10.1342281879195,-5549
149.060402684564,10.1342281879195,-5629
149.127516778523,10.1342281879195,-5582
149.194630872483,10.1342281879195,-5590
149.261744966443,10.1342281879195,-5612
149.328859060403,10.1342281879195,-5609
149.395973154362,10.1342281879195,-5596
149.463087248322,10.1342281879195,-5621
149.530201342282,10.1342281879195,-5644
149.597315436242,10.1342281879195,-5658
149.664429530201,10.1342281879195,-5675
149.731543624161,10.1342281879195,-5681
149.798657718121,10.1342281879195,-5743
149.865771812081,10.1342281879195,-5823
149.93288590604,10.1342281879195,-5775
150,10.1342281879195,-5732
140,10.0671140939597,-2461
140.06711409396,10.0671140939597,-2326
140.134228187919,10.0671140939597,-1654
140.201342281879,10.0671140939597,-1437
140.268456375839,10.0671140939597,-1793
140.335570469799,10.0671140939597,-1745
140.402684563758,10.0671140939597,-1614
140.469798657718,10.0671140939597,-1832
140.536912751678,10.0671140939597,-2247
140.604026845638,10.0671140939597,-2856
140.671140939597,10.0671140939597,-3242
140.738255033557,10.0671140939597,-3264
140.805369127517,10.0671140939597,-3455
140.872483221477,10.0671140939597,-3610
140.939597315436,10.0671140939597,-3643
141.006711409396,10.0671140939597,-3666
141.073825503356,10.0671140939597,-3666
141.140939597315,10.0671140939597,-3588
141.208053691275,10.0671140939597,-3588
141.275167785235,10.0671140939597,-3598
141.342281879195,10.0671140939597,-3599
141.409395973154,10.0671140939597,-3597
141.476510067114,10.0671140939597,-3590
141.543624161074,10.0671140939597,-3563
141.610738255034,10.0671140939597,-3682
141.677852348993,10.0671140939597,-3681
141.744966442953,10.0671140939597,-3664
141.812080536913,10.0671140939597,-3865
141.879194630872,10.0671140939597,-3917
141.946308724832,10.0671140939597,-3927
142.013422818792,10.0671140939597,-3957
142.080536912752,10.0671140939597,-4047
142.147651006711,10.0671140939597,-4197
142.214765100671,10.0671140939597,-4276
142.281879194631,10.0671140939597,-4336
142.348993288591,10.0671140939597,-4376
142.41610738255,10.0671140939597,-4466
142.48322147651,10.0671140939597,-4507
142.55033557047,10.0671140939597,-4478
142.61744966443,10.0671140939597,-4555
142.684563758389,10.0671140939597,-4685
142.751677852349,10.0671140939597,-4675
142.818791946309,10.0671140939597,-4681
142.885906040268,10.0671140939597,-4742
142.953020134228,10.0671140939597,-4783
143.020134228188,10.0671140939597,-4772
143.087248322148,10.0671140939597,-4755
143.154362416107,10.0671140939597,-4762
143.221476510067,10.0671140939597,-4781
143.288590604027,10.0671140939597,-4834
143.355704697987,10.0671140939597,-4800
143.422818791946,10.0671140939597,-4770
143.489932885906,10.0671140939597,-4764
143.557046979866,10.0671140939597,-4767
143.624161073825,10.0671140939597,-4764
143.691275167785,10.0671140939597,-4612
143.758389261745,10.0671140939597,-4598
143.825503355705,10.0671140939597,-4615
143.892617449664,10.0671140939597,-4583
143.959731543624,10.0671140939597,-4574
144.026845637584,10.0671140939597,-4521
144.093959731544,10.0671140939597,-4509
144.161073825503,10.0671140939597,-4496
144.228187919463,10.0671140939597,-4355
144.295302013423,10.0671140939597,-3909
144.362416107383,10.0671140939597,-3354
144.429530201342,10.0671140939597,-3230
144.496644295302,10.0671140939597,-3604
144.563758389262,10.0671140939597,-3571
144.630872483221,10.0671140939597,-3261
144.697986577181,10.0671140939597,-2851
144.765100671141,10.0671140939597,-2681
144.832214765101,10.0671140939597,-2496
144.89932885906,10.0671140939597,-2297
144.96644295302,10.0671140939597,-2068
145.03355704698,10.0671140939597,-1825
145.10067114094,10.0671140939597,-2163
145.167785234899,10.0671140939597,-2551
145.234899328859,10.0671140939597,-2962
145.302013422819,10.0671140939597,-3515
145.369127516779,10.0671140939597,-3977
145.436241610738,10.0671140939597,-4155
145.503355704698,10.0671140939597,-3940
145.570469798658,10.0671140939597,-3128
145.637583892617,10.0671140939597,-1970
145.704697986577,10.0671140939597,-2786
145.771812080537,10.0671140939597,-3381
145.838926174497,10.0671140939597,-3782
145.906040268456,10.0671140939597,-4379
145.973154362416,10.0671140939597,-4764
146.040268456376,10.0671140939597,-4875
146.107382550336,10.0671140939597,-4986
146.174496644295,10.0671140939597,-5019
146.241610738255,10.0671140939597,-5016
146.308724832215,10.0671140939597,-5052
146.375838926175,10.0671140939597,-5118
146.442953020134,10.0671140939597,-5139
146.510067114094,10.0671140939597,-5165
146.577181208054,10.0671140939597,-5169
146.644295302013,10.0671140939597,-5166
146.711409395973,10.0671140939597,-5210
146.778523489933,10.0671140939597,-5194
146.845637583893,10.0671140939597,-5099
146.912751677852,10.0671140939597,-5110
146.979865771812,10.0671140939597,-5110
147.046979865772,10.0671140939597,-5021
147.114093959732,10.0671140939597,-4961
147.181208053691,10.0671140939597,-4931
147.248322147651,10.0671140939597,-4999
147.315436241611,10.0671140939597,-4971
147.38255033557,10.0671140939597,-4839
147.44966442953,10.0671140939597,-4733
147.51677852349,10.0671140939597,-4701
147.58389261745,10.0671140939597,-4741
147.651006711409,10.0671140939597,-4787
147.718120805369,10.0671140939597,-4846
147.785234899329,10.0671140939597,-4921
147.852348993289,10.0671140939597,-5032
147.919463087248,10.0671140939597,-5087
147.986577181208,10.0671140939597,-5045
148.053691275168,10.0671140939597,-4910
148.120805369128,10.0671140939597,-4156
148.187919463087,10.0671140939597,-2594
148.255033557047,10.0671140939597,-1615
148.322147651007,10.0671140939597,-2165
148.389261744966,10.0671140939597,-3165
148.456375838926,10.0671140939597,-3569
148.523489932886,10.0671140939597,-3530
148.590604026846,10.0671140939597,-3594
148.657718120805,10.0671140939597,-4076
148.724832214765,10.0671140939597,-4632
148.791946308725,10.0671140939597,-4905
148.859060402685,10.0671140939597,-5201
148.926174496644,10.0671140939597,-5457
148.993288590604,10.0671140939597,-5547
149.060402684564,10.0671140939597,-5556
149.127516778523,10.0671140939597,-5543
149.194630872483,10.0671140939597,-5555
149.261744966443,10.0671140939597,-5579
149.328859060403,10.0671140939597,-5580
149.395973154362,10.0671140939597,-5565
149.463087248322,10.0671140939597,-5587
149.530201342282,10.0671140939597,-5633
149.597315436242,10.0671140939597,-5649
149.664429530201,10.0671140939597,-5658
149.731543624161,10.0671140939597,-5674
149.798657718121,10.0671140939597,-5728
149.865771812081,10.0671140939597,-5744
149.93288590604,10.0671140939597,-5606
150,10.0671140939597,-5638
140,10,-2432
140.06711409396,10,-2356
140.134228187919,10,-1853
140.201342281879,10,-1643
140.268456375839,10,-1749
140.335570469799,10,-1603
140.402684563758,10,-1493
140.469798657718,10,-1458
140.536912751678,10,-1769
140.604026845638,10,-2391
140.671140939597,10,-2861
140.738255033557,10,-3067
140.805369127517,10,-3272
140.872483221477,10,-3379
140.939597315436,10,-3544
141.006711409396,10,-3519
141.073825503356,10,-3476
141.140939597315,10,-3389
141.208053691275,10,-3329
141.275167785235,10,-3255
141.342281879195,10,-3296
141.409395973154,10,-3448
141.476510067114,10,-3404
141.543624161074,10,-3355
141.610738255034,10,-3430
141.677852348993,10,-3475
141.744966442953,10,-3536
141.812080536913,10,-3752
141.879194630872,10,-3855
141.946308724832,10,-3902
142.013422818792,10,-3957
142.080536912752,10,-4015
142.147651006711,10,-4097
142.214765100671,10,-4204
142.281879194631,10,-4308
142.348993288591,10,-4365
142.41610738255,10,-4445
142.48322147651,10,-4472
142.55033557047,10,-4514
142.61744966443,10,-4545
142.684563758389,10,-4635
142.751677852349,10,-4662
142.818791946309,10,-4732
142.885906040268,10,-4772
142.953020134228,10,-4797
143.020134228188,10,-4778
143.087248322148,10,-4771
143.154362416107,10,-4767
143.221476510067,10,-4769
143.288590604027,10,-4813
143.355704697987,10,-4868
143.422818791946,10,-4795
143.489932885906,10,-4757
143.557046979866,10,-4731
143.624161073825,10,-4709
143.691275167785,10,-4668
143.758389261745,10,-4670
143.825503355705,10,-4658
143.892617449664,10,-4619
143.959731543624,10,-4574
144.026845637584,10,-4524
144.093959731544,10,-4472
144.161073825503,10,-4459
144.228187919463,10,-4410
144.295302013423,10,-4009
144.362416107383,10,-3551
144.429530201342,10,-3593
144.496644295302,10,-3888
144.563758389262,10,-3504
144.630872483221,10,-3148
144.697986577181,10,-2867
144.765100671141,10,-2608
144.832214765101,10,-2433
144.89932885906,10,-2253
144.96644295302,10,-2127
145.03355704698,10,-1979
145.10067114094,10,-2126
145.167785234899,10,-2377
145.234899328859,10,-2865
145.302013422819,10,-3539
145.369127516779,10,-4010
145.436241610738,10,-4183
145.503355704698,10,-4166
145.570469798658,10,-3633
145.637583892617,10,-2670
145.704697986577,10,-2915
145.771812080537,10,-3362
145.838926174497,10,-3618
145.906040268456,10,-4113
145.973154362416,10,-4433
146.040268456376,10,-4515
146.107382550336,10,-4813
146.174496644295,10,-4990
146.241610738255,10,-5022
146.308724832215,10,-5050
146.375838926175,10,-5001
146.442953020134,10,-5100
146.510067114094,10,-5188
146.577181208054,10,-5170
146.644295302013,10,-5166
146.711409395973,10,-5124
146.778523489933,10,-4905
146.845637583893,10,-4547
146.912751677852,10,-4473
146.979865771812,10,-4782
147.046979865772,10,-4967
147.114093959732,10,-5108
147.181208053691,10,-5085
147.248322147651,10,-5052
147.315436241611,10,-5002
147.38255033557,10,-4875
147.44966442953,10,-4745
147.51677852349,10,-4636
147.58389261745,10,-4600
147.651006711409,10,-4663
147.718120805369,10,-4758
147.785234899329,10,-4785
147.852348993289,10,-4870
147.919463087248,10,-4855
147.986577181208,10,-4756
148.053691275168,10,-4711
148.120805369128,10,-4327
148.187919463087,10,-3385
148.255033557047,10,-2638
148.322147651007,10,-2875
148.389261744966,10,-3186
148.456375838926,10,-3240
148.523489932886,10,-3418
148.590604026846,10,-3779
148.657718120805,10,-4190
148.724832214765,10,-4637
148.791946308725,10,-5034
148.859060402685,10,-5323
148.926174496644,10,-5481
148.993288590604,10,-5506
149.060402684564,10,-5503
149.127516778523,10,-5510
149.194630872483,10,-5532
149.261744966443,10,-5531
149.328859060403,10,-5546
149.395973154362,10,-5582
149.463087248322,10,-5573
149.530201342282,10,-5615
149.597315436242,10,-5673
149.664429530201,10,-5657
149.731543624161,10,-5590
149.798657718121,10,-5572
149.865771812081,10,-5582
149.93288590604,10,-5559
150,10,-5649
